{
	"reactNative.description": "React Native için hata ayıklama ve tümleşik komutlar",
	"reactNative.license": "LICENSE.txt DOSYASINDAKİ LİSANSA BAKIN",
	"reactNative.command.runAndroidSimulator.title": "Android'i Öykünücüde Çalıştır",
	"reactNative.command.runAndroidDevice.title": "Android'i Cihazda Çalıştır",
	"reactNative.command.runIosSimulator.title": "iOS'u Simülatörde Çalıştır",
	"reactNative.command.runIosDevice.title": "iOS'u Cihazda Çalıştır",
	"reactNative.command.runExponent.title": "Expo'yu çalıştır",
	"reactNative.command.startPackager.title": "Paketleyiciyi Başlat",
	"reactNative.command.stopPackager.title": "Paketleyiciyi Durdur",
	"reactNative.command.restartPackager.title": "Paketleyiciyi Yeniden Başlat",
	"reactNative.command.publishToExpHost.title": "Expo'ya yayımla",
	"reactNative.command.showDevMenu.title": "Geliştirici Menüsünü Göster",
	"reactNative.command.reloadApp.title": "Uygulamayı Yeniden Yükle",
	"reactNative.command.runInspector.title": "Öğe Denetçisini Çalıştır",
	"reactNative.snippets.debugAndroid.description": "Android'de react-native uygulamasını başlatmak için yeni bir yapılandırma",
	"reactNative.snippets.debugiOS.description": "iOS'ta react-native uygulamasını başlatmak için yeni bir yapılandırma",
	"reactNative.snippets.attachPackager.description": "Paketleyiciye eklemek için yeni bir yapılandırma",
	"reactNative.snippets.debugExpo.description": "Expo uygulamasını başlatmak için yeni bir yapılandırma",
	"reactNative.attach.program.description": "[KULLANIM DIŞI. BUNUN YERİNE cwd KULLANIN] launchReactNative.js dosyasının vscode klasöründeki yolu",
	"reactNative.attach.cwd.description": "Proje kök klasörünün yolu",
	"reactNative.attach.sourceMaps.description": "Oluşturulan paket gruplu kodu özgün kaynaklarına geri eşlemek için JavaScript kaynak eşlemelerinin kullanılıp kullanılmayacağı",
	"reactNative.attach.sourceMapsPathOverrides.description": "Kaynak dosyalarının konumlarını yeniden yazmak için, kaynak eşlemesinde belirtilen konumlardan dosyaların diskteki konumlarına yönelik bir dizi eşleme. Ayrıntılı bilgi için bkz. https://github.com/microsoft/vscode-react-native/blob/master/doc/debugging.md#debugging-with-typescript-and-haul",
	"reactNative.attach.trace.description": "Hata ayıklayıcısı işleminde günlüğe kaydetme düzeyi. Tanılama için kullanışlı olabilir. \"Trace\" olarak ayarlanırsa tüm hata ayıklayıcısı işlem günlükleri 'Hata Ayıklama Konsolu' çıkış penceresinde kullanılabilir.",
	"reactNative.attach.address.description": "Hata ayıklama için eklenecek paketleyicinin TCP/IP adresi. Varsayılan: 'localhost'.",
	"reactNative.attach.port.description": "Hata ayıklama için eklenecek paketleyicinin bağlantı noktası. Varsayılan: 8081.",
	"reactNative.attach.remoteRoot.description": "Uzak ana bilgisayarın kaynak kökü.",
	"reactNative.attach.localRoot.description": "'remoteRoot' öğesine karşılık gelen yerel kaynak kökü.",
	"reactNative.attach.skipFiles.description": "Hata ayıklama sırasında atlanacak dosya veya klasör adları ya da glob desenleri dizisi.",
	"reactNative.attach.debuggerWorkerUrlPath.description": "Geçersiz kılınacak uygulama hata ayıklayıcısı çalışanının yolu. Örneğin, hata ayıklayıcısı http://localhost:8081/debugger-ui/debuggerWorker.js öğesine eklemeye çalışırsa ve paketleyici çıkışından 404 hatası alırsanız, debuggerWorkerUrlPath değerini paketleyiciniz için uygun olan başka bir değerle değiştirmeniz faydalı olabilir (\"debugger-ui\" sağladığınız değerle değiştirilir).",
	"reactNative.launch.platform.description": "Hedeflenecek platform. Olası değerler: 'android', 'ios', 'exponent', 'windows', 'wpf'",
	"reactNative.launch.program.description": "[KULLANIM DIŞI. BUNUN YERİNE cwd KULLANIN] launchReactNative.js dosyasının vscode klasöründeki yolu",
	"reactNative.launch.cwd.description": "Proje kök klasörünün yolu",
	"reactNative.launch.target.description": "Hangi hedefte çalıştırılacağı. Olası değerler: 'simulator', 'device', <Android öykünücü/cihaz kimliği>', '<iOS simulatör/cihaz adı>'",
	"reactNative.launch.sourceMaps.description": "Oluşturulan paket gruplu kodu özgün kaynaklarına geri eşlemek için JavaScript kaynak eşlemelerinin kullanılıp kullanılmayacağı",
	"reactNative.launch.logCatArguments.description": "LogCat için kullanılacak bağımsız değişkenler (LogCat çıkışı, Çıkış Kanalı'nda görünür). Bu, şöyle bir dizi olabilir: [\":S\", \"ReactNative:V\", \"ReactNativeJS:V\"]",
	"reactNative.launch.outDir.description": "Oluşturulan JavaScript kodunun (paket grubu dosyası) konumu. Normalde şu şekilde olmalıdır: \"${workspaceRoot}/.vscode/.react\"",
	"reactNative.launch.runArguments.description": "'react-native run-<platform>' komutuna geçirilecek çalıştırma bağımsız değişkenleri (diğer tüm yapılandırma parametrelerini geçersiz kılar)",
	"reactNative.launch.env.description": "Hata ayıklayıcısına ve 'react-native run-<platform>' komutuna geçirilen ortam değişkenleri.",
	"reactNative.launch.envFile.description": "Ortam değişkeni tanımlarını içeren bir dosyanın mutlak yolu.",
	"reactNative.launch.variant.description": "'react-native run-android' komutuna geçirilecek varyant. Ör. '--variant=devDebug' belirtmek için 'devDebug'",
	"reactNative.launch.scheme.description": "'react-native run-ios' komutuna geçirilecek düzen adı. Ör. '--scheme=devDebug' belirtmek için 'devDebug'",
	"reactNative.launch.productName.description": "iOS paketi görünen adı. Örneğin, 'HarikaProje' değeri, uzantının 'HarikaProje.app' paketini arayacağı anlamına gelir",
	"reactNative.launch.skipFiles.description": "Hata ayıklama sırasında atlanacak dosya veya klasör adları ya da glob desenleri dizisi.",
	"reactNative.launch.trace.description": "Hata ayıklayıcısı işleminde günlüğe kaydetme düzeyi. Tanılama için kullanışlı olabilir. \"Trace\" olarak ayarlanırsa tüm hata ayıklayıcısı işlem günlükleri 'Hata Ayıklama Konsolu' çıkış penceresinde kullanılabilir.",
	"reactNative.launch.debuggerWorkerUrlPath.description": "Geçersiz kılınacak uygulama hata ayıklayıcısı çalışanının yolu. Örneğin, hata ayıklayıcısı http://localhost:8081/debugger-ui/debuggerWorker.js öğesine eklemeye çalışırsa ve paketleyici çıkışından 404 hatası alırsanız, debuggerWorkerUrlPath değerini paketleyiciniz için uygun olan başka bir değerle değiştirmeniz faydalı olabilir (\"debugger-ui\" sağladığınız değerle değiştirilir).",
	"reactNative.configuration.title": "React-Native yapılandırması",
	"reactNative.configuration.properties.react-native.ios.runArguments.simulator.description": "'react-native run-ios' komutuna geçirilecek çalıştırma bağımsız değişkenleri",
	"reactNative.configuration.properties.react-native.ios.runArguments.device.description": "'react-native run-ios' komutuna geçirilecek çalıştırma bağımsız değişkenleri",
	"reactNative.configuration.properties.react-native.ios.env.simulator.description": "Programa geçirilen ortam değişkenleri.",
	"reactNative.configuration.properties.react-native.ios.env.device.description": "Programa geçirilen ortam değişkenleri.",
	"reactNative.configuration.properties.react-native.ios.envFile.simulator.description": "Ortam değişkeni tanımlarını içeren bir dosyanın mutlak yolu.",
	"reactNative.configuration.properties.react-native.ios.envFile.device.description": "Ortam değişkeni tanımlarını içeren bir dosyanın mutlak yolu.",
	"reactNative.configuration.properties.react-native.android.runArguments.simulator.description": "'react-native run-android' komutuna geçirilecek çalıştırma bağımsız değişkenleri",
	"reactNative.configuration.properties.react-native.android.runArguments.device.description": "'react-native run-android' komutuna geçirilecek çalıştırma bağımsız değişkenleri",
	"reactNative.configuration.properties.react-native.android.env.simulator.description": "Programa geçirilen ortam değişkenleri.",
	"reactNative.configuration.properties.react-native.android.env.device.description": "Programa geçirilen ortam değişkenleri.",
	"reactNative.configuration.properties.react-native.android.envFile.simulator.description": "Ortam değişkeni tanımlarını içeren bir dosyanın mutlak yolu.",
	"reactNative.configuration.properties.react-native.android.envFile.device.description": "Ortam değişkeni tanımlarını içeren bir dosyanın mutlak yolu.",
	"reactNative.configuration.properties.react-native.packager.port.description": "React-native paketleyicisi bağlantı noktası",
	"reactNative.configuration.properties.react-native-tools.projectRoot.description": "react-native projesinin bulunduğu alt klasör",
	"reactNative.configuration.properties.react-native-tools.logLevel.description": "Uzantıdaki günlük kaydı düzeyi"
}