{
	"reactNative.description": "Отладка и встроенные команды для React Native",
	"reactNative.license": "См. условия лицензии в файле LICENSE.txt",
	"reactNative.command.runAndroidSimulator.title": "Запустить Android в эмуляторе",
	"reactNative.command.runAndroidDevice.title": "Запустить Android на устройстве",
	"reactNative.command.runIosSimulator.title": "Запустить iOS в симуляторе",
	"reactNative.command.runIosDevice.title": "Запустить iOS на устройстве",
	"reactNative.command.runExponent.title": "Запуск Expo",
	"reactNative.command.startPackager.title": "Запустить упаковщик",
	"reactNative.command.stopPackager.title": "Остановить упаковщик",
	"reactNative.command.restartPackager.title": "Перезапустить упаковщик",
	"reactNative.command.publishToExpHost.title": "Публикация в Expo",
	"reactNative.command.showDevMenu.title": "Показать меню разработки",
	"reactNative.command.reloadApp.title": "Перезагрузить приложение",
	"reactNative.command.runInspector.title": "Запустить инспектор элементов",
	"reactNative.snippets.debugAndroid.description": "Новая конфигурация для запуска приложения react-native на Android",
	"reactNative.snippets.debugiOS.description": "Новая конфигурация для запуска приложения react-native на iOS",
	"reactNative.snippets.attachPackager.description": "Новая конфигурация для подключения к упаковщику",
	"reactNative.snippets.debugExpo.description": "Новая конфигурация для запуска приложения Expo",
	"reactNative.attach.program.description": "[Устарело. Используйте cwd] Путь к launchReactNative.js в папке vscode",
	"reactNative.attach.cwd.description": "Путь к корневой папке проекта",
	"reactNative.attach.sourceMaps.description": "Следует ли использовать сопоставители с исходным кодом JavaScript, чтобы сопоставить сформированный пакетный код обратно с исходными источниками",
	"reactNative.attach.sourceMapsPathOverrides.description": "Набор сопоставлений для перезаписи расположений исходных файлов из указанных в сопоставителе с исходным кодом на реальные расположения на диске. Дополнительные сведения: https://github.com/microsoft/vscode-react-native/blob/master/doc/debugging.md#debugging-with-typescript-and-haul.",
	"reactNative.attach.trace.description": "Уровень ведения журнала в процессе отладчика. Может быть полезно для диагностики. Если задано значение \"Trace\", все журналы процесса отладчика будут доступны в окне вывода \"Консоль отладки\".",
	"reactNative.attach.address.description": "Адрес TCP/IP упаковщика, к которому нужно подключиться для отладки. Значение по умолчанию — \"localhost\".",
	"reactNative.attach.port.description": "Порт упаковщика, к которому нужно подключиться для отладки. Значение по умолчанию — 8081.",
	"reactNative.attach.remoteRoot.description": "Корень источника удаленного узла.",
	"reactNative.attach.localRoot.description": "Корень локального источника, соответствующий \"remoteRoot\".",
	"reactNative.attach.skipFiles.description": "Массив имен файлов или папок либо стандартных масок для пропуска при отладке.",
	"reactNative.attach.debuggerWorkerUrlPath.description": "Путь к рабочей роли отладчика приложения, которую необходимо переопределить. Например, если при попытке подключения отладчика по адресу http://localhost:8081/debugger-ui/debuggerWorker.js в выходных данных упаковщика появляется ошибка 404, измените значение параметра debuggerWorkerUrlPath на другое значение, подходящее для вашего упаковщика (\"debugger-ui\" будет заменено указанным значением).",
	"reactNative.launch.platform.description": "Целевая платформа. Возможные значения: \"android\", \"ios\", \"exponent\", \"windows\", \"wpf\"",
	"reactNative.launch.program.description": "[Устарело. Используйте cwd] Путь к launchReactNative.js в папке vscode",
	"reactNative.launch.cwd.description": "Путь к корневой папке проекта",
	"reactNative.launch.target.description": "Целевой объект для запуска. Возможные значения: \"simulator\", \"device\", \"<Android emulator/device id>\", \"<iOS simulator/device name>\"",
	"reactNative.launch.sourceMaps.description": "Следует ли использовать сопоставители с исходным кодом JavaScript, чтобы сопоставить сформированный пакетный код обратно с исходными источниками",
	"reactNative.launch.logCatArguments.description": "Аргументы, используемые для LogCat (выходные данные LogCat отобразятся в канале вывода). Это может быть массив, например, [\":S\", \"ReactNative:V\", \"ReactNativeJS:V\"]",
	"reactNative.launch.outDir.description": "Расположение сформированного кода JavaScript (файл пакета). Обычно это \"${workspaceRoot}/.vscode/.react\"",
	"reactNative.launch.runArguments.description": "Аргументы запуска, передаваемые в команду \"react-native run-<platform>\" (с переопределением всех остальных параметров конфигурации)",
	"reactNative.launch.env.description": "Переменные среды, передаваемые отладчику и команде \"react-native run-<platform>\".",
	"reactNative.launch.envFile.description": "Абсолютный путь к файлу, содержащему определения переменных среды.",
	"reactNative.launch.variant.description": "Вариант, передаваемый в \"react-native run-android\", например, \"devDebug\" для указания \"--variant=devDebug\"",
	"reactNative.launch.scheme.description": "Имя схемы, передаваемое в команду \"react-native run-ios\", например, \"devDebug\" для указания \"--scheme=devDebug\"",
	"reactNative.launch.productName.description": "Отображаемое имя пакета iOS. Например, значение \"AwesomeProject\" означает, что расширение будет искать пакет \"AwesomeProject.app\"",
	"reactNative.launch.skipFiles.description": "Массив имен файлов или папок либо стандартных масок для пропуска при отладке.",
	"reactNative.launch.trace.description": "Уровень ведения журнала в процессе отладчика. Может быть полезно для диагностики. Если задано значение \"Trace\", все журналы процесса отладчика будут доступны в окне вывода \"Консоль отладки\".",
	"reactNative.launch.debuggerWorkerUrlPath.description": "Путь к рабочей роли отладчика приложения, которую необходимо переопределить. Например, если при попытке подключения отладчика по адресу http://localhost:8081/debugger-ui/debuggerWorker.js в выходных данных упаковщика появляется ошибка 404, измените значение параметра debuggerWorkerUrlPath на другое значение, подходящее для вашего упаковщика (\"debugger-ui\" будет заменено указанным значением).",
	"reactNative.configuration.title": "Конфигурация React-Native",
	"reactNative.configuration.properties.react-native.ios.runArguments.simulator.description": "Аргументы запуска, передаваемые в команду \"react-native run-ios\"",
	"reactNative.configuration.properties.react-native.ios.runArguments.device.description": "Аргументы запуска, передаваемые в команду \"react-native run-ios\"",
	"reactNative.configuration.properties.react-native.ios.env.simulator.description": "Переменные среды, переданные в программу.",
	"reactNative.configuration.properties.react-native.ios.env.device.description": "Переменные среды, переданные в программу.",
	"reactNative.configuration.properties.react-native.ios.envFile.simulator.description": "Абсолютный путь к файлу, содержащему определения переменных среды.",
	"reactNative.configuration.properties.react-native.ios.envFile.device.description": "Абсолютный путь к файлу, содержащему определения переменных среды.",
	"reactNative.configuration.properties.react-native.android.runArguments.simulator.description": "Аргументы запуска, передаваемые в команду \"react-native run-android\"",
	"reactNative.configuration.properties.react-native.android.runArguments.device.description": "Аргументы запуска, передаваемые в команду \"react-native run-android\"",
	"reactNative.configuration.properties.react-native.android.env.simulator.description": "Переменные среды, переданные в программу.",
	"reactNative.configuration.properties.react-native.android.env.device.description": "Переменные среды, переданные в программу.",
	"reactNative.configuration.properties.react-native.android.envFile.simulator.description": "Абсолютный путь к файлу, содержащему определения переменных среды.",
	"reactNative.configuration.properties.react-native.android.envFile.device.description": "Абсолютный путь к файлу, содержащему определения переменных среды.",
	"reactNative.configuration.properties.react-native.packager.port.description": "Порт упаковщика react-native",
	"reactNative.configuration.properties.react-native-tools.projectRoot.description": "Вложенная папка, где находится проект react-native",
	"reactNative.configuration.properties.react-native-tools.logLevel.description": "Уровень ведения журнала в расширении"
}