{
	"reactNative.description": "Comandos integrados e de depuração do React Native",
	"reactNative.license": "CONFIRA A LICENÇA EM LICENSE.txt",
	"reactNative.command.runAndroidSimulator.title": "Executar o Android no Emulador",
	"reactNative.command.runAndroidDevice.title": "Executar o Android no Dispositivo",
	"reactNative.command.runIosSimulator.title": "Executar o iOS no Simulador",
	"reactNative.command.runIosDevice.title": "Executar o iOS no Dispositivo",
	"reactNative.command.runExponent.title": "Executar o Expo",
	"reactNative.command.startPackager.title": "Iniciar Empacotador",
	"reactNative.command.stopPackager.title": "Parar Empacotador",
	"reactNative.command.restartPackager.title": "Reiniciar Empacotador",
	"reactNative.command.publishToExpHost.title": "Publicar no Expo",
	"reactNative.command.showDevMenu.title": "Mostrar Menu de Desenvolvimento",
	"reactNative.command.reloadApp.title": "Recarregar o Aplicativo",
	"reactNative.command.runInspector.title": "Executar o Inspetor de Elementos",
	"reactNative.snippets.debugAndroid.description": "Uma nova configuração para iniciar o aplicativo react-native no Android",
	"reactNative.snippets.debugiOS.description": "Uma nova configuração para iniciar o aplicativo react-native no iOS",
	"reactNative.snippets.attachPackager.description": "Uma nova configuração para anexar ao empacotador",
	"reactNative.snippets.debugExpo.description": "Uma nova configuração para iniciar o aplicativo Expo",
	"reactNative.attach.program.description": "[PRETERIDO. EM VEZ DISSO, USE cwd] O caminho para launchReactNative.js na pasta vscode",
	"reactNative.attach.cwd.description": "O caminho para a pasta raiz do projeto",
	"reactNative.attach.sourceMaps.description": "Se os source maps JavaScript devem ser usados para mapear o código em pacote gerado novamente para suas origens originais",
	"reactNative.attach.sourceMapsPathOverrides.description": "Um conjunto de mapeamentos para regravar os locais dos arquivos de origem indicados pelo source map, em seus respectivos locais no disco. Confira https://github.com/microsoft/vscode-react-native/blob/master/doc/debugging.md#debugging-with-typescript-and-haul para obter detalhes",
	"reactNative.attach.trace.description": "Nível de registros em log no processo do depurador. Pode ser útil para diagnóstico. Se definido como \"Rastrear\", todos os logs de processo do depurador estarão disponíveis na janela de saída do 'Console de Depuração'.",
	"reactNative.attach.address.description": "Endereço TCP/IP do empacotador a ser anexado para depuração. O padrão é 'localhost'.",
	"reactNative.attach.port.description": "Porta do empacotador a ser anexada para depuração. O padrão é 8081.",
	"reactNative.attach.remoteRoot.description": "A raiz de origem do host remoto.",
	"reactNative.attach.localRoot.description": "A raiz de origem local que corresponde a 'remoteRoot'.",
	"reactNative.attach.skipFiles.description": "Uma matriz de nomes de arquivos ou de pastas ou padrões glob a serem ignorados durante a depuração.",
	"reactNative.attach.debuggerWorkerUrlPath.description": "Caminho para o depurador de aplicativo para substituir. Por exemplo, se o depurador tentar anexar a http://localhost:8081/debugger-ui/debuggerWorker.js e você receber o erro 404 da saída do empacotador, deverá alterar o debuggerWorkerUrlPath para outro valor adequado para seu empacotador (\"debugger-ui\" será substituído pelo valor fornecido por você).",
	"reactNative.launch.platform.description": "A plataforma de destino. Valores possíveis: 'android', 'ios', 'exponente', 'windows', 'wpf'",
	"reactNative.launch.program.description": "[PRETERIDO. EM VEZ DISSO, USE cwd] O caminho para launchReactNative.js na pasta vscode",
	"reactNative.launch.cwd.description": "O caminho para a pasta raiz do projeto",
	"reactNative.launch.target.description": "Destino a ser executado. Valores possíveis: 'simulator', 'device', '<Android emulator/device id>', '<iOS simulator/device name>'",
	"reactNative.launch.sourceMaps.description": "Se os source maps JavaScript devem ser usados para mapear o código em pacote gerado novamente para suas origens originais",
	"reactNative.launch.logCatArguments.description": "Os argumentos a serem usados para LogCat (a saída de LogCat será exibida em um Canal de Saída). Pode ser uma matriz como: [\":S\", \"ReactNative:V\", \"ReactNativeJS:V\"]",
	"reactNative.launch.outDir.description": "O local do código JavaScript gerado (o arquivo de pacote). Normalmente, deve ser \"${workspaceRoot}/.vscode/.react\"",
	"reactNative.launch.runArguments.description": "Os argumentos de execução a serem passados ao comando 'react-native run-<platform>' (substituir todos os outros parâmetros de configuração)",
	"reactNative.launch.env.description": "Variáveis de ambiente passadas para o depurador e o comando 'react-native run-<platform>'.",
	"reactNative.launch.envFile.description": "Caminho absoluto para um arquivo que contém as definições de variável de ambiente.",
	"reactNative.launch.variant.description": "Uma variante a ser passada ao 'react-native run-android', por exemplo, use 'devDebug' para especificar '--variant=devDebug'",
	"reactNative.launch.scheme.description": "Um nome de esquema a ser passado ao 'react-native run-ios', por exemplo, 'devDebug' para especificar '--scheme=devDebug'",
	"reactNative.launch.productName.description": "O nome de exibição do pacote iOS; por exemplo, o valor 'AwesomeProject' significa que a extensão pesquisará o pacote 'AwesomeProject.app'",
	"reactNative.launch.skipFiles.description": "Uma matriz de nomes de arquivos ou de pastas ou padrões glob a serem ignorados durante a depuração.",
	"reactNative.launch.trace.description": "Nível de registros em log no processo do depurador. Pode ser útil para diagnóstico. Se definido como \"Rastrear\", todos os logs de processo do depurador estarão disponíveis na janela de saída do 'Console de Depuração'.",
	"reactNative.launch.debuggerWorkerUrlPath.description": "Caminho para o depurador de aplicativo para substituir. Por exemplo, se o depurador tentar anexar a http://localhost:8081/debugger-ui/debuggerWorker.js e você receber o erro 404 da saída do empacotador, deverá alterar o debuggerWorkerUrlPath para outro valor adequado para seu empacotador (\"debugger-ui\" será substituído pelo valor fornecido por você).",
	"reactNative.configuration.title": "Configuração do React-Native",
	"reactNative.configuration.properties.react-native.ios.runArguments.simulator.description": "Executar argumentos a serem passados para o comando 'react-native run-ios'",
	"reactNative.configuration.properties.react-native.ios.runArguments.device.description": "Executar argumentos a serem passados para o comando 'react-native run-ios'",
	"reactNative.configuration.properties.react-native.ios.env.simulator.description": "Variáveis de ambiente passadas para o programa.",
	"reactNative.configuration.properties.react-native.ios.env.device.description": "Variáveis de ambiente passadas para o programa.",
	"reactNative.configuration.properties.react-native.ios.envFile.simulator.description": "Caminho absoluto para um arquivo que contém as definições de variável de ambiente.",
	"reactNative.configuration.properties.react-native.ios.envFile.device.description": "Caminho absoluto para um arquivo que contém as definições de variável de ambiente.",
	"reactNative.configuration.properties.react-native.android.runArguments.simulator.description": "Executar argumentos a serem passados para o comando 'react-native run-android'",
	"reactNative.configuration.properties.react-native.android.runArguments.device.description": "Executar argumentos a serem passados para o comando 'react-native run-android'",
	"reactNative.configuration.properties.react-native.android.env.simulator.description": "Variáveis de ambiente passadas para o programa.",
	"reactNative.configuration.properties.react-native.android.env.device.description": "Variáveis de ambiente passadas para o programa.",
	"reactNative.configuration.properties.react-native.android.envFile.simulator.description": "Caminho absoluto para um arquivo que contém as definições de variável de ambiente.",
	"reactNative.configuration.properties.react-native.android.envFile.device.description": "Caminho absoluto para um arquivo que contém as definições de variável de ambiente.",
	"reactNative.configuration.properties.react-native.packager.port.description": "Porta do empacotador do React-native",
	"reactNative.configuration.properties.react-native-tools.projectRoot.description": "Subpasta na qual o projeto react-native está localizado",
	"reactNative.configuration.properties.react-native-tools.logLevel.description": "Nível de registros em log na extensão"
}