{
	"reactNative.description": "Debugging und integrierte Befehle für React Native",
	"reactNative.license": "LIZENZ IN \"LICENSE.TXT\" ANZEIGEN",
	"reactNative.command.runAndroidSimulator.title": "Android auf Emulator ausführen",
	"reactNative.command.runAndroidDevice.title": "Android auf Gerät ausführen",
	"reactNative.command.runIosSimulator.title": "iOS auf Simulator ausführen",
	"reactNative.command.runIosDevice.title": "iOS auf Gerät ausführen",
	"reactNative.command.runExponent.title": "Expo ausführen",
	"reactNative.command.startPackager.title": "Paketerstellungs-Manager starten",
	"reactNative.command.stopPackager.title": "Paketerstellungs-Manager beenden",
	"reactNative.command.restartPackager.title": "Paketerstellungs-Manager neu starten",
	"reactNative.command.publishToExpHost.title": "In Expo veröffentlichen",
	"reactNative.command.showDevMenu.title": "Entwicklermenü anzeigen",
	"reactNative.command.reloadApp.title": "App erneut laden",
	"reactNative.command.runInspector.title": "Elementinspektor ausführen",
	"reactNative.snippets.debugAndroid.description": "Eine neue Konfiguration zum Starten der react-native-App unter Android",
	"reactNative.snippets.debugiOS.description": "Eine neue Konfiguration zum Starten der react-native-App unter iOS",
	"reactNative.snippets.attachPackager.description": "Eine neue Konfiguration für das Anfügen an den Paketerstellungs-Manager",
	"reactNative.snippets.debugExpo.description": "Eine neue Konfiguration zum Starten der Expo-App",
	"reactNative.attach.program.description": "[DEPRECATED. USE cwd INSTEAD] Der Pfad zu \"launchReactNative.js\" im Ordner \"vscode\".",
	"reactNative.attach.cwd.description": "Der Pfad zum Projektstammordner.",
	"reactNative.attach.sourceMaps.description": "Gibt an, ob JavaScript-Quellzuordnungsdateien verwendet werden, um den generierten Bundlecode wieder den ursprünglichen Quellen zuzuordnen.",
	"reactNative.attach.sourceMapsPathOverrides.description": "Eine Reihe von Zuordnungen zum Umschreiben der Speicherorte von Quelldateien gemäß Quellzuordnungsdatei in die Speicherorte auf dem Datenträger. Ausführliche Informationen finden Sie unter https://github.com/microsoft/vscode-react-native/blob/master/doc/debugging.md#debugging-with-typescript-and-haul.",
	"reactNative.attach.trace.description": "Protokolliergrad im Debuggerprozess. Kann für die Diagnose hilfreich sein. Bei Festlegung auf \"Trace\" stehen alle Debuggerprozessprotokolle im Ausgabefenster \"Debugging-Konsole\" zur Verfügung.",
	"reactNative.attach.address.description": "Die TCP/IP-Adresse des Paketerstellungs-Managers, an den zum Debuggen angefügt werden soll. Der Standardwert ist \"localhost\".",
	"reactNative.attach.port.description": "Der Port des Paketerstellungs-Managers, an den zum Debuggen angefügt werden soll. Der Standardwert ist \"8081\".",
	"reactNative.attach.remoteRoot.description": "Der Quellstamm des Remotehosts.",
	"reactNative.attach.localRoot.description": "Der lokale Quellstamm, der \"remoteRoot\" entspricht.",
	"reactNative.attach.skipFiles.description": "Ein Array aus Datei- oder Ordnernamen oder Globmustern, die beim Debuggen übersprungen werden sollen.",
	"reactNative.attach.debuggerWorkerUrlPath.description": "Pfad zum App-Debuggerworker, der überschrieben werden soll. Beispiel: Wenn der Debugger ein Anfügen an \"http://localhost:8081/debugger-ui/debuggerWorker.js\" versucht und von der Ausgabe des Paketerstellungs-Managers der Fehlercode 404 zurückgegeben wird, sollten Sie \"debuggerWorkerUrlPath\" in einen anderen Wert ändern, der für Ihren Paketerstellungs-Manager geeignet ist (\"debugger-ui\" wird durch den von Ihnen angegebenen Wert ersetzt).",
	"reactNative.launch.platform.description": "Die Zielplattform. Mögliche Werte: \"android\", \"ios\", \"exponent\", \"windows\", \"wpf\".",
	"reactNative.launch.program.description": "[DEPRECATED. USE cwd INSTEAD] Der Pfad zu \"launchReactNative.js\" im Ordner \"vscode\".",
	"reactNative.launch.cwd.description": "Der Pfad zum Projektstammordner.",
	"reactNative.launch.target.description": "Das Ziel für die Ausführung. Mögliche Werte: 'simulator\", \"device\", \"<Android-Emulator/Geräte-ID>\", \"<iOS-Simulator/Gerätename>\".",
	"reactNative.launch.sourceMaps.description": "Gibt an, ob JavaScript-Quellzuordnungsdateien verwendet werden, um den generierten Bundlecode wieder den ursprünglichen Quellen zuzuordnen.",
	"reactNative.launch.logCatArguments.description": "Argumente zur Verwendung für LogCat (die LogCat-Ausgabe wird in einem Ausgabekanal angezeigt). Es kann ein Array wie z. B. folgendes sein: [\":S\", \"ReactNative:V\", \"ReactNativeJS:V\"].",
	"reactNative.launch.outDir.description": "Der Speicherort für den generierten JavaScript-Code (Bundledatei). Normalerweise sollte dies \"${workspaceRoot}/.vscode/.react\" sein.",
	"reactNative.launch.runArguments.description": "Ausführungsargumente, die an den Befehl \"react-native run-<Plattform>\" übergeben werden sollen (alle weiteren Konfigurationsparameter werden überschrieben).",
	"reactNative.launch.env.description": "Umgebungsvariablen, die an den Debugger und den Befehl \"react-native run-<Plattform>\" übergeben werden.",
	"reactNative.launch.envFile.description": "Absoluter Pfad zu einer Datei mit Umgebungsvariablendefinitionen.",
	"reactNative.launch.variant.description": "Eine Variante, die an \"react-native run-android\" übergeben werden soll, z. B. \"devDebug\" zur Angabe von \"--variant=devDebug\".",
	"reactNative.launch.scheme.description": "Ein Schemaname, der an \"react-native run-ios\" übergeben werden soll, z. B. \"devDebug\" zur Angabe von \"--scheme=devDebug\".",
	"reactNative.launch.productName.description": "Der Anzeigename des iOS-Bundles. Der Wert \"AwesomeProject\" beispielsweise bedeutet, dass die Erweiterung nach dem Bundle \"AwesomeProject. app\" sucht.",
	"reactNative.launch.skipFiles.description": "Ein Array aus Datei- oder Ordnernamen oder Globmustern, die beim Debuggen übersprungen werden sollen.",
	"reactNative.launch.trace.description": "Protokolliergrad im Debuggerprozess. Kann für die Diagnose hilfreich sein. Bei Festlegung auf \"Trace\" stehen alle Debuggerprozessprotokolle im Ausgabefenster \"Debugging-Konsole\" zur Verfügung.",
	"reactNative.launch.debuggerWorkerUrlPath.description": "Pfad zum App-Debuggerworker, der überschrieben werden soll. Beispiel: Wenn der Debugger ein Anfügen an \"http://localhost:8081/debugger-ui/debuggerWorker.js\" versucht und von der Ausgabe des Paketerstellungs-Managers der Fehlercode 404 zurückgegeben wird, sollten Sie \"debuggerWorkerUrlPath\" in einen anderen Wert ändern, der für Ihren Paketerstellungs-Manager geeignet ist (\"debugger-ui\" wird durch den von Ihnen angegebenen Wert ersetzt).",
	"reactNative.configuration.title": "React Native-Konfiguration",
	"reactNative.configuration.properties.react-native.ios.runArguments.simulator.description": "Ausführungsargumente zur Übergabe an den Befehl \"react-native run-ios\"",
	"reactNative.configuration.properties.react-native.ios.runArguments.device.description": "Ausführungsargumente zur Übergabe an den Befehl \"react-native run-ios\"",
	"reactNative.configuration.properties.react-native.ios.env.simulator.description": "Umgebungsvariablen, die an das Programm übergeben werden.",
	"reactNative.configuration.properties.react-native.ios.env.device.description": "Umgebungsvariablen, die an das Programm übergeben werden.",
	"reactNative.configuration.properties.react-native.ios.envFile.simulator.description": "Absoluter Pfad zu einer Datei mit Umgebungsvariablendefinitionen.",
	"reactNative.configuration.properties.react-native.ios.envFile.device.description": "Absoluter Pfad zu einer Datei mit Umgebungsvariablendefinitionen.",
	"reactNative.configuration.properties.react-native.android.runArguments.simulator.description": "Ausführungsargumente zur Übergabe an den Befehl \"react-native run-android\"",
	"reactNative.configuration.properties.react-native.android.runArguments.device.description": "Ausführungsargumente zur Übergabe an den Befehl \"react-native run-android\"",
	"reactNative.configuration.properties.react-native.android.env.simulator.description": "Umgebungsvariablen, die an das Programm übergeben werden.",
	"reactNative.configuration.properties.react-native.android.env.device.description": "Umgebungsvariablen, die an das Programm übergeben werden.",
	"reactNative.configuration.properties.react-native.android.envFile.simulator.description": "Absoluter Pfad zu einer Datei mit Umgebungsvariablendefinitionen.",
	"reactNative.configuration.properties.react-native.android.envFile.device.description": "Absoluter Pfad zu einer Datei mit Umgebungsvariablendefinitionen.",
	"reactNative.configuration.properties.react-native.packager.port.description": "Port für React Native-Paketerstellungs-Manager",
	"reactNative.configuration.properties.react-native-tools.projectRoot.description": "Unterordner, in dem sich das react-native-Projekt befindet.",
	"reactNative.configuration.properties.react-native-tools.logLevel.description": "Protokolliergrad in Erweiterung"
}