{
	"reactNative.description": "Comandos integrados y de depuración para React Native.",
	"reactNative.license": "VER LA LICENCIA EN LICENSE.txt",
	"reactNative.command.runAndroidSimulator.title": "Ejecutar Android en emulador",
	"reactNative.command.runAndroidDevice.title": "Ejecutar Android en dispositivo",
	"reactNative.command.runIosSimulator.title": "Ejecutar iOS en simulador",
	"reactNative.command.runIosDevice.title": "Ejecutar iOS en dispositivo",
	"reactNative.command.runExponent.title": "Ejecutar Expo",
	"reactNative.command.startPackager.title": "Iniciar el empaquetador",
	"reactNative.command.stopPackager.title": "Detener el empaquetador",
	"reactNative.command.restartPackager.title": "Reiniciar el empaquetador",
	"reactNative.command.publishToExpHost.title": "Publicar en Expo",
	"reactNative.command.showDevMenu.title": "Mostrar menú para desarrolladores",
	"reactNative.command.reloadApp.title": "Volver a cargar la aplicación",
	"reactNative.command.runInspector.title": "Ejecutar inspector de elementos",
	"reactNative.snippets.debugAndroid.description": "Nueva configuración para iniciar la aplicación react-native en Android.",
	"reactNative.snippets.debugiOS.description": "Nueva configuración para iniciar la aplicación react-native en iOS.",
	"reactNative.snippets.attachPackager.description": "Nueva configuración para asociar al empaquetador.",
	"reactNative.snippets.debugExpo.description": "Nueva configuración para iniciar la aplicación Expo.",
	"reactNative.attach.program.description": "[EN DESUSO. UTILICE cwd EN SU LUGAR] Ruta de acceso a launchReactNative.js en la carpeta vscode.",
	"reactNative.attach.cwd.description": "Ruta de acceso a la carpeta raíz del proyecto.",
	"reactNative.attach.sourceMaps.description": "Indica si se deben usar los mapas de origen de JavaScript para reasignar el código integrado ya generado a sus orígenes iniciales.",
	"reactNative.attach.sourceMapsPathOverrides.description": "Conjunto de asignaciones para reescribir las ubicaciones de los archivos de origen en sus ubicaciones en el disco, a partir de lo que indica el mapa de origen. Consulte https://github.com/microsoft/vscode-react-native/blob/master/doc/debugging.md#debugging-with-typescript-and-haul para obtener más detalles.",
	"reactNative.attach.trace.description": "Nivel de registro en el proceso del depurador. Puede ser útil para los diagnósticos. Si se establece en \"Seguimiento\", todos los registros del proceso del depurador estarán disponibles en la ventana de salida \"Consola de depuración\".",
	"reactNative.attach.address.description": "Dirección TCP/IP del empaquetador al que se va a asociar para la depuración. El valor predeterminado es \"localhost\".",
	"reactNative.attach.port.description": "Puerto del empaquetador al que se va a asociar para la depuración. El valor predeterminado es 8081.",
	"reactNative.attach.remoteRoot.description": "Raíz de origen del host remoto.",
	"reactNative.attach.localRoot.description": "Raíz de origen local que corresponde a \"remoteRoot\".",
	"reactNative.attach.skipFiles.description": "Matriz de nombres de archivo o carpeta, o de patrones globales, que se van a omitir en la depuración.",
	"reactNative.attach.debuggerWorkerUrlPath.description": "Ruta de acceso al trabajo del depurador de aplicaciones que se va a reemplazar. Por ejemplo, si el depurador intenta conectarse a http://localhost:8081/debugger-ui/debuggerWorker.js y obtiene el error 404 en la salida del empaquetador, es aconsejable cambiar debuggerWorkerUrlPath a otro valor adecuado para su empaquetador (\"debugger-ui\" se reemplazará por el valor que proporcione).",
	"reactNative.launch.platform.description": "Plataforma de destino. Valores posibles: \"android\", \"ios\", \"exponent\", \"windows\", \"wpf\".",
	"reactNative.launch.program.description": "[EN DESUSO. UTILICE cwd EN SU LUGAR] Ruta de acceso a launchReactNative.js en la carpeta vscode.",
	"reactNative.launch.cwd.description": "Ruta de acceso a la carpeta raíz del proyecto.",
	"reactNative.launch.target.description": "Destino de la ejecución. Valores posibles: \"simulador\", \"dispositivo\", \"<Android Emulator/identificador de dispositivo>\", \"<simulador de iOS/nombre de dispositivo>\"",
	"reactNative.launch.sourceMaps.description": "Indica si se deben usar los mapas de origen de JavaScript para reasignar el código integrado ya generado a sus orígenes iniciales.",
	"reactNative.launch.logCatArguments.description": "Argumentos que se van a usar para LogCat (la salida de LogCat aparecerá en un canal de salida). Puede ser una matriz, como [\":S\", \"ReactNative:V\", \"ReactNativeJS:V\"].",
	"reactNative.launch.outDir.description": "Ubicación del código JavaScript generado (el archivo de paquete). Suele ser \"${workspaceRoot}/.vscode/.react\"",
	"reactNative.launch.runArguments.description": "Argumentos de ejecución que se van a pasar al comando \"react-native run-<platform>\" (invalide el resto de parámetros de configuración).",
	"reactNative.launch.env.description": "Variables de entorno pasadas al depurador y comando \"react-native run-<platform>\".",
	"reactNative.launch.envFile.description": "Ruta de acceso absoluta a un archivo que contiene definiciones de variables de entorno.",
	"reactNative.launch.variant.description": "Variante que se debe pasar a \"react-native run-android\"; por ejemplo, use \"devDebug\" para especificar \"--variant=devDebug\".",
	"reactNative.launch.scheme.description": "Nombre de esquema que se va a pasar a \"react-native run-ios\"; por ejemplo, \"devDebug\" para especificar \"--scheme=devDebug\".",
	"reactNative.launch.productName.description": "Nombre para mostrar del lote de iOS; por ejemplo, el valor \"AwesomeProject\" significa que la extensión buscará el lote \"AwesomeProject.app\".",
	"reactNative.launch.skipFiles.description": "Matriz de nombres de archivo o carpeta, o de patrones globales, que se van a omitir en la depuración.",
	"reactNative.launch.trace.description": "Nivel de registro en el proceso del depurador. Puede ser útil para los diagnósticos. Si se establece en \"Seguimiento\", todos los registros del proceso del depurador estarán disponibles en la ventana de salida \"Consola de depuración\".",
	"reactNative.launch.debuggerWorkerUrlPath.description": "Ruta de acceso al trabajo del depurador de aplicaciones que se va a reemplazar. Por ejemplo, si el depurador intenta conectarse a http://localhost:8081/debugger-ui/debuggerWorker.js y obtiene el error 404 en la salida del empaquetador, es aconsejable cambiar debuggerWorkerUrlPath a otro valor adecuado para su empaquetador (\"debugger-ui\" se reemplazará por el valor que proporcione).",
	"reactNative.configuration.title": "Configuración de React-Native",
	"reactNative.configuration.properties.react-native.ios.runArguments.simulator.description": "Argumentos de ejecución que se van a pasar al comando \"react-native run-ios\".",
	"reactNative.configuration.properties.react-native.ios.runArguments.device.description": "Argumentos de ejecución que se van a pasar al comando \"react-native run-ios\".",
	"reactNative.configuration.properties.react-native.ios.env.simulator.description": "Variables de entorno pasadas al programa.",
	"reactNative.configuration.properties.react-native.ios.env.device.description": "Variables de entorno pasadas al programa.",
	"reactNative.configuration.properties.react-native.ios.envFile.simulator.description": "Ruta de acceso absoluta a un archivo que contiene definiciones de variables de entorno.",
	"reactNative.configuration.properties.react-native.ios.envFile.device.description": "Ruta de acceso absoluta a un archivo que contiene definiciones de variables de entorno.",
	"reactNative.configuration.properties.react-native.android.runArguments.simulator.description": "Argumentos de ejecución que se van a pasar al comando \"react-native run-android\".",
	"reactNative.configuration.properties.react-native.android.runArguments.device.description": "Argumentos de ejecución que se van a pasar al comando \"react-native run-android\".",
	"reactNative.configuration.properties.react-native.android.env.simulator.description": "Variables de entorno pasadas al programa.",
	"reactNative.configuration.properties.react-native.android.env.device.description": "Variables de entorno pasadas al programa.",
	"reactNative.configuration.properties.react-native.android.envFile.simulator.description": "Ruta de acceso absoluta a un archivo que contiene definiciones de variables de entorno.",
	"reactNative.configuration.properties.react-native.android.envFile.device.description": "Ruta de acceso absoluta a un archivo que contiene definiciones de variables de entorno.",
	"reactNative.configuration.properties.react-native.packager.port.description": "Puerto del empaquetador de react-native",
	"reactNative.configuration.properties.react-native-tools.projectRoot.description": "Subcarpeta en la que se encuentra el proyecto de react-native.",
	"reactNative.configuration.properties.react-native-tools.logLevel.description": "Nivel de registro en la extensión"
}