{
	"reactNative.description": "React Native의 디버깅 및 통합 명령",
	"reactNative.license": "LICENSE.txt에서 라이선스 참조",
	"reactNative.command.runAndroidSimulator.title": "에뮬레이터에서 Android 실행",
	"reactNative.command.runAndroidDevice.title": "디바이스에서 Android 실행",
	"reactNative.command.runIosSimulator.title": "시뮬레이터에서 iOS 실행",
	"reactNative.command.runIosDevice.title": "디바이스에서 iOS 실행",
	"reactNative.command.runExponent.title": "Expo 실행",
	"reactNative.command.startPackager.title": "패키지 작성 도구 시작",
	"reactNative.command.stopPackager.title": "패키지 작성 도구 중지",
	"reactNative.command.restartPackager.title": "패키지 작성 도구 다시 시작",
	"reactNative.command.publishToExpHost.title": "Expo에 게시",
	"reactNative.command.showDevMenu.title": "개발자 메뉴 표시",
	"reactNative.command.reloadApp.title": "앱 다시 로드",
	"reactNative.command.runInspector.title": "요소 검사기 실행",
	"reactNative.snippets.debugAndroid.description": "Android에서 react-native 앱을 시작하기 위한 새 구성",
	"reactNative.snippets.debugiOS.description": "iOS에서 react-native 앱을 시작하기 위한 새 구성",
	"reactNative.snippets.attachPackager.description": "패키지 작성 도구에 연결하기 위한 새 구성",
	"reactNative.snippets.debugExpo.description": "Expo 앱을 시작하기 위한 새 구성",
	"reactNative.attach.program.description": "[사용되지 않음. 대신 cwd 사용] vscode 폴더에 있는 launchReactNative.js의 경로입니다.",
	"reactNative.attach.cwd.description": "프로젝트 루트 폴더의 경로",
	"reactNative.attach.sourceMaps.description": "생성된 번들 코드를 다시 원래 소스로 매핑하는 데 JavaScript 소스 맵을 사용할지 여부입니다.",
	"reactNative.attach.sourceMapsPathOverrides.description": "소스 맵의 위치에서 디스크의 위치로 소스 파일의 위치를 다시 작성하기 위한 매핑 세트입니다. 자세한 내용은 https://github.com/microsoft/vscode-react-native/blob/master/doc/debugging.md#debugging-with-typescript-and-haul을 참조하세요.",
	"reactNative.attach.trace.description": "디버거 프로세스의 로깅 수준입니다. 진단에 유용할 수 있습니다. \"Trace\"로 설정하면 '디버그 콘솔' 출력 창에서 모든 디버거 프로세스 로그를 사용할 수 있습니다.",
	"reactNative.attach.address.description": "디버깅을 위해 연결한 패키지 작성 도구의 TCP/IP 주소입니다. 기본값은 'localhost'입니다.",
	"reactNative.attach.port.description": "디버깅을 위해 연결한 패키지 작성 도구의 포트입니다. 기본값은 8081입니다.",
	"reactNative.attach.remoteRoot.description": "원격 호스트의 소스 루트입니다.",
	"reactNative.attach.localRoot.description": "'remoteRoot'에 해당하는 로컬 소스 루트입니다.",
	"reactNative.attach.skipFiles.description": "디버그할 때 건너뛸 파일 또는 폴더 이름이나 전역 패턴의 배열입니다.",
	"reactNative.attach.debuggerWorkerUrlPath.description": "재정의할 앱 디버거 작업자의 경로입니다. 예를 들어 디버거가 http://localhost:8081/debugger-ui/debuggerWorker.js에 연결하려고 할 때 패키지 작성 도구 출력에서 404 오류가 표시되면 debuggerWorkerUrlPath를 패키지 작성 도구에 적합한 다른 값으로 변경할 수 있습니다(\"debugger-ui\"가 사용자 제공 값으로 바뀜).",
	"reactNative.launch.platform.description": "대상 플랫폼입니다. 가능한 값: 'android', 'ios', 'exponent', 'windows', 'wpf'",
	"reactNative.launch.program.description": "[사용되지 않음. 대신 cwd 사용] vscode 폴더에 있는 launchReactNative.js의 경로입니다.",
	"reactNative.launch.cwd.description": "프로젝트 루트 폴더의 경로",
	"reactNative.launch.target.description": "실행할 대상입니다. 가능한 값: '시뮬레이터', '디바이스', '<Android Emulator/디바이스 ID>', '<iOS 시뮬레이터/디바이스 이름>'",
	"reactNative.launch.sourceMaps.description": "생성된 번들 코드를 다시 원래 소스로 매핑하는 데 JavaScript 소스 맵을 사용할지 여부입니다.",
	"reactNative.launch.logCatArguments.description": "LogCat에 사용할 인수입니다(LogCat 출력이 출력 채널에 나타남). [\":S\", \"ReactNative:V\", \"ReactNativeJS:V\"] 같은 배열일 수 있습니다.",
	"reactNative.launch.outDir.description": "생성된 JavaScript 코드(번들 파일)의 위치입니다. 일반적으로 \"${workspaceRoot}/.vscode/.react\"입니다.",
	"reactNative.launch.runArguments.description": "'react-native run-<platform>' 명령(다른 모든 구성 매개 변수 재정의)에 전달할 인수 실행",
	"reactNative.launch.env.description": "디버거로 전달되는 환경 변수와 'react-native run-<platform>' 명령입니다.",
	"reactNative.launch.envFile.description": "환경 변수 정의를 포함하는 파일의 절대 경로입니다.",
	"reactNative.launch.variant.description": "'react-native run-android'에 전달할 Variant입니다(예: '--variant=devDebug'를 지정하려면 'devDebug' 사용).",
	"reactNative.launch.scheme.description": "'react-native run-ios'에 전달할 구성표 이름입니다(예: '--scheme=devDebug'를 지정하려면 'devDebug').",
	"reactNative.launch.productName.description": "iOS 번들 표시 이름(예: 'AwesomeProject') 값은 확장이 'AwesomeProject.app' 번들을 검색함을 의미합니다.",
	"reactNative.launch.skipFiles.description": "디버그할 때 건너뛸 파일 또는 폴더 이름이나 전역 패턴의 배열입니다.",
	"reactNative.launch.trace.description": "디버거 프로세스의 로깅 수준입니다. 진단에 유용할 수 있습니다. \"Trace\"로 설정하면 '디버그 콘솔' 출력 창에서 모든 디버거 프로세스 로그를 사용할 수 있습니다.",
	"reactNative.launch.debuggerWorkerUrlPath.description": "재정의할 앱 디버거 작업자의 경로입니다. 예를 들어 디버거가 http://localhost:8081/debugger-ui/debuggerWorker.js에 연결하려고 할 때 패키지 작성 도구 출력에서 404 오류가 표시되면 debuggerWorkerUrlPath를 패키지 작성 도구에 적합한 다른 값으로 변경할 수 있습니다(\"debugger-ui\"가 사용자 제공 값으로 바뀜).",
	"reactNative.configuration.title": "React-Native 구성",
	"reactNative.configuration.properties.react-native.ios.runArguments.simulator.description": "'react-native run-ios' 명령에 전달할 인수 실행",
	"reactNative.configuration.properties.react-native.ios.runArguments.device.description": "'react-native run-ios' 명령에 전달할 인수 실행",
	"reactNative.configuration.properties.react-native.ios.env.simulator.description": "프로그램에 전달된 환경 변수입니다.",
	"reactNative.configuration.properties.react-native.ios.env.device.description": "프로그램에 전달된 환경 변수입니다.",
	"reactNative.configuration.properties.react-native.ios.envFile.simulator.description": "환경 변수 정의를 포함하는 파일의 절대 경로입니다.",
	"reactNative.configuration.properties.react-native.ios.envFile.device.description": "환경 변수 정의를 포함하는 파일의 절대 경로입니다.",
	"reactNative.configuration.properties.react-native.android.runArguments.simulator.description": "'react-native run-android' 명령에 전달할 인수 실행",
	"reactNative.configuration.properties.react-native.android.runArguments.device.description": "'react-native run-android' 명령에 전달할 인수 실행",
	"reactNative.configuration.properties.react-native.android.env.simulator.description": "프로그램에 전달된 환경 변수입니다.",
	"reactNative.configuration.properties.react-native.android.env.device.description": "프로그램에 전달된 환경 변수입니다.",
	"reactNative.configuration.properties.react-native.android.envFile.simulator.description": "환경 변수 정의를 포함하는 파일의 절대 경로입니다.",
	"reactNative.configuration.properties.react-native.android.envFile.device.description": "환경 변수 정의를 포함하는 파일의 절대 경로입니다.",
	"reactNative.configuration.properties.react-native.packager.port.description": "React-Native 패키지 작성 도구 포트",
	"reactNative.configuration.properties.react-native-tools.projectRoot.description": "react-native 프로젝트가 있는 하위 폴더",
	"reactNative.configuration.properties.react-native-tools.logLevel.description": "확장의 로깅 수준"
}