{
	"reactNative.description": "Ladění a integrované příkazy pro React Native",
	"reactNative.license": "ZOBRAZIT LICENCI V LICENSE.txt",
	"reactNative.command.runAndroidSimulator.title": "Spustit Android v emulátoru",
	"reactNative.command.runAndroidDevice.title": "Spustit Android na zařízení",
	"reactNative.command.runIosSimulator.title": "Spustit iOS na simulátoru",
	"reactNative.command.runIosDevice.title": "Spustit iOS na zařízení",
	"reactNative.command.runExponent.title": "Spustit Expo",
	"reactNative.command.startPackager.title": "Spustit balíčkovač",
	"reactNative.command.stopPackager.title": "Zastavit balíčkovač",
	"reactNative.command.restartPackager.title": "Restartovat balíčkovač",
	"reactNative.command.publishToExpHost.title": "Publikovat do Expo",
	"reactNative.command.showDevMenu.title": "Zobrazit nabídku pro vývojáře",
	"reactNative.command.reloadApp.title": "Znovu načíst aplikaci",
	"reactNative.command.runInspector.title": "Spustit inspektor elementů",
	"reactNative.snippets.debugAndroid.description": "Nová konfigurace pro spuštění aplikace react-native v Androidu",
	"reactNative.snippets.debugiOS.description": "Nová konfigurace pro spuštění aplikace react-native v iOSu",
	"reactNative.snippets.attachPackager.description": "Nová konfigurace pro připojení k balíčkovači",
	"reactNative.snippets.debugExpo.description": "Nová konfigurace pro spuštění aplikace Expo",
	"reactNative.attach.program.description": "[ZASTARALÉ. POUŽIJTE MÍSTO TOHO cwd] Cesta k souboru launchReactNative.js ve složce vscode",
	"reactNative.attach.cwd.description": "Cesta ke kořenové složce projektu",
	"reactNative.attach.sourceMaps.description": "Určuje, jestli se mají použít soubory sourcemap JavaScriptu k namapování vygenerovaného balíku kódu zpět na jeho původní zdroje.",
	"reactNative.attach.sourceMapsPathOverrides.description": "Sada mapování pro přepsání umístění zdrojových souborů z umístění podle souboru sourcemap na jejich umístění na disku. Podrobnosti viz https://github.com/microsoft/vscode-react-native/blob/master/doc/debugging.md#debugging-with-typescript-and-haul",
	"reactNative.attach.trace.description": "Úroveň protokolování v procesu ladicího programu. Může být užitečná při diagnostice. Pokud se nastaví na Trasovat, budou ve výstupním okně Konzola ladění k dispozici všechny protokoly procesu ladicího programu.",
	"reactNative.attach.address.description": "Adresa TCP/IP nástroje pro sestavování balíčků, který se má připojit pro ladění. Výchozí je localhost.",
	"reactNative.attach.port.description": "Port nástroje pro sestavování balíčků, který se má připojit pro ladění. Výchozí je 8081.",
	"reactNative.attach.remoteRoot.description": "Kořenový adresář zdrojového kódu vzdáleného hostitele",
	"reactNative.attach.localRoot.description": "Kořenový adresář místního zdroje, který odpovídá atributu remoteRoot",
	"reactNative.attach.skipFiles.description": "Pole s názvy souborů či složek nebo vzory glob, které se mají při ladění přeskočit",
	"reactNative.attach.debuggerWorkerUrlPath.description": "Cesta k pracovnímu procesu ladicího programu aplikace, který se má přepsat. Pokud se ladicí program pokusí připojit třeba k http://localhost:8081/debugger-ui/debuggerWorker.js a výstup balíčkovače vrátí chybu 404, bude možná nutné změnit debuggerWorkerUrlPath na jinou hodnotu vhodnou pro váš balíčkovač (debugger-ui se nahradí hodnotou, kterou poskytnete).",
	"reactNative.launch.platform.description": "Platforma, na kterou se bude cílit. Možné hodnoty: android, ios, exponent, windows, wpf",
	"reactNative.launch.program.description": "[ZASTARALÉ. POUŽIJTE MÍSTO TOHO cwd] Cesta k souboru launchReactNative.js ve složce vscode",
	"reactNative.launch.cwd.description": "Cesta ke kořenové složce projektu",
	"reactNative.launch.target.description": "Cíl spuštění. Možné hodnoty: simulator, device, <Android emulator/device id>, <iOS simulator/device name>",
	"reactNative.launch.sourceMaps.description": "Určuje, jestli se mají použít soubory sourcemap JavaScriptu k namapování vygenerovaného balíku kódu zpět na jeho původní zdroje.",
	"reactNative.launch.logCatArguments.description": "Argumenty, které se mají použít pro LogCat (výstup LogCat se zobrazí ve výstupním kanálu). Může to být pole, třeba [\":S\", \"ReactNative:V\", \"ReactNativeJS:V\"].",
	"reactNative.launch.outDir.description": "Umístění vygenerovaného kódu JavaScriptu (souboru kompletu). Bývá to obvykle ${workspaceRoot}/.vscode/.react.",
	"reactNative.launch.runArguments.description": "Argumenty spuštění, které se mají předat příkazu react-native run-<platform> (přepsat všechny ostatní parametry konfigurace)",
	"reactNative.launch.env.description": "Proměnné prostředí předané ladicímu programu a příkazu react-native run-<platform>",
	"reactNative.launch.envFile.description": "Absolutní cesta k souboru, který obsahuje definice proměnných prostředí",
	"reactNative.launch.variant.description": "Varianta, která se má předat příkazu react-native run-android, např. devDebug, které určuje --variant=devDebug",
	"reactNative.launch.scheme.description": "Název schématu, který se má předat do react-native run-ios, např. devDebug, které určuje --scheme=devDebug",
	"reactNative.launch.productName.description": "Zobrazovaný název sady pro iOS. Například hodnota SkvelyProjekt znamená, že rozšíření bude hledat sadu SkvelyProjekt.app.",
	"reactNative.launch.skipFiles.description": "Pole s názvy souborů či složek nebo vzory glob, které se mají při ladění přeskočit",
	"reactNative.launch.trace.description": "Úroveň protokolování v procesu ladicího programu. Může být užitečná při diagnostice. Pokud se nastaví na Trasovat, budou ve výstupním okně Konzola ladění k dispozici všechny protokoly procesu ladicího programu.",
	"reactNative.launch.debuggerWorkerUrlPath.description": "Cesta k pracovnímu procesu ladicího programu aplikace, který se má přepsat. Pokud se ladicí program pokusí připojit třeba k http://localhost:8081/debugger-ui/debuggerWorker.js a výstup balíčkovače vrátí chybu 404, bude možná nutné změnit debuggerWorkerUrlPath na jinou hodnotu vhodnou pro váš balíčkovač (debugger-ui se nahradí hodnotou, kterou poskytnete).",
	"reactNative.configuration.title": "Konfigurace React-Native",
	"reactNative.configuration.properties.react-native.ios.runArguments.simulator.description": "Argumenty spuštění, které se mají předat příkazu react-native run-ios",
	"reactNative.configuration.properties.react-native.ios.runArguments.device.description": "Argumenty spuštění, které se mají předat příkazu react-native run-ios",
	"reactNative.configuration.properties.react-native.ios.env.simulator.description": "Proměnné prostředí se předaly programu.",
	"reactNative.configuration.properties.react-native.ios.env.device.description": "Proměnné prostředí se předaly programu.",
	"reactNative.configuration.properties.react-native.ios.envFile.simulator.description": "Absolutní cesta k souboru, který obsahuje definice proměnných prostředí",
	"reactNative.configuration.properties.react-native.ios.envFile.device.description": "Absolutní cesta k souboru, který obsahuje definice proměnných prostředí",
	"reactNative.configuration.properties.react-native.android.runArguments.simulator.description": "Argumenty spuštění, které se mají předat příkazu react-native run-android",
	"reactNative.configuration.properties.react-native.android.runArguments.device.description": "Argumenty spuštění, které se mají předat příkazu react-native run-android",
	"reactNative.configuration.properties.react-native.android.env.simulator.description": "Proměnné prostředí se předaly programu.",
	"reactNative.configuration.properties.react-native.android.env.device.description": "Proměnné prostředí se předaly programu.",
	"reactNative.configuration.properties.react-native.android.envFile.simulator.description": "Absolutní cesta k souboru, který obsahuje definice proměnných prostředí",
	"reactNative.configuration.properties.react-native.android.envFile.device.description": "Absolutní cesta k souboru, který obsahuje definice proměnných prostředí",
	"reactNative.configuration.properties.react-native.packager.port.description": "Port balíčkovače react-native",
	"reactNative.configuration.properties.react-native-tools.projectRoot.description": "Podsložka, ve které se projekt react-native nachází",
	"reactNative.configuration.properties.react-native-tools.logLevel.description": "Úroveň protokolování v rozšíření"
}