{
	"reactNative.description": "Débogage et commandes intégrées pour React Native",
	"reactNative.license": "CONSULTER LA LICENCE DANS LICENSE.txt",
	"reactNative.command.runAndroidSimulator.title": "Exécuter Android sur l'émulateur",
	"reactNative.command.runAndroidDevice.title": "Exécuter Android sur l'appareil",
	"reactNative.command.runIosSimulator.title": "Exécuter iOS sur le simulateur",
	"reactNative.command.runIosDevice.title": "Exécuter iOS sur l'appareil",
	"reactNative.command.runExponent.title": "Exécuter Expo",
	"reactNative.command.startPackager.title": "Démarrer le packager",
	"reactNative.command.stopPackager.title": "Arrêter le packager",
	"reactNative.command.restartPackager.title": "Redémarrer le packager",
	"reactNative.command.publishToExpHost.title": "Publier sur Expo",
	"reactNative.command.showDevMenu.title": "Afficher le menu du développeur",
	"reactNative.command.reloadApp.title": "Recharger l'application",
	"reactNative.command.runInspector.title": "Exécuter l'inspecteur d'élément",
	"reactNative.snippets.debugAndroid.description": "Nouvelle configuration pour le lancement de l'application react-native sur Android",
	"reactNative.snippets.debugiOS.description": "Nouvelle configuration pour le lancement de l'application react-native sur iOS",
	"reactNative.snippets.attachPackager.description": "Nouvelle configuration à attacher au packager",
	"reactNative.snippets.debugExpo.description": "Nouvelle configuration pour le lancement de l'application Expo",
	"reactNative.attach.program.description": "[DÉPRÉCIÉ. UTILISER cwd À LA PLACE] Chemin de launchReactNative.js dans le dossier vscode",
	"reactNative.attach.cwd.description": "Chemin au dossier racine du projet",
	"reactNative.attach.sourceMaps.description": "Utilisation ou non de mappages de sources JavaScript pour mapper le code en bundle généré vers ses sources d'origine",
	"reactNative.attach.sourceMapsPathOverrides.description": "Ensemble de mappages pour la réécriture des emplacements des fichiers sources à partir des indications du mappage de source vers les emplacements appropriés sur le disque. Pour plus d'informations, consultez https://github.com/microsoft/vscode-react-native/blob/master/doc/debugging.md#debugging-with-typescript-and-haul",
	"reactNative.attach.trace.description": "Niveau de journalisation dans le processus du débogueur. Peut être utile pour les diagnostics. Si la valeur est \"Trace\", tous les journaux de processus du débogueur seront disponibles dans la fenêtre de sortie 'Console de débogage'.",
	"reactNative.attach.address.description": "Adresse TCP/IP du packager auquel effectuer l'attachement à des fins de débogage. La valeur par défaut est 'localhost'.",
	"reactNative.attach.port.description": "Port du packager auquel effectuer l'attachement à des fins de débogage. La valeur par défaut est 8081.",
	"reactNative.attach.remoteRoot.description": "Racine source de l'hôte distant.",
	"reactNative.attach.localRoot.description": "Racine source locale qui correspond à 'remoteRoot'.",
	"reactNative.attach.skipFiles.description": "Groupe de noms de fichiers ou de dossiers, ou modèles Glob, à ignorer durant le débogage.",
	"reactNative.attach.debuggerWorkerUrlPath.description": "Chemin du Worker de débogueur d'application à remplacer. Par exemple, si le débogueur essaie de s'attacher à http://localhost:8081/debugger-ui/debuggerWorker.js et si vous obtenez l'erreur 404 à partir de la sortie du packager, vous pouvez remplacer la valeur de debuggerWorkerUrlPath par une autre valeur adaptée à votre packager (\"debugger-ui\" est remplacé par la valeur que vous fournissez).",
	"reactNative.launch.platform.description": "Plateforme à cibler. Valeurs possibles : 'android', 'ios', 'exponent', 'windows', 'wpf'",
	"reactNative.launch.program.description": "[DÉPRÉCIÉ. UTILISER cwd À LA PLACE] Chemin de launchReactNative.js dans le dossier vscode",
	"reactNative.launch.cwd.description": "Chemin au dossier racine du projet",
	"reactNative.launch.target.description": "Cible où effectuer l'exécution. Valeurs possibles : 'simulator', 'device', '<Android emulator/device id>', '<iOS simulator/device name>'",
	"reactNative.launch.sourceMaps.description": "Utilisation ou non de mappages de sources JavaScript pour mapper le code en bundle généré vers ses sources d'origine",
	"reactNative.launch.logCatArguments.description": "Arguments à utiliser pour LogCat (la sortie de LogCat s'affiche sur un canal de sortie). Il peut s'agir d'un tableau tel que [\":S\", \"ReactNative:V\", \"ReactNativeJS:V\"]",
	"reactNative.launch.outDir.description": "Emplacement du code JavaScript généré (fichier de bundle). Normalement, il s'agit de \"${workspaceRoot}/.vscode/.react\"",
	"reactNative.launch.runArguments.description": "Exécuter les arguments à passer à la commande 'react-native run-<platform>' (écraser tous les autres paramètres de configuration)",
	"reactNative.launch.env.description": "Variables d'environnement passées au débogueur et à la commande 'react-native run-<platform>'.",
	"reactNative.launch.envFile.description": "Chemin absolu d'un fichier contenant des définitions de variables d'environnement.",
	"reactNative.launch.variant.description": "Variante à passer à 'react-native run-android', par exemple 'devDebug' pour spécifier '--variant=devDebug'",
	"reactNative.launch.scheme.description": "Nom de schéma à passer à 'react-native run-ios', par exemple 'devDebug' pour spécifier '--scheme=devDebug'",
	"reactNative.launch.productName.description": "Nom d'affichage du bundle iOS. Par exemple, la valeur 'AwesomeProject' signifie que l'extension va rechercher le bundle 'AwesomeProject.app'",
	"reactNative.launch.skipFiles.description": "Groupe de noms de fichiers ou de dossiers, ou modèles Glob, à ignorer durant le débogage.",
	"reactNative.launch.trace.description": "Niveau de journalisation dans le processus du débogueur. Peut être utile pour les diagnostics. Si la valeur est \"Trace\", tous les journaux de processus du débogueur seront disponibles dans la fenêtre de sortie 'Console de débogage'.",
	"reactNative.launch.debuggerWorkerUrlPath.description": "Chemin du Worker de débogueur d'application à remplacer. Par exemple, si le débogueur essaie de s'attacher à http://localhost:8081/debugger-ui/debuggerWorker.js et si vous obtenez l'erreur 404 à partir de la sortie du packager, vous pouvez remplacer la valeur de debuggerWorkerUrlPath par une autre valeur adaptée à votre packager (\"debugger-ui\" est remplacé par la valeur que vous fournissez).",
	"reactNative.configuration.title": "Configuration de React Native",
	"reactNative.configuration.properties.react-native.ios.runArguments.simulator.description": "Exécuter les arguments à passer à la commande 'react-native run-ios'",
	"reactNative.configuration.properties.react-native.ios.runArguments.device.description": "Exécuter les arguments à passer à la commande 'react-native run-ios'",
	"reactNative.configuration.properties.react-native.ios.env.simulator.description": "Variables d'environnement passées au programme.",
	"reactNative.configuration.properties.react-native.ios.env.device.description": "Variables d'environnement passées au programme.",
	"reactNative.configuration.properties.react-native.ios.envFile.simulator.description": "Chemin absolu d'un fichier contenant des définitions de variables d'environnement.",
	"reactNative.configuration.properties.react-native.ios.envFile.device.description": "Chemin absolu d'un fichier contenant des définitions de variables d'environnement.",
	"reactNative.configuration.properties.react-native.android.runArguments.simulator.description": "Exécuter les arguments à passer à la commande 'react-native run-android'",
	"reactNative.configuration.properties.react-native.android.runArguments.device.description": "Exécuter les arguments à passer à la commande 'react-native run-android'",
	"reactNative.configuration.properties.react-native.android.env.simulator.description": "Variables d'environnement passées au programme.",
	"reactNative.configuration.properties.react-native.android.env.device.description": "Variables d'environnement passées au programme.",
	"reactNative.configuration.properties.react-native.android.envFile.simulator.description": "Chemin absolu d'un fichier contenant des définitions de variables d'environnement.",
	"reactNative.configuration.properties.react-native.android.envFile.device.description": "Chemin absolu d'un fichier contenant des définitions de variables d'environnement.",
	"reactNative.configuration.properties.react-native.packager.port.description": "Port du packager React Native",
	"reactNative.configuration.properties.react-native-tools.projectRoot.description": "Sous-dossier dans lequel se trouve le projet react-native",
	"reactNative.configuration.properties.react-native-tools.logLevel.description": "Niveau de journalisation dans l'extension"
}