{
	"reactNative.description": "Debug e comandi integrati per React Native",
	"reactNative.license": "VEDERE LA LICENZA IN LICENSE.txt",
	"reactNative.command.runAndroidSimulator.title": "Esegui Android nell'emulatore",
	"reactNative.command.runAndroidDevice.title": "Esegui Android nel dispositivo",
	"reactNative.command.runIosSimulator.title": "Esegui iOS nel simulatore",
	"reactNative.command.runIosDevice.title": "Esegui iOS nel dispositivo",
	"reactNative.command.runExponent.title": "Esegui Expo",
	"reactNative.command.startPackager.title": "Avvia strumento per la creazione di pacchetti",
	"reactNative.command.stopPackager.title": "Arresta strumento per la creazione di pacchetti",
	"reactNative.command.restartPackager.title": "Riavvia strumento per la creazione di pacchetti",
	"reactNative.command.publishToExpHost.title": "Pubblica in Expo",
	"reactNative.command.showDevMenu.title": "Mostra menu Sviluppatore",
	"reactNative.command.reloadApp.title": "Ricarica app",
	"reactNative.command.runInspector.title": "Esegui controllo elementi",
	"reactNative.snippets.debugAndroid.description": "Nuova configurazione per l'avvio dell'app react-native in Android",
	"reactNative.snippets.debugiOS.description": "Nuova configurazione per l'avvio dell'app react-native in iOS",
	"reactNative.snippets.attachPackager.description": "Nuova configurazione per il collegamento dello strumento per la creazione di pacchetti",
	"reactNative.snippets.debugExpo.description": "Nuova configurazione per l'avvio dell'app Expo",
	"reactNative.attach.program.description": "[DEPRECATO. IN ALTERNATIVA USARE cwd] Percorso di launchReactNative.js nella cartella vscode",
	"reactNative.attach.cwd.description": "Percorso della cartella radice del progetto",
	"reactNative.attach.sourceMaps.description": "Indica se usare i source map JavaScript per eseguire il mapping del codice in bundle generato alle origini iniziali",
	"reactNative.attach.sourceMapsPathOverrides.description": "Set di mapping per riscrivere i percorsi dei file di origine dalle posizioni indicate nel source map alle relative posizioni sul disco. Per dettagli, vedere https://github.com/microsoft/vscode-react-native/blob/master/doc/debugging.md#debugging-with-typescript-and-haul",
	"reactNative.attach.trace.description": "Livello di registrazione nel processo del debugger. Può essere utile per la diagnostica. Se è impostato su \"Traccia\", tutti i log del processo del debugger saranno disponibili nella finestra di output 'Console di debug'.",
	"reactNative.attach.address.description": "Indirizzo TCP/IP dello strumento per la creazione di pacchetti a cui collegarsi per il debug. Il valore predefinito è 'localhost'.",
	"reactNative.attach.port.description": "Porta dello strumento per la creazione di pacchetti a cui connettersi per il debug. Il valore predefinito è 8081.",
	"reactNative.attach.remoteRoot.description": "Radice di origine dell'host remoto.",
	"reactNative.attach.localRoot.description": "Radice di origine locale che corrisponde a 'remoteRoot'.",
	"reactNative.attach.skipFiles.description": "Matrice di nomi di file o di cartelle o criteri GLOB da ignorare durante il debug.",
	"reactNative.attach.debuggerWorkerUrlPath.description": "Percorso del ruolo di lavoro del debugger dell'app di cui eseguire l'override. Ad esempio, se il debugger prova a collegarsi a http://localhost:8081/debugger-ui/debuggerWorker.js e si ottiene l'errore 404 dall'output dello strumento per la creazione di pacchetti, è opportuno modificare il valore di debuggerWorkerUrlPath specificandone uno più adatto per lo strumento per la creazione di pacchetti. \"debugger-ui\" verrà sostituito con il valore specificato.",
	"reactNative.launch.platform.description": "Piattaforma di destinazione. Valori possibili: 'android', 'ios', 'exponent', 'windows', 'wpf'",
	"reactNative.launch.program.description": "[DEPRECATO. IN ALTERNATIVA USARE cwd] Percorso di launchReactNative.js nella cartella vscode",
	"reactNative.launch.cwd.description": "Percorso della cartella radice del progetto",
	"reactNative.launch.target.description": "Destinazione per l'esecuzione. Valori possibili: 'simulator', 'device', '<ID dispositivo/emulatore Android>', '<ID dispositivo/emulatore iOS>'",
	"reactNative.launch.sourceMaps.description": "Indica se usare i source map JavaScript per eseguire il mapping del codice in bundle generato alle origini iniziali",
	"reactNative.launch.logCatArguments.description": "Argomenti da usare per LogCat (l'output di LogCat verrà visualizzato in un canale di output). Può essere una matrice come [\":S\", \"ReactNative:V\", \"ReactNativeJS:V\"]",
	"reactNative.launch.outDir.description": "Il percorso del codice JavaScript generato (file di bundle). In genere dovrebbe essere \"${workspaceRoot}/.vscode/.react\"",
	"reactNative.launch.runArguments.description": "Argomenti di run da passare al comando 'react-native run-<piattaforma>' (esegue l'override di tutti gli altri parametri di configurazione)",
	"reactNative.launch.env.description": "Variabili di ambiente passate al debugger e al comando 'React-native Run-<piattaforma>'.",
	"reactNative.launch.envFile.description": "Percorso assoluto di un file che contiene le definizioni delle variabili di ambiente.",
	"reactNative.launch.variant.description": "Variante da passare a 'react-native run-android', ad esempio 'devDebug' per specificare '--variant=devDebug'",
	"reactNative.launch.scheme.description": "Nome di schema da passare a 'react-native run-ios', ad esempio 'devDebug' per specificare '--scheme=devDebug'",
	"reactNative.launch.productName.description": "Il nome visualizzato del bundle iOS, ad esempio il valore 'AwesomeProject', indica che l'estensione cercherà il bundle 'AwesomeProject.app'",
	"reactNative.launch.skipFiles.description": "Matrice di nomi di file o di cartelle o criteri GLOB da ignorare durante il debug.",
	"reactNative.launch.trace.description": "Livello di registrazione nel processo del debugger. Può essere utile per la diagnostica. Se è impostato su \"Traccia\", tutti i log del processo del debugger saranno disponibili nella finestra di output 'Console di debug'.",
	"reactNative.launch.debuggerWorkerUrlPath.description": "Percorso del ruolo di lavoro del debugger dell'app di cui eseguire l'override. Ad esempio, se il debugger prova a collegarsi a http://localhost:8081/debugger-ui/debuggerWorker.js e si ottiene l'errore 404 dall'output dello strumento per la creazione di pacchetti, è opportuno modificare il valore di debuggerWorkerUrlPath specificandone uno più adatto per lo strumento per la creazione di pacchetti. \"debugger-ui\" verrà sostituito con il valore specificato.",
	"reactNative.configuration.title": "Configurazione di React Native",
	"reactNative.configuration.properties.react-native.ios.runArguments.simulator.description": "Argomenti di run da passare al comando 'react-native run- ios'",
	"reactNative.configuration.properties.react-native.ios.runArguments.device.description": "Argomenti di run da passare al comando 'react-native run- ios'",
	"reactNative.configuration.properties.react-native.ios.env.simulator.description": "Variabili di ambiente passate al programma.",
	"reactNative.configuration.properties.react-native.ios.env.device.description": "Variabili di ambiente passate al programma.",
	"reactNative.configuration.properties.react-native.ios.envFile.simulator.description": "Percorso assoluto di un file che contiene le definizioni delle variabili di ambiente.",
	"reactNative.configuration.properties.react-native.ios.envFile.device.description": "Percorso assoluto di un file che contiene le definizioni delle variabili di ambiente.",
	"reactNative.configuration.properties.react-native.android.runArguments.simulator.description": "Argomenti di run da passare al comando 'react-native run-android'",
	"reactNative.configuration.properties.react-native.android.runArguments.device.description": "Argomenti di run da passare al comando 'react-native run-android'",
	"reactNative.configuration.properties.react-native.android.env.simulator.description": "Variabili di ambiente passate al programma.",
	"reactNative.configuration.properties.react-native.android.env.device.description": "Variabili di ambiente passate al programma.",
	"reactNative.configuration.properties.react-native.android.envFile.simulator.description": "Percorso assoluto di un file che contiene le definizioni delle variabili di ambiente.",
	"reactNative.configuration.properties.react-native.android.envFile.device.description": "Percorso assoluto di un file che contiene le definizioni delle variabili di ambiente.",
	"reactNative.configuration.properties.react-native.packager.port.description": "Porta dello strumento per la creazione di pacchetti React Native",
	"reactNative.configuration.properties.react-native-tools.projectRoot.description": "Sottocartella in cui si trova il progetto react-native",
	"reactNative.configuration.properties.react-native-tools.logLevel.description": "Livello di registrazione nell'estensione"
}