{
	"reactNative.description": "Debugowanie i zintegrowane polecenia dla platformy React Native",
	"reactNative.license": "Zobacz licencję w pliku LICENSE.txt",
	"reactNative.command.runAndroidSimulator.title": "Uruchom system Android w emulatorze",
	"reactNative.command.runAndroidDevice.title": "Uruchom system Android na urządzeniu",
	"reactNative.command.runIosSimulator.title": "Uruchom system iOS na symulatorze",
	"reactNative.command.runIosDevice.title": "Uruchom system iOS na urządzeniu",
	"reactNative.command.runExponent.title": "Uruchom środowisko Expo",
	"reactNative.command.startPackager.title": "Uruchom narzędzie do tworzenia pakietów",
	"reactNative.command.stopPackager.title": "Zatrzymaj narzędzie do tworzenia pakietów",
	"reactNative.command.restartPackager.title": "Uruchom ponownie narzędzie do tworzenia pakietów",
	"reactNative.command.publishToExpHost.title": "Publikuj w środowisku Expo",
	"reactNative.command.showDevMenu.title": "Pokaż menu dewelopera",
	"reactNative.command.reloadApp.title": "Załaduj ponownie aplikację",
	"reactNative.command.runInspector.title": "Uruchom inspektora elementów",
	"reactNative.snippets.debugAndroid.description": "Nowa konfiguracja na potrzeby uruchamiania aplikacji platformy React Native w systemie Android",
	"reactNative.snippets.debugiOS.description": "Nowa konfiguracja na potrzeby uruchamiania aplikacji platformy React Native w systemie iOS",
	"reactNative.snippets.attachPackager.description": "Nowa konfiguracja na potrzeby dołączania do narzędzia do tworzenia pakietów",
	"reactNative.snippets.debugExpo.description": "Nowa konfiguracja na potrzeby uruchamiania aplikacji środowiska Expo",
	"reactNative.attach.program.description": "[PRZESTARZAŁE. UŻYJ W ZASTĘPSTWIE cwd] Ścieżka do pliku launchReactNative.js w folderze vscode",
	"reactNative.attach.cwd.description": "Ścieżka do głównego folderu projektu",
	"reactNative.attach.sourceMaps.description": "Czy użyć map źródła kodu JavaScript do zamapowania wygenerowanego kodu w pakiecie z powrotem na jego oryginalne źródła",
	"reactNative.attach.sourceMapsPathOverrides.description": "Zestaw mapowań na potrzeby przepisania lokalizacji plików źródłowych z lokalizacji określonych przez mapę źródła do ich lokalizacji na dysku. Aby uzyskać szczegółowe informacje, zobacz https://github.com/microsoft/vscode-react-native/blob/master/doc/debugging.md#debugging-with-typescript-and-haul",
	"reactNative.attach.trace.description": "Poziom rejestrowania w procesie debugera. Może być przydatny do celów diagnostyki. Po ustawieniu opcji „Śledź” wszystkie dzienniki procesu debugera będą dostępne w oknie danych wyjściowych „Konsola debugowania”.",
	"reactNative.attach.address.description": "Adres TCP/IP narzędzia do tworzenia pakietów, który należy dołączyć w celu przeprowadzenia debugowania. Wartość domyślna to „localhost”.",
	"reactNative.attach.port.description": "Port narzędzia do tworzenia pakietów, który należy dołączyć w celu przeprowadzenia debugowania. Wartość domyślna to 8081.",
	"reactNative.attach.remoteRoot.description": "Katalog główny źródła zdalnego hosta.",
	"reactNative.attach.localRoot.description": "Lokalny katalog główny źródła, który odpowiada elementowi „remoteRoot”.",
	"reactNative.attach.skipFiles.description": "Tablica nazw plików lub folderów, albo wzorce globalne, do pomijania podczas debugowania.",
	"reactNative.attach.debuggerWorkerUrlPath.description": "Ścieżka do procesu roboczego debugera aplikacji do przesłonięcia. Jeśli na przykład debuger próbuje dołączyć do pliku http://localhost:8081/debugger-ui/debuggerWorker.js, a dane wyjściowe narzędzia do tworzenia pakietów zawierają błąd 404, możesz zmienić ścieżkę debuggerWorkerUrlPath na inną wartość odpowiednią dla Twojego narzędzia do tworzenia pakietów (element „debugger-ui” zostanie zastąpiony podaną przez Ciebie wartością).",
	"reactNative.launch.platform.description": "Platforma docelowa. Możliwe wartości: „android”, „ios”, „exponent”, „windows”, „wpf”",
	"reactNative.launch.program.description": "[PRZESTARZAŁE. UŻYJ W ZASTĘPSTWIE cwd] Ścieżka do pliku launchReactNative.js w folderze vscode",
	"reactNative.launch.cwd.description": "Ścieżka do głównego folderu projektu",
	"reactNative.launch.target.description": "Element docelowy, na którym aplikacja ma być uruchamiania. Możliwe wartości: „simulator”, „device”, „<identyfikator emulatora/urządzenia z systemem Android>”, „<nazwa symulatora/urządzenia z systemem iOS>”",
	"reactNative.launch.sourceMaps.description": "Czy użyć map źródła kodu JavaScript do zamapowania wygenerowanego kodu w pakiecie z powrotem na jego oryginalne źródła",
	"reactNative.launch.logCatArguments.description": "Argumenty do użycia dla narzędzia LogCat (dane wyjściowe narzędzia LogCat będą wyświetlane na kanale wyjściowym). Może to być tablica, taka jak: [\":S\", \"ReactNative:V\", \"ReactNativeJS:V\"]",
	"reactNative.launch.outDir.description": "Lokalizacja wygenerowanego kodu JavaScript (pliku pakietu). Zazwyczaj powinna to być lokalizacja „${workspaceRoot}/.vscode/.react”",
	"reactNative.launch.runArguments.description": "Argumenty uruchomienia do przekazania do polecenia „react-native run-<platforma>” (przesłoń wszystkie inne parametry konfiguracji)",
	"reactNative.launch.env.description": "Zmienne środowiskowe przekazywane do debugera i polecenia „react-native run-<platforma>”.",
	"reactNative.launch.envFile.description": "Ścieżka bezwzględna do pliku zawierającego definicje zmiennych środowiskowych.",
	"reactNative.launch.variant.description": "Wariant do przekazania do polecenia „react-native run-android”, np. „devDebug” w celu określenia wariantu „--variant=devDebug”",
	"reactNative.launch.scheme.description": "Nazwa schematu do przekazania do polecenia „react-native run-ios”, np. „devDebug” w celu określenia nazwy „--scheme=devDebug”",
	"reactNative.launch.productName.description": "Nazwa wyświetlana pakietu systemu iOS, na przykład wartość „GenialnyProjekt” oznacza, że rozszerzenie będzie szukać pakietu „GenialnyProjekt.app”",
	"reactNative.launch.skipFiles.description": "Tablica nazw plików lub folderów, albo wzorce globalne, do pomijania podczas debugowania.",
	"reactNative.launch.trace.description": "Poziom rejestrowania w procesie debugera. Może być przydatny do celów diagnostyki. Po ustawieniu opcji „Śledź” wszystkie dzienniki procesu debugera będą dostępne w oknie danych wyjściowych „Konsola debugowania”.",
	"reactNative.launch.debuggerWorkerUrlPath.description": "Ścieżka do procesu roboczego debugera aplikacji do przesłonięcia. Jeśli na przykład debuger próbuje dołączyć do pliku http://localhost:8081/debugger-ui/debuggerWorker.js, a dane wyjściowe narzędzia do tworzenia pakietów zawierają błąd 404, możesz zmienić ścieżkę debuggerWorkerUrlPath na inną wartość odpowiednią dla Twojego narzędzia do tworzenia pakietów (element „debugger-ui” zostanie zastąpiony podaną przez Ciebie wartością).",
	"reactNative.configuration.title": "Konfiguracja platformy React Native",
	"reactNative.configuration.properties.react-native.ios.runArguments.simulator.description": "Argumenty uruchomienia do przekazania do polecenia „react-native run-ios”",
	"reactNative.configuration.properties.react-native.ios.runArguments.device.description": "Argumenty uruchomienia do przekazania do polecenia „react-native run-ios”",
	"reactNative.configuration.properties.react-native.ios.env.simulator.description": "Zmienne środowiskowe przekazywane do programu.",
	"reactNative.configuration.properties.react-native.ios.env.device.description": "Zmienne środowiskowe przekazywane do programu.",
	"reactNative.configuration.properties.react-native.ios.envFile.simulator.description": "Ścieżka bezwzględna do pliku zawierającego definicje zmiennych środowiskowych.",
	"reactNative.configuration.properties.react-native.ios.envFile.device.description": "Ścieżka bezwzględna do pliku zawierającego definicje zmiennych środowiskowych.",
	"reactNative.configuration.properties.react-native.android.runArguments.simulator.description": "Argumenty uruchomienia do przekazania do polecenia „react-native run-android”",
	"reactNative.configuration.properties.react-native.android.runArguments.device.description": "Argumenty uruchomienia do przekazania do polecenia „react-native run-android”",
	"reactNative.configuration.properties.react-native.android.env.simulator.description": "Zmienne środowiskowe przekazywane do programu.",
	"reactNative.configuration.properties.react-native.android.env.device.description": "Zmienne środowiskowe przekazywane do programu.",
	"reactNative.configuration.properties.react-native.android.envFile.simulator.description": "Ścieżka bezwzględna do pliku zawierającego definicje zmiennych środowiskowych.",
	"reactNative.configuration.properties.react-native.android.envFile.device.description": "Ścieżka bezwzględna do pliku zawierającego definicje zmiennych środowiskowych.",
	"reactNative.configuration.properties.react-native.packager.port.description": "Port narzędzia do tworzenia pakietów platformy React Native",
	"reactNative.configuration.properties.react-native-tools.projectRoot.description": "Podfolder, w którym znajduje się projekt platformy React Native",
	"reactNative.configuration.properties.react-native-tools.logLevel.description": "Poziom rejestrowania w rozszerzeniu"
}