<?xml version="1.0"?>
<doc>
    <assembly>
        <name>Microsoft.VisualStudio.LiveShare.Common</name>
    </assembly>
    <members>
        <member name="T:Microsoft.Cascade.Common.AsyncDisposable">
            <summary>
            Base class that makes it easier to implement IAsyncDisposable.
            </summary>
        </member>
        <member name="M:Microsoft.Cascade.Common.CollectionExtensions.In``1(``0,``0[])">
            <summary>
            Determines whether an argument sequence contains a specified element, similar to the "IN" operator in SQL.
            </summary>
            <typeparam name="T">The type of the elements of source</typeparam>
            <param name="item">The value to locate in the sequence</param>
            <param name="list">A sequence in which to locate a value</param>
        </member>
        <member name="M:Microsoft.Cascade.Common.CollectionExtensions.DisposeAsync``1(System.Collections.Generic.IEnumerable{``0},System.Diagnostics.TraceSource)">
            <summary>
            Enumerate over <paramref name="objects"/> and dispose all items that support
            either <see cref="T:Microsoft.VisualStudio.Threading.IAsyncDisposable"/> or <see cref="T:System.IDisposable"/>.
            If both <see cref="T:Microsoft.VisualStudio.Threading.IAsyncDisposable"/> and <see cref="T:System.IDisposable"/> are supported, prefer <see cref="T:Microsoft.VisualStudio.Threading.IAsyncDisposable"/>.
            If there is any exception during disposal, trace it as an error event in <paramref name="trace"/>.
            </summary>
            <typeparam name="T">Type of the objects in <paramref name="objects"/> enumeration.</typeparam>
            <param name="objects">Objects enumeration to dispose. Not null.</param>
            <param name="trace">Trace source to trace exceptions to.</param>
            <returns>Task that completes when all <paramref name="objects"/> dispose.</returns>
            <exception cref="T:System.ArgumentNullException">If <paramref name="objects"/> or <paramref name="trace"/> is null.</exception>
        </member>
        <member name="T:Microsoft.Cascade.Common.ConcurrencyGuard">
            <summary>
            Helper to ensure that an exception is thrown when certain operations are attempted concurrently.
            </summary>
            <remarks>
            Throws an exception if a concurrent operation is attempted, rather than waiting for the previous
            operation to finish. (If a wait is desired, use an ordinary lock / mutex.)
            </remarks>
        </member>
        <member name="M:Microsoft.Cascade.Common.ConcurrencyGuard.StartOperation(System.String)">
             <summary>
             Begins a new guarded operation.
             </summary>
             <param name="operationName">Name of the operation. Defaults to the calling method name.</param>
             <returns>Object that must be disposed when the guarded operation is complete.</returns>
             <exception cref="T:System.InvalidOperationException">If another guarded operation currently running.</exception>
             <example>
                 class Example
                 {
                     private readonly ConcurrencyGuard concurrencyGuard = new ConcurrencyGuard();
            
                     public void SomeGuardedMethod()
                     {
                         using (concurrencyGuard.StartOperation())
                         {
                             // Perform the operation without concern for concurrent calls.
                         }
                     }
                 }
             </example>
        </member>
        <member name="T:Microsoft.Cascade.Common.ConcurrentOperationRunningException">
            <summary>
            Exception that indicates that an operaiton cannot start because a concurrent operation is already running.
            </summary>
        </member>
        <member name="M:Microsoft.Cascade.Common.ConcurrentOperationRunningException.#ctor(System.String)">
            <summary>
            Create an instance of <see cref="T:Microsoft.Cascade.Common.ConcurrentOperationRunningException"/>.
            </summary>
            <param name="message">Exception message.</param>
        </member>
        <member name="M:Microsoft.Cascade.Common.Http.EnvironmentWebProxy.GetUriFromString(System.String)">
            <summary>
            This function will evaluate given string and it will try to convert
            it to Uri object. The string could contain URI fragment, IP address and  port
            tuple or just IP address or name. It will return null if parsing fails.
            </summary>
        </member>
        <member name="M:Microsoft.Cascade.Common.Http.EnvironmentWebProxy.IsMatchInBypassList(System.Uri)">
            <summary>
            This function returns true if given Host match bypass list.
            Note, that the list is common for http and https.
            </summary>
        </member>
        <member name="M:Microsoft.Cascade.Common.Http.EnvironmentWebProxy.EnvironementWebProxyCredentials.GetCredentialsFromString(System.String)">
            <summary>
            Converts string containing user:password to NetworkCredential object
            </summary>
        </member>
        <member name="M:Microsoft.Cascade.Common.IdGenerator.GenerateToken">
            <summary>
            Generates an URL-friendly unique ID
            </summary>
        </member>
        <member name="T:Microsoft.Cascade.Common.IOHelperOptions">
            <summary>
            Options for performing IO operation
            </summary>
        </member>
        <member name="P:Microsoft.Cascade.Common.IOHelperOptions.OperationSucceeded">
            <summary>
            A delegate that is called when the operation succeeds.
            The first argument is the total elapsed time for all attempts.
            The second argument is the number of attempts, including the last successful one. If succeeded on the first attempt, it is 1.
            </summary>
        </member>
        <member name="P:Microsoft.Cascade.Common.IOHelperOptions.OperationFailedOnFirstAttempt">
            <summary>
            A delegate that is called when the operation fails for the first time.
            The argument is the elapsed time for the first attempt.
            </summary>
        </member>
        <member name="P:Microsoft.Cascade.Common.IOHelperOptions.ShouldRetryOnException">
            <summary>
            A delegate that determines whether <see cref="T:Microsoft.Cascade.Common.IOHelper"/> should retry IO operation on exception.
            </summary>
        </member>
        <member name="T:Microsoft.Cascade.Common.IOHelper">
            <summary>
            Helper class for performing IO operations with retries
            </summary>
        </member>
        <member name="T:Microsoft.Cascade.Common.PipeStream">
            <summary>
            A generic pipe stream that support the producer/consumer pattern
            </summary>
            <remarks>
            The pipe is thread safe up to one producer and one consumer thread.
            </remarks>
        </member>
        <member name="M:Microsoft.Cascade.Common.PipeStream.#ctor(System.Threading.CancellationToken)">
            <summary>Initializes a new instance of <see cref="T:Microsoft.Cascade.Common.PipeStream" />.</summary>
            <param name="cancellationToken">Cancellation token for the whole stream.</param>
        </member>
        <member name="M:Microsoft.Cascade.Common.PipeStream.StopReading">
            <summary>
            Allows to control if we want to accept Read request without the need to signal the cancellation token
            </summary>
        </member>
        <member name="T:Microsoft.Cascade.Common.ProtocolConverter.SystemUriConverter">
            <summary>
            Implements IProtocolConverter by converting to a Uri with a scheme
            </summary>
        </member>
        <member name="M:Microsoft.Cascade.Common.ProtocolConverter.SystemUriConverter.CreateForHost(System.Collections.Generic.IEnumerable{System.String},Microsoft.Cascade.Common.ProtocolConverter.SystemUriConverterPrefixMode)">
            <summary>
            Create a new instance of vsls: <see cref="T:Microsoft.Cascade.Common.ProtocolConverter.SystemUriConverter"/> for host
            </summary>
        </member>
        <member name="M:Microsoft.Cascade.Common.ProtocolConverter.SystemUriConverter.#ctor(System.Collections.Generic.IEnumerable{System.String},Microsoft.Cascade.Common.ProtocolConverter.SystemUriConverterPrefixMode,System.Boolean,Microsoft.Cascade.Contracts.IFileService,System.Diagnostics.TraceSource)">
            <summary>
            Create a new instance of vsls: <see cref="T:Microsoft.Cascade.Common.ProtocolConverter.SystemUriConverter"/>.
            </summary>
        </member>
        <member name="M:Microsoft.Cascade.Common.ProtocolConverter.SystemUriConverter.ToFullyQualifiedPath(System.String)">
             <summary>
             When provided with a path that is not rooted (e.g. that is relative), it will
             find the root it's relative to, and return the fully qualified path for the file.
            
             If the file is _already_ rooted, it'll make sure that it resolves the actual
             path through ..\..\.. etc.
             </summary>
             <param name="path"></param>
             <returns></returns>
        </member>
        <member name="M:Microsoft.Cascade.Common.ProtocolConverter.SystemUriConverter.TryGetLocalPathFromProtocolPath(System.String)">
            <summary>
            Get local file path from protocol (vsls) URI with <paramref name="protocolPath"/>, and no host.
            Returns null if it cannot convert the uri or if <paramref name="protocolPath"/> is null.
            </summary>
            <param name="protocolPath">Protocol (vsls) URI path, unescaped.</param>
            <returns>Local file full path with Path.DirectorySeparator separators or null.</returns>
        </member>
        <member name="M:Microsoft.Cascade.Common.ProtocolConverter.SystemUriConverter.ToRelativePath(System.String)">
            <summary>
            Try to convert <paramref name="path"/> to remote path.
            </summary>
            <param name="path">Local file path to convert to remove path. Not null.</param>
            <returns>
            Unchanged <paramref name="path"/> if it is not rooted.
            Local file path from file: URI from <paramref name="path"/> if it cannot be converted to protocol (vsls) URI.
            Otherwise, unescaped path of the protcol (vsls) URI that was converted from file: URI with <paramref name="path"/>.
            </returns>
        </member>
        <member name="T:Microsoft.Cascade.Common.RestrictedOperations">
            <summary>
            Well-known restricted operation instances.
            </summary>
        </member>
        <member name="T:Microsoft.Cascade.Common.Settings.ServiceEndpoints">
            <summary>
            Defines the default endpoints for the different Live Share services.
            The purpose of this class is to ensure consistency between the different Live Share default endpoints based on the Azure environment.
            This class can be initialized with the core Live Share service endpoint which is used to resolve other endpoints based on the endpoint Azure environment,
            by default the PROD environment is used.
            </summary>
        </member>
        <member name="F:Microsoft.Cascade.Common.Settings.ServiceEndpoints.EndpointURIs">
            <summary>
            Standard Live Share endpoint URIs.
            </summary>
        </member>
        <member name="M:Microsoft.Cascade.Common.Settings.ServiceEndpoints.#ctor(System.String,System.Boolean)">
            <summary>
            Ctr to initialize endpoints from the core Live Share service endpoint.
            </summary>
            <param name="liveShareServiceEndpoint">The core Live Share endoint. If specified, it is used to resolve the Azure environment and other service endpoints.</param>
            <param name="allowCustomEndpoints">when true, the specified endpoint can be different from the well-known Live Share service endpoints.</param>
        </member>
        <member name="M:Microsoft.Cascade.Common.Settings.ServiceEndpoints.#ctor(System.String,System.String,System.String,System.String,System.Boolean)">
            <summary>
            Ctr that allows for custom service endpoints.
            </summary>
            <param name="liveShareServiceEndpoint">The core Live Share endpoint</param>
            <param name="authTokenServiceEndpoint">The authentication token service endpoint</param>
            <param name="authTokenAudience">The authentication token audience</param>
            <param name="signalRServiceEndpoint">The presence service endpoint</param>
            <remarks>This constructor should be used with care, only when endpoints cannot be resolved from the core Live Share endpoint.</remarks>
        </member>
        <member name="M:Microsoft.Cascade.Common.Settings.ServiceEndpoints.#ctor(Microsoft.Cascade.Common.Settings.ServiceEndpoints.AzureEnvironment)">
            <summary>
            test ctr.
            </summary>
            <param name="environment"></param>
        </member>
        <member name="P:Microsoft.Cascade.Common.Settings.ServiceEndpoints.Environment">
            <summary>
            The Azure environment the endpoint is deployed to.
            </summary>
        </member>
        <member name="P:Microsoft.Cascade.Common.Settings.ServiceEndpoints.Defaults">
            <summary>
            The default set of endpoints.
            </summary>
        </member>
        <member name="P:Microsoft.Cascade.Common.Settings.ServiceEndpoints.AllowCustomEndpoint">
            <summary>
            Determines whether an endpoint with schema and/or host different from the predefined Live Share endpoints is allowed.
            </summary>
        </member>
        <member name="M:Microsoft.Cascade.Common.Settings.ServiceEndpoints.Initialize(System.String,System.String,System.String,System.String,System.Boolean,System.Boolean)">
            <summary>
            Initializes service endpoints.
            </summary>
            <param name="liveShareServiceEndpoint">The core Live Share endpoint</param>
            <param name="authTokenServiceEndpoint">The authentication token service endpoint</param>
            <param name="authTokenAudience">The authentication token audience</param>
            <param name="signalRServiceEndpoint">The presence service endpoint</param>
            <param name="allowCustomEndpoints">When true, service endpoints can have non-standard Live Share values.</param>
            <param name="force">When true, the class can be reinitialized. An exception is thrown when false and reinitialization is attempted.</param>
            <remarks>
            Endpoints are resolved from the core Live Share service Azure environment, when not specified, Prod is assumed.
            Custom endpoints can be specified when the <see cref="P:Microsoft.Cascade.Common.Settings.ServiceEndpoints.AllowCustomEndpoint"/> property has been set to true, otherwise an exception is thrown
            when any of the endpoints resolve to a different <see cref="T:Microsoft.Cascade.Common.Settings.ServiceEndpoints.AzureEnvironment"/> value; this is to ensure service compatibility.
            This method is not thread-safe.
            </remarks>
        </member>
        <member name="M:Microsoft.Cascade.Common.Settings.ServiceEndpoints.IsDefault(System.String)">
            <summary>
            Determines whether the specified endpoint is a default Live Share endoint.
            </summary>
            <param name="endpoint"></param>
            <returns></returns>
        </member>
        <member name="M:Microsoft.Cascade.Common.Settings.ServiceEndpoints.IsEnvironment(System.String,Microsoft.Cascade.Common.Settings.ServiceEndpoints.AzureEnvironment)">
            <summary>
            Determines whether the specified endpoint is deployed in the specified Azure environment.
            </summary>
            <param name="endpoint"></param>
            <param name="environment"></param>
            <returns></returns>
        </member>
        <member name="M:Microsoft.Cascade.Common.Settings.ServiceEndpoints.IsValidServiceUri(System.Uri)">
            <summary>
            Determines whether the specified Uri represents a valid Live Share endpoint.
            </summary>
            <param name="serviceUri"></param>
            <returns></returns>
        </member>
        <member name="P:Microsoft.Cascade.Common.Settings.ServiceEndpoints.LiveShareService">
            <summary>
            The core Live Share service endpoint.
            </summary>
        </member>
        <member name="P:Microsoft.Cascade.Common.Settings.ServiceEndpoints.AuthTokenService">
            <summary>
            The token exchange service endpoint.
            </summary>
        </member>
        <member name="P:Microsoft.Cascade.Common.Settings.ServiceEndpoints.AuthTokenAudience">
            <summary>
            The token exchange service audience.
            </summary>
        </member>
        <member name="P:Microsoft.Cascade.Common.Settings.ServiceEndpoints.SignalRService">
            <summary>
            The presence service endpoint.
            </summary>
        </member>
        <member name="T:Microsoft.Cascade.Common.PathHelper">
            <summary>
            A collection of file system path analysis and manipulation functions.
            </summary>
        </member>
        <member name="M:Microsoft.Cascade.Common.PathHelper.MakeRooted(System.String,System.String)">
            <summary>
            Generates an absolute path from a base path and another path.
            </summary>
            <param name="basePath">
            An absolute path to use as the root if <paramref name="path"/> is relative.
            IMPORTANT: if basePath is a directory, it must end with a directory separator character or else
            it will be treated like a filename and discarded.
            </param>
            <param name="path">A relative or absolute path, that needs to be absolute.</param>
            <exception cref="T:System.ArgumentException">Thrown when the <paramref name="basePath"/> argument is not an absolute path.</exception>
            <returns>
            A normalized, absolute path.  A path with relative parents (i.e. c:\temp\tmp\..\a.txt) will never be returned.
            Not necessarily canonical, in that the file casing of the path is not guaranteed to be consistent.
            </returns>
        </member>
        <member name="M:Microsoft.Cascade.Common.PathHelper.MakeRelative(System.String,System.String)">
            <summary>
            given the absolute location of a file, and a disc location, returns relative file path to that disk location.
            </summary>
            <param name="basePath">
            The base path we want to relativize to. Must be absolute.
            Should <i>not</i> include a filename as the last segment will be interpreted as a directory.
            </param>
            <param name="path">
            The path we need to make relative to basePath.  The path can be either absolute path or a relative path in which case it is relative to the base path
            </param>
            <returns>
            The relative path (can be the full path when no relationship exists).
            If <paramref name="basePath"/> and <paramref name="path"/> are equivalent, the empty string is returned.
            </returns>
        </member>
        <member name="M:Microsoft.Cascade.Common.PathHelper.EnsureNoTrailingSlash(System.String)">
            <summary>
            Make sure there is no [unnecessary] trailing directory separator.
            </summary>
            <param name="path">directory path</param>
            <returns>directory path without trailing slash</returns>
        </member>
        <member name="M:Microsoft.Cascade.Common.PathHelper.EnsureTrailingSlash(System.String,System.Char)">
            <summary>
            Make sure there is a trailing directory separator.
            </summary>
            <param name="path">directory path</param>
            <param name="directorySeparatorChar">Directory separator char</param>
            <returns>directory path with trailing slash</returns>
        </member>
        <member name="M:Microsoft.Cascade.Common.PathHelper.IsInDirectoryCone(System.String,System.String)">
            <summary>
            Detects whether a given file falls within a given directory.
            </summary>
            <param name="directory">The absolute, normalized path to the directory.</param>
            <param name="file">The absolute, normalized path to the file.</param>
            <returns><c>true</c> if the given file falls within the given directory.</returns>
            <remarks>
            The current implementation of this method does NOT normalize the paths before the check.
            </remarks>
        </member>
        <member name="M:Microsoft.Cascade.Common.PathHelper.IsRooted(System.String)">
            <summary>
            Tests a path to see if it is absolute or not.  More reliable that Path.IsPathRooted.
            </summary>
            <param name="path">The path to check.</param>
            <returns><c>true</c> if the path is rooted; <c>false</c> otherwise.</returns>
        </member>
        <member name="M:Microsoft.Cascade.Common.PathHelper.IsFolder(System.String)">
            <summary>
            Check if path is a directory
            </summary>
            <param name="fullPath">The path to check</param>
            <returns>true if the path is a directory</returns>
        </member>
        <member name="M:Microsoft.Cascade.Common.PathHelper.GetCorrectCapitalization(System.IO.DirectoryInfo)">
            <summary>
            Gets the correctly cased path for a given directory.
            </summary>
            <param name="di">Directory to find the correct casing for.</param>
            <returns>New directory with correctly cased path.</returns>
        </member>
        <member name="M:Microsoft.Cascade.Common.PathHelper.IsPathValid(System.String)">
            <summary>
            Verify a valid path
            </summary>
            <param name="path">The path to verify</param>
            <returns>True if a valid path</returns>
        </member>
        <member name="M:Microsoft.Cascade.Common.PathHelper.PathNeedsNormalization(System.String)">
            <summary>
            A few fast checks that determine whether normalization of a path is warranted.
            </summary>
            <param name="path">A non-empty path.</param>
            <returns><c>true</c> if normalization is likely needed; <c>false</c> if normalization doesn't appear to be needed.</returns>
            <remarks>
            In the interest of executing very fast (since this method is used in fast-or-slow-path checks)
            this method by no means is comprehensive, but it should catch the common causes for needing normalization.
            </remarks>
        </member>
        <member name="M:Microsoft.Cascade.Common.PathHelper.CreateUriFromPath(System.String)">
            <summary>
            Helper function to create Uri object form path.
            </summary>
            <param name="path">path string</param>
            <returns>uri object</returns>
        </member>
        <member name="M:Microsoft.Cascade.Common.PathHelper.CleanupLocalFilePath(System.String)">
            <summary>
            Fixes common problems with local paths like double-backslash.
            </summary>
            <param name="path">The path to fix up.</param>
            <returns>The cleaned up path.</returns>
        </member>
        <member name="M:Microsoft.Cascade.Tracing.TracingConfig.CreateTraceSource(System.String,System.Nullable{System.Diagnostics.SourceLevels},System.Collections.Generic.IEnumerable{System.Int32})">
            <summary>
            Creates a new trace source with pre-configured console and log-file trace listeners,
            suitable for use with a console app.
            </summary>
            <param name="name">Name of the trace source, and log file suffix.</param>
            <param name="consoleVerbosity">Verbosity level of console trace filtering,
            if overriding the default.</param>
            <param name="unfilteredConsoleEvents">Optional enumeration of event ids that go to console unfiltered, ignoring console verbosity.</param>
        </member>
    </members>
</doc>
