{
	"extension.description": "AI-assisted development",
	"setting.modelDownloadPath": "다운로드한 모델 파일이 저장되는 폴더 경로를 지정합니다. 지정되지 않은 경우 기본값은 확장 설치 디렉터리입니다.",
	"setting.pythonEnabled": "Python용 Visual Studio IntelliCode 완성 사용",
	"setting.javaEnabled": "Java용 Visual Studio IntelliCode 완성 사용",
	"setting.typescriptEnabled": "TypeScript 및 JavaScript용 Visual Studio IntelliCode 완성 사용",
	"setting.sqlEnabled": "MSSQL용 Visual Studio IntelliCode 완성 사용",
	"setting.suggestSelection.markdown": "IntelliCode에서 제안한 완성 항목이 표시되지 않는 값('recentlyUsed')으로 설정된 경우 Visual Studio IntelliCode가 'editor.suggestSelection'을 수정할지 여부를 제어합니다.",
	"setting.suggestSelection.enabled": "IntelliCode가 사용자를 대신하여 editor.suggestSelection 설정을 수정할 수 있습니다.",
	"setting.suggestSelection.disabled": "IntelliCode에서 이 구성을 제어하도록 명시적으로 옵트아웃했습니다.",
	"setting.suggestSelection.automaticallyOverrodeDefaultValue": "(이 설정을 수동으로 설정하지 마세요.) IntelliCode에서 구성이 기본값을 재정의하도록 자동으로 수정되었음을 기록하도록 설정합니다.",
	"setting.suggestSelection.choseToUpdateConfiguration": "(이 설정을 수동으로 설정하지 마세요.) IntelliCode에서 IntelliCode가 명시적으로 설정된 값에서 구성을 변경할 수 있도록 선택했음을 기록하도록 설정합니다.",
	"feature.apiExamples.markdown": "IntelliCode API 사용 예제 확장을 vscode intellicode 사용자로 승격합니다."
}