{
  "NetCoreLinux": {
    "LICENSE.txt": "cfc21f5e8bd655ae997eec916138b707b1d290b83272c02a95c9f821b8c87310",
    "ThirdPartyNotices.txt": "e7e3492d0251ce6ba47592d26f54f66d7ace8abba94881c28a2fe83ab5da303a",
    "dotnet": "6f3ff59da2197414e0b4164d615a03afa4107380df1af91b3f64652fa3607c72",
    "host/fxr/3.1.14/libhostfxr.so": "ac67f6cdee5450705719ea46b5c02411c0027bed5f5d158a110d6db084cd43c0",
    "shared/Microsoft.NETCore.App/3.1.14/Microsoft.CSharp.dll": "5fcb86e36790540f2bdabff2023dc7433c2aaa8d35c2b6df54652ba644f92604",
    "shared/Microsoft.NETCore.App/3.1.14/Microsoft.NETCore.App.deps.json": "74c33f3448f4fe01b219728ee5dd8dbc0f245e96906c1c69199b3e94601a6c44",
    "shared/Microsoft.NETCore.App/3.1.14/Microsoft.VisualBasic.Core.dll": "56b190acd0d8840ee4dce636ab700a4a4ece280a3bb35ff5ac301c4ff1e015c4",
    "shared/Microsoft.NETCore.App/3.1.14/Microsoft.VisualBasic.dll": "d0cb8b77e0945003904b50acfa06572eb25348a38875dc8a7443227b32d986ce",
    "shared/Microsoft.NETCore.App/3.1.14/Microsoft.Win32.Primitives.dll": "fe5e799725c5e5f06d634337cc16454f742a2878877dc48896a78b08f3157848",
    "shared/Microsoft.NETCore.App/3.1.14/Microsoft.Win32.Registry.dll": "ac8aa7673c999c8ec666022af98efa9f68bdc2a99b0d9ac9aa7e5d2a63d4c586",
    "shared/Microsoft.NETCore.App/3.1.14/SOS_README.md": "12be46b7b37680c79f9e9e7d29fd8ed20d42116c17f6ef93d3d5bb133e24621a",
    "shared/Microsoft.NETCore.App/3.1.14/System.AppContext.dll": "03e751ddc4677836093f92e2d800a078a41c2d6cab05e3c3154c4da449bdc842",
    "shared/Microsoft.NETCore.App/3.1.14/System.Buffers.dll": "2764fd273749f7ebc29c847c81cfa6a5ce131907e7c093f433e0306b8facd76c",
    "shared/Microsoft.NETCore.App/3.1.14/System.Collections.Concurrent.dll": "5295526eca737d58607d3e76b6c056adb6512a572adb97c0ceec178d497c5762",
    "shared/Microsoft.NETCore.App/3.1.14/System.Collections.Immutable.dll": "587707f6dc087a739c70afb76bd02a5d30fac2b3aa46cccb633a3f64fed32085",
    "shared/Microsoft.NETCore.App/3.1.14/System.Collections.NonGeneric.dll": "0c1976cc1872bb357b98c7a5405c6c97505684068f223cd08517e8458ee194af",
    "shared/Microsoft.NETCore.App/3.1.14/System.Collections.Specialized.dll": "75fcc2c89779a66707c9fbae0ed6b0e808c93617cda9da70e3dcabb8a5618baf",
    "shared/Microsoft.NETCore.App/3.1.14/System.Collections.dll": "52b4be6efe58eadb297505b3330d88e9a8c8a097cdf6b01c4e53f760dcde12a7",
    "shared/Microsoft.NETCore.App/3.1.14/System.ComponentModel.Annotations.dll": "a6efd1d421c0152adf593eacc5acd773cd4270276503bf6ce4f88b08b4b32f7d",
    "shared/Microsoft.NETCore.App/3.1.14/System.ComponentModel.DataAnnotations.dll": "f61110d260cc22a311781f21366a47150ee72bc0a3b5070d112f7b4d89dc47b3",
    "shared/Microsoft.NETCore.App/3.1.14/System.ComponentModel.EventBasedAsync.dll": "e15701ff31f992f8de714eba8127bb15c8e2d4dab6dc4aebdc55f4681d713df2",
    "shared/Microsoft.NETCore.App/3.1.14/System.ComponentModel.Primitives.dll": "bdb1ec5d38857068d293f8c4420de8521cf54f99db991e83263ce73c1c25dabb",
    "shared/Microsoft.NETCore.App/3.1.14/System.ComponentModel.TypeConverter.dll": "706e529be6ac31b3aff208a71b654c73191978d711e62c884462b13d387f50dc",
    "shared/Microsoft.NETCore.App/3.1.14/System.ComponentModel.dll": "ad983f8cf13890d93ee8bc20e4db83bf141cff302e27ac6cc4661402edeae503",
    "shared/Microsoft.NETCore.App/3.1.14/System.Configuration.dll": "49fe6a667eb5fc7902bad768974da33eeaf10bebe87e1a11e4934a7161a5793a",
    "shared/Microsoft.NETCore.App/3.1.14/System.Console.dll": "2f5aac10972501022a419bddf7617d33e74024dee8d08a8aa37d4e31572ccc6f",
    "shared/Microsoft.NETCore.App/3.1.14/System.Core.dll": "a5a5996591e1e6f7a8081d8e9b384cd49d2f13492a7134469b7befbac8a1de1d",
    "shared/Microsoft.NETCore.App/3.1.14/System.Data.Common.dll": "f2dcf98d236c41f851440c1379d3120cc1c87b5bcf9833456b22fb1e7cb58b66",
    "shared/Microsoft.NETCore.App/3.1.14/System.Data.DataSetExtensions.dll": "71e8e36db202dfb9c8419b9bf6e47697fd2f8033e6f67a6350469a39873fc6ce",
    "shared/Microsoft.NETCore.App/3.1.14/System.Data.dll": "a038bebc58e898c3a55f1a1addc8ec1a18ab10d7a49ccf28fd8a76bed315c742",
    "shared/Microsoft.NETCore.App/3.1.14/System.Diagnostics.Contracts.dll": "a244e562a4f65b9860ed1453b0bc79cebb40712400d13e095010da84026e1e4d",
    "shared/Microsoft.NETCore.App/3.1.14/System.Diagnostics.Debug.dll": "b85136e9857bb289901008387c48d7d778a880a1916bad5446906fcb0414347a",
    "shared/Microsoft.NETCore.App/3.1.14/System.Diagnostics.DiagnosticSource.dll": "61c3967238ce0c53eb4fd635647ccea1a2426fd644453db8112274501c8ddd4f",
    "shared/Microsoft.NETCore.App/3.1.14/System.Diagnostics.FileVersionInfo.dll": "b841739e53f0b19386981573693aaf129427cc4db23b5da63d94f46b37507e5f",
    "shared/Microsoft.NETCore.App/3.1.14/System.Diagnostics.Process.dll": "3f97444fe865e563fc0139233ae197f33a236303f9a0f53f0892b768e0d4e8d1",
    "shared/Microsoft.NETCore.App/3.1.14/System.Diagnostics.StackTrace.dll": "651be6fd471d94161d64b9a11205a6bce6a949b8473c664ae6ca491fe9da8223",
    "shared/Microsoft.NETCore.App/3.1.14/System.Diagnostics.TextWriterTraceListener.dll": "090e9b01f2df8fde77ab6b288f90f8958392a0aae19aaf15e8887d7611c5f3c8",
    "shared/Microsoft.NETCore.App/3.1.14/System.Diagnostics.Tools.dll": "5b725d6ed057a5547008b1b9094af4899aadc593d5d6a3fbe53943be9f89ae5f",
    "shared/Microsoft.NETCore.App/3.1.14/System.Diagnostics.TraceSource.dll": "19a8caa3852a7a4a6d9283efdcd63cbd05c41281c1972676994c3874711161ed",
    "shared/Microsoft.NETCore.App/3.1.14/System.Diagnostics.Tracing.dll": "a38057d4e969b559b922cfcf13fbc7b01499ae166bf29142bbc3010aef2126a3",
    "shared/Microsoft.NETCore.App/3.1.14/System.Drawing.Primitives.dll": "151035631a20ecfaeb3c546593e82726401477552958c58ee28f84b7292ed8b2",
    "shared/Microsoft.NETCore.App/3.1.14/System.Drawing.dll": "b6d3238516c1735232f99e3595f8c0e7f725abf6c23dc353887c8f346caf1793",
    "shared/Microsoft.NETCore.App/3.1.14/System.Dynamic.Runtime.dll": "d6f1173a79b48f9501df22e9947d2b4ced20aaa08092ab070326b488aa265625",
    "shared/Microsoft.NETCore.App/3.1.14/System.Globalization.Calendars.dll": "4ccc7c29cb53106f378f1da5bdc8988b604dbb03649f310cfa2af957a66ba6ea",
    "shared/Microsoft.NETCore.App/3.1.14/System.Globalization.Extensions.dll": "c6a79742c2fc8fd23a6c9c939e35a2f22a8305ea329a269fa93c02625bd8647a",
    "shared/Microsoft.NETCore.App/3.1.14/System.Globalization.Native.so": "8ed21adb50ba92869d20dfab626d510526601e443b157dbbb53cb2da664b782e",
    "shared/Microsoft.NETCore.App/3.1.14/System.Globalization.dll": "de1126e885c86981aafff9e85e956751d88ab561d32c230cc1d8307e4ce4aa5a",
    "shared/Microsoft.NETCore.App/3.1.14/System.IO.Compression.Brotli.dll": "277d936d804e0af00521fc5ad190835ebfc3ae161feb1160bb09fb7e05f8435b",
    "shared/Microsoft.NETCore.App/3.1.14/System.IO.Compression.FileSystem.dll": "38a3a4e820da1dc1b7ec1410482e1f2ac31fab80ae44115a6ce4a3deec295f21",
    "shared/Microsoft.NETCore.App/3.1.14/System.IO.Compression.Native.a": "9ec26556d0738773483920ff5d4e6f5e1a271d18b62339eddc17494206c9d5aa",
    "shared/Microsoft.NETCore.App/3.1.14/System.IO.Compression.Native.so": "ce3b1d70be24a9687206ac179719ce398b7a0c6461924af7f03665dda045b382",
    "shared/Microsoft.NETCore.App/3.1.14/System.IO.Compression.ZipFile.dll": "2c5d5dedc92af0e95e48345a008c7eaf4b7fe32f01f71e079a64bf9a49c48761",
    "shared/Microsoft.NETCore.App/3.1.14/System.IO.Compression.dll": "3e0d61ec19b32e43a9f6fd1cb86c26dbf2266b809eec38953e58e252e65db5de",
    "shared/Microsoft.NETCore.App/3.1.14/System.IO.FileSystem.AccessControl.dll": "bca7b18113f9a05326758f5230547d59bc28e6389509de7c8085380d755afdb7",
    "shared/Microsoft.NETCore.App/3.1.14/System.IO.FileSystem.DriveInfo.dll": "332a731882f9c079de3c2e3ed8d828ad29c87e121dc3beac9b414b72301686d7",
    "shared/Microsoft.NETCore.App/3.1.14/System.IO.FileSystem.Primitives.dll": "6307a1f9101436d8f570dcb068a4f8b8e9ac639875d6c22cb417e56032115c6c",
    "shared/Microsoft.NETCore.App/3.1.14/System.IO.FileSystem.Watcher.dll": "403edb12e8bfd62087b02f94d4061d9779b15151103fb7f5fdaed0eb9593c5cf",
    "shared/Microsoft.NETCore.App/3.1.14/System.IO.FileSystem.dll": "1cab34272204ec07df551e3a53223a41bf4181e30b8bb7403bc5e7b936485904",
    "shared/Microsoft.NETCore.App/3.1.14/System.IO.IsolatedStorage.dll": "4c55db3920c53279c5df73cbc8e7f27871077809814dc9d6d8882be8f2a5da0e",
    "shared/Microsoft.NETCore.App/3.1.14/System.IO.MemoryMappedFiles.dll": "8e612804a38f52651db35c40e92d804eea7d44fe75724b1b35939369f24f99a5",
    "shared/Microsoft.NETCore.App/3.1.14/System.IO.Pipes.AccessControl.dll": "6dcc6f78de3200227cb93bb88a4cea0a9c726ff3db6a55381f6543bf7afe14db",
    "shared/Microsoft.NETCore.App/3.1.14/System.IO.Pipes.dll": "075e6d954d4cb7c0a139d96c26a69ad0872f7914095ae27a3c08277db665fdc4",
    "shared/Microsoft.NETCore.App/3.1.14/System.IO.UnmanagedMemoryStream.dll": "0178b0b59e3eaa233234530a35377c4255a4f62510b19619d023cac15fcf2466",
    "shared/Microsoft.NETCore.App/3.1.14/System.IO.dll": "b8ad179a856999401a8748bc90f491cc508674cc4141ae3eb83f3909e5169a2f",
    "shared/Microsoft.NETCore.App/3.1.14/System.Linq.Expressions.dll": "a5dbb1f5f561921f890f1bb8bf8ba0713a38e26ccabec35ac49cd5bca11d0b77",
    "shared/Microsoft.NETCore.App/3.1.14/System.Linq.Parallel.dll": "fc2a14a40acc42ae9d81bf58bc78acb8be040b416d22235d900405782a9d5915",
    "shared/Microsoft.NETCore.App/3.1.14/System.Linq.Queryable.dll": "be179904148d8621723c3eef58117c886e381977be76a396712ad89571cf5980",
    "shared/Microsoft.NETCore.App/3.1.14/System.Linq.dll": "d272d4da5b3ac4de34b1d51d5a69d219856f6613fd8f4e65be787b39e16d4bad",
    "shared/Microsoft.NETCore.App/3.1.14/System.Memory.dll": "b852ebbfe8e86fc1afdb08ac83f8fab1e65f3d75f07930fb7743fce7cf40d381",
    "shared/Microsoft.NETCore.App/3.1.14/System.Native.a": "dbbdfddabb61b57e223f6b21985723b677df7a225f055e71ffe6f83b788468f0",
    "shared/Microsoft.NETCore.App/3.1.14/System.Native.so": "51f7ad2fed38dcde4d45815343300cced2a63befacd46e8d394a01685c5948dc",
    "shared/Microsoft.NETCore.App/3.1.14/System.Net.Http.Native.a": "4757e399a13edb960a23e396ac4c64ee8a06702eb7a58fdba85f117d86e0ecfa",
    "shared/Microsoft.NETCore.App/3.1.14/System.Net.Http.Native.so": "bfc25d5d5be926ed880ad7432431bc11fc7c37159f6f824e43ab7d65263fb6bb",
    "shared/Microsoft.NETCore.App/3.1.14/System.Net.Http.dll": "582e71e579c1d9e075055ba43c44897763af30f36498d188e49b8bf2dfba5b88",
    "shared/Microsoft.NETCore.App/3.1.14/System.Net.HttpListener.dll": "69ff61a76080447e63e5f972c976ba0e96b6edc6775c827921ad2bbfdd0c7a2e",
    "shared/Microsoft.NETCore.App/3.1.14/System.Net.Mail.dll": "56ba75a86ae2a49691fa85e3a2daf273b5a47526bf0c0974d6ee29bc9e1922c5",
    "shared/Microsoft.NETCore.App/3.1.14/System.Net.NameResolution.dll": "28cd5c1b6bcf94e4816b5c1496b5fa99ae7d8347d0e4b3b243fcf69b42040e29",
    "shared/Microsoft.NETCore.App/3.1.14/System.Net.NetworkInformation.dll": "29e611319649fbb239163252176856da1dcc60366571e27ec3efc8b9420743f7",
    "shared/Microsoft.NETCore.App/3.1.14/System.Net.Ping.dll": "c8b5039235bee390491d24f5977f8c634d4de8bbb83e8ef1cf11e502df9d514e",
    "shared/Microsoft.NETCore.App/3.1.14/System.Net.Primitives.dll": "30db74cc27daa7c92e692bdb0faab85a6614722eddd40b49c767d9f2f6de3e6a",
    "shared/Microsoft.NETCore.App/3.1.14/System.Net.Requests.dll": "d5c92dd8fa787bdc8a00a276e51d9d4ba97611f606d915dc5ebfed4a4f61f240",
    "shared/Microsoft.NETCore.App/3.1.14/System.Net.Security.Native.a": "7f50fe8b355bc8e9f48cf4d97f748d93b3563c37da44b4bf31397aaf0aaea122",
    "shared/Microsoft.NETCore.App/3.1.14/System.Net.Security.Native.so": "c510c7d24ebae1fb93af898e70a959acf110771228ac279ff0a9ca5d25d5c5f4",
    "shared/Microsoft.NETCore.App/3.1.14/System.Net.Security.dll": "edc0ca779cd69b99141aa0bab7794579cd55e5976cfe0c054513dc10e2c68066",
    "shared/Microsoft.NETCore.App/3.1.14/System.Net.ServicePoint.dll": "ade6175296d7b2e677ecbd621fe8dd33954152888ac5573765ef1eaa19933f36",
    "shared/Microsoft.NETCore.App/3.1.14/System.Net.Sockets.dll": "b561b892e80708fcddef3b46dfd83cc80677b89b05c0fd5ca1363b2aef9bf7c5",
    "shared/Microsoft.NETCore.App/3.1.14/System.Net.WebClient.dll": "f9bb9d2066b38e2a9009f23b5a028d18b199dd524b208d042ca0df83a1997f28",
    "shared/Microsoft.NETCore.App/3.1.14/System.Net.WebHeaderCollection.dll": "1beee35b108167bf632d5ee9745e46a50f2bf533b8d7d840cc02cac6b522f8ed",
    "shared/Microsoft.NETCore.App/3.1.14/System.Net.WebProxy.dll": "949f19babb8d1f74f2e5fcd4acc27a86a3667b3982b172be702e2d3c4c5bea16",
    "shared/Microsoft.NETCore.App/3.1.14/System.Net.WebSockets.Client.dll": "f63d924e4aab6e55740c3643c00e3d9dc16800c72f664b0d9d3aedf1286a5595",
    "shared/Microsoft.NETCore.App/3.1.14/System.Net.WebSockets.dll": "d90ff10ceff3e78cc5b09620e1d163c5c018a0b8f8daad74225653ea9b3eca84",
    "shared/Microsoft.NETCore.App/3.1.14/System.Net.dll": "f575df0fce52571c2401d1ccc3137b4f83c87b03da0636d21f944af7002cf38e",
    "shared/Microsoft.NETCore.App/3.1.14/System.Numerics.Vectors.dll": "d8d4ef126ec791d0cd020645d990cc02784ec1d5c9d7ee939660cf592284a06c",
    "shared/Microsoft.NETCore.App/3.1.14/System.Numerics.dll": "4c7dd60f3002ca5cef20b6f64f5ca935a1e3a5a4afbc1228961412223f2ec26d",
    "shared/Microsoft.NETCore.App/3.1.14/System.ObjectModel.dll": "fd8ee073861713f6353209e15d9b5f808dccea8e4a80459d2374460584194b5e",
    "shared/Microsoft.NETCore.App/3.1.14/System.Private.CoreLib.dll": "9021b37cf9adfe03c8519812b38b03bf9fb431ce79e789e647c950bf7b9c3308",
    "shared/Microsoft.NETCore.App/3.1.14/System.Private.DataContractSerialization.dll": "a15dea07f6de7badbc8dd28a2c79a034af88447b35359b49591b10e6d78e2180",
    "shared/Microsoft.NETCore.App/3.1.14/System.Private.Uri.dll": "e19b97c6b9ea149682c0927dc41a7b5973b2b7644843f3a86a5c74fa32219e0d",
    "shared/Microsoft.NETCore.App/3.1.14/System.Private.Xml.Linq.dll": "051576b738af3e1693d76f43dd7a6e57362e4d97a0a7d19fd652c425e6452020",
    "shared/Microsoft.NETCore.App/3.1.14/System.Private.Xml.dll": "91a78f1fbe3f475f6e09e6fe0548d3eab11e8ade3878f0942c1a2a5933ee85c3",
    "shared/Microsoft.NETCore.App/3.1.14/System.Reflection.DispatchProxy.dll": "916c172c68e95cdd4cb010770116439a4df9cbfa55fdb9bf027d2aecbc9f13e0",
    "shared/Microsoft.NETCore.App/3.1.14/System.Reflection.Emit.ILGeneration.dll": "113416b729e7c0cc160518cb34ba33a58c34c83f34ef9674f29fce6bfca39b1f",
    "shared/Microsoft.NETCore.App/3.1.14/System.Reflection.Emit.Lightweight.dll": "436394bb7a11da85889f917045d20c62058037e93c1031b06c0d3768179a7a8f",
    "shared/Microsoft.NETCore.App/3.1.14/System.Reflection.Emit.dll": "fcf9f7a106075bcc7a524cbf01d298f565985eadd27fccfc2519329cad7a102b",
    "shared/Microsoft.NETCore.App/3.1.14/System.Reflection.Extensions.dll": "fa06ffa17c6be3cad892e445d26bdcde62d227971522e8bc25435be251fbad8e",
    "shared/Microsoft.NETCore.App/3.1.14/System.Reflection.Metadata.dll": "77f5a7fb57cc5499a787c11cfaea27a0a52367dc316f8fb1b0c98bdf1b7b363d",
    "shared/Microsoft.NETCore.App/3.1.14/System.Reflection.Primitives.dll": "9bcfbe87a392270042f7751a8527365b39fa69164452b4b3ff8921977bb4d6d6",
    "shared/Microsoft.NETCore.App/3.1.14/System.Reflection.TypeExtensions.dll": "ae00504fcfe9a7fffec861a526c9a418c7c0e6fd54eacf2c436d48325ee36c67",
    "shared/Microsoft.NETCore.App/3.1.14/System.Reflection.dll": "7ad079c735d13bf5357ac43003475c42b24db450418deda857f1bb8a03adcfe2",
    "shared/Microsoft.NETCore.App/3.1.14/System.Resources.Reader.dll": "e5a0130b480daf692dc9b54c2e1cde97037310d00c1d793cefffc893f8462206",
    "shared/Microsoft.NETCore.App/3.1.14/System.Resources.ResourceManager.dll": "8634db5c03a42e271992004b83b47b362d8e282b6cacc338cf729b8848ee30ce",
    "shared/Microsoft.NETCore.App/3.1.14/System.Resources.Writer.dll": "f3726f48243025e957b111ea6d828c659db3859045bb64b559cf57d4ae8c2c51",
    "shared/Microsoft.NETCore.App/3.1.14/System.Runtime.CompilerServices.Unsafe.dll": "2e966839092e11ac365b1445e53878d4f19ccadd80e93a9c5fc0e7a7377e0b1e",
    "shared/Microsoft.NETCore.App/3.1.14/System.Runtime.CompilerServices.VisualC.dll": "c4ba0ee17abc26d1e446de46c0f30a51912d261f54239e985f98cd9fe2b28989",
    "shared/Microsoft.NETCore.App/3.1.14/System.Runtime.Extensions.dll": "c47da46369e23121a4a7d0b2814f750faa12d7060ee65b89de8bf1008507193a",
    "shared/Microsoft.NETCore.App/3.1.14/System.Runtime.Handles.dll": "eb106f5a6c7695f8a00c77381bd8167982cc6751de423051b3a23b2de26187fb",
    "shared/Microsoft.NETCore.App/3.1.14/System.Runtime.InteropServices.RuntimeInformation.dll": "e8a937311e9ab1be628369fa8ec52d5e9a663306b255f536217f94863e7b7f7b",
    "shared/Microsoft.NETCore.App/3.1.14/System.Runtime.InteropServices.WindowsRuntime.dll": "9ef1cf06c5c1aa2b249e1e254b6d4f8e8f81ce64d91c57e688c4c273ee3bc95f",
    "shared/Microsoft.NETCore.App/3.1.14/System.Runtime.InteropServices.dll": "ebe5272d9e6578b265644e089c805354b692e5315e14b6442362748196e0bb81",
    "shared/Microsoft.NETCore.App/3.1.14/System.Runtime.Intrinsics.dll": "db1726f08c14ec6a376dfbda14cfe591f07be6ca0975bbff53787e95574bc259",
    "shared/Microsoft.NETCore.App/3.1.14/System.Runtime.Loader.dll": "f6be638fbcd5d271beba76bb7db75b35c5059e6ef10cab7b0e9c1089fbbc6fd8",
    "shared/Microsoft.NETCore.App/3.1.14/System.Runtime.Numerics.dll": "602eb53b1200223ec6a02fadbbeb7a9aeeebf136df5d9ddd9474a18c5be0af86",
    "shared/Microsoft.NETCore.App/3.1.14/System.Runtime.Serialization.Formatters.dll": "76c5138d221cf6d0d4a7347553fcedfc613e6dce13d3bcd20a471200a350c83e",
    "shared/Microsoft.NETCore.App/3.1.14/System.Runtime.Serialization.Json.dll": "e5badc7e12131d0e9c9d44b131831ce2d862bc0cf32b8129e6ea53cc34b2918e",
    "shared/Microsoft.NETCore.App/3.1.14/System.Runtime.Serialization.Primitives.dll": "22f3419b4ecb1320009155ce3ed2aae4ad0973bdaae507cf97883db422a1d73b",
    "shared/Microsoft.NETCore.App/3.1.14/System.Runtime.Serialization.Xml.dll": "44d6a154e1fc8cd74870d426161cb09f428ab3588c537b6421a3414e0e577079",
    "shared/Microsoft.NETCore.App/3.1.14/System.Runtime.Serialization.dll": "79c65d81d7657ef65c668c379b2345838ceb219cd1be42d51afa485b94376962",
    "shared/Microsoft.NETCore.App/3.1.14/System.Runtime.WindowsRuntime.UI.Xaml.dll": "448a32c6835b4a8fe4f1976d597c19b78f6961930dfc1b1322b835cd4f8b54bc",
    "shared/Microsoft.NETCore.App/3.1.14/System.Runtime.WindowsRuntime.dll": "7e62a866b0a576c9abc83e1d58db0f6ca11ab822f698688265f74f81e7698a13",
    "shared/Microsoft.NETCore.App/3.1.14/System.Runtime.dll": "3f791a299798fb4b843228de5c9aec6b1f78c9d8677917e78624b6691e4bd7aa",
    "shared/Microsoft.NETCore.App/3.1.14/System.Security.AccessControl.dll": "b4bfd1897a3c9f6d93b02ab68a2cebbdc84e53a74b1048a43664c0f1a3b69233",
    "shared/Microsoft.NETCore.App/3.1.14/System.Security.Claims.dll": "e0e3e01d1e680dcf3d031082946dfa72a82898634498d6a42ce597ea0d5ce189",
    "shared/Microsoft.NETCore.App/3.1.14/System.Security.Cryptography.Algorithms.dll": "a7c602d690447106b12ff78765bd993ab8e3b82757aad62ae357b588f5590d51",
    "shared/Microsoft.NETCore.App/3.1.14/System.Security.Cryptography.Cng.dll": "0999adeeffe0520d46312b674d1487f9787286d4284bfdcd2b454959291b7f89",
    "shared/Microsoft.NETCore.App/3.1.14/System.Security.Cryptography.Csp.dll": "e7b3d20f8bb5519e05e0cbb1d398d81236008dbc948346e2001ab8b590ce3d4e",
    "shared/Microsoft.NETCore.App/3.1.14/System.Security.Cryptography.Encoding.dll": "a1d1e841a14763ebb39bb7566cdcdc012ad33d2fc650cb0517590f6ebefc5e8b",
    "shared/Microsoft.NETCore.App/3.1.14/System.Security.Cryptography.Native.OpenSsl.a": "723b617ffc5179c03b3ed2f5637bef8351688e6a6119d345dc7b720ef5c9d749",
    "shared/Microsoft.NETCore.App/3.1.14/System.Security.Cryptography.Native.OpenSsl.so": "77d35bee1d5ddba95d4b31640b113d3732d26be824c61676a199a73669b791cb",
    "shared/Microsoft.NETCore.App/3.1.14/System.Security.Cryptography.OpenSsl.dll": "de2d448d52e3fab94d524c1ea42fe47f19ef2b37581efbd6039b58e2a16dcc5b",
    "shared/Microsoft.NETCore.App/3.1.14/System.Security.Cryptography.Primitives.dll": "fd9d17d17d8189595c72e5d1da49d6a3eec9352d687a64015d9cff3a01a75010",
    "shared/Microsoft.NETCore.App/3.1.14/System.Security.Cryptography.X509Certificates.dll": "fef9a3a217ba2d9e04207e3cc782e51b89d737a067a48794c0f4f7335d8c0fb4",
    "shared/Microsoft.NETCore.App/3.1.14/System.Security.Principal.Windows.dll": "9c3aac27ae3ce2100418e8ad91477ff7cc500a0dcffd28af99601e3d5dd47578",
    "shared/Microsoft.NETCore.App/3.1.14/System.Security.Principal.dll": "75c0463569e3ea6cd1ae721d3e3b6098dfd437ae8dcc135daaff4cb3a5640dc4",
    "shared/Microsoft.NETCore.App/3.1.14/System.Security.SecureString.dll": "41d9f2dc08139752ec74926fd1e9e6735ac46dc99481ac4bacbd51e1a5876b9d",
    "shared/Microsoft.NETCore.App/3.1.14/System.Security.dll": "1f836396842582108e14a126661348299644e13f0a3b7b28baf4ba329398d536",
    "shared/Microsoft.NETCore.App/3.1.14/System.ServiceModel.Web.dll": "39cb7f45cf8132f18ab73eb7a1d8b9415de2df8f8352242e9451a89ab0484a90",
    "shared/Microsoft.NETCore.App/3.1.14/System.ServiceProcess.dll": "1cf5da2b4ee104000c08f3e5b116bd78610b21b816a11bc5b2e0d59f6a99dc38",
    "shared/Microsoft.NETCore.App/3.1.14/System.Text.Encoding.CodePages.dll": "bd9eab51a54e9514dea0d930e2ee417e21cdb7d74b70fc4f95d429dfb793d192",
    "shared/Microsoft.NETCore.App/3.1.14/System.Text.Encoding.Extensions.dll": "b18035b9660e26ceed4b7b31d41e2d2da159d661d7d2bc63d10af1203384d5d7",
    "shared/Microsoft.NETCore.App/3.1.14/System.Text.Encoding.dll": "ff08c2c65585e4789b16faea89256953df4df2b7b09763d9f98793049fc0ff6a",
    "shared/Microsoft.NETCore.App/3.1.14/System.Text.Encodings.Web.dll": "f35940d98b5cd1bb74568a7559273ef8130ac99e07af37d44f3f453209095759",
    "shared/Microsoft.NETCore.App/3.1.14/System.Text.Json.dll": "7bfe25b72fac33ec7aa36cdefb3e8dd609f99f560520053666b153ba0065d28f",
    "shared/Microsoft.NETCore.App/3.1.14/System.Text.RegularExpressions.dll": "ab8e43dbbcdc9540b35d758ee3e912cc8716322ef05739d1739ce98fca2e0927",
    "shared/Microsoft.NETCore.App/3.1.14/System.Threading.Channels.dll": "1c277fee52d29d09adf403f82e4e31f15dc02c50cb7e6b01bebe5b72838b5d1a",
    "shared/Microsoft.NETCore.App/3.1.14/System.Threading.Overlapped.dll": "d1a82b82bffdd7db68d26c6fee26c4756912be6fd8031dd4d12e169b8e18dd1c",
    "shared/Microsoft.NETCore.App/3.1.14/System.Threading.Tasks.Dataflow.dll": "1389638127a7b9771eaa15f74ec2fc52b417e2105e55fd6ceab5e35bc637fdd8",
    "shared/Microsoft.NETCore.App/3.1.14/System.Threading.Tasks.Extensions.dll": "fcc753ef7cfec8ea939130a11ca742129c79ba53ec30b3519b820c625caf9d99",
    "shared/Microsoft.NETCore.App/3.1.14/System.Threading.Tasks.Parallel.dll": "db31398cd5fdac209726629529d9074f9adbaf9aa3ae499c8878f72fe62b8f12",
    "shared/Microsoft.NETCore.App/3.1.14/System.Threading.Tasks.dll": "e3ae265485010ebf1e1b07322b3b398b68e3a1b78f7e91c202280737e31162ba",
    "shared/Microsoft.NETCore.App/3.1.14/System.Threading.Thread.dll": "f8d3871fa37827c0e270beffdab4c24eab6a5c51238f8c983672e9fac47f8376",
    "shared/Microsoft.NETCore.App/3.1.14/System.Threading.ThreadPool.dll": "c90c12aa1b092145457022f1cc56dbbf1d5b98abcdcc174eacc6d6e72b5b1205",
    "shared/Microsoft.NETCore.App/3.1.14/System.Threading.Timer.dll": "618469076de17b67a3509a861d25f45630ba50b8e69a179c4d0d890435b5618d",
    "shared/Microsoft.NETCore.App/3.1.14/System.Threading.dll": "5fc0075f552bb95560bde2c909db1ab0c821c2c9312a7f887e73389d42fbb093",
    "shared/Microsoft.NETCore.App/3.1.14/System.Transactions.Local.dll": "d6227983d8381d6da435c97e7dd43429abc81fe21a43587a3710947fb227f263",
    "shared/Microsoft.NETCore.App/3.1.14/System.Transactions.dll": "2fc695600fde5b3b375ce77c9e35a3cb95a8fcd9f8d2efec0bbd5fb3dcf61ec9",
    "shared/Microsoft.NETCore.App/3.1.14/System.ValueTuple.dll": "0729226af07f02227de8d393b0da0d1b8792b810c70a06139aafc8097ee10635",
    "shared/Microsoft.NETCore.App/3.1.14/System.Web.HttpUtility.dll": "444e6b7eeadbd3d48444a32411e772dbce33ddbad6aaabe220b87c064b3da877",
    "shared/Microsoft.NETCore.App/3.1.14/System.Web.dll": "1cfd5c3848e465b6ab51c392153f9f6d666e62f98f673e79814835b7c38ea2d9",
    "shared/Microsoft.NETCore.App/3.1.14/System.Windows.dll": "8c74a2d195c804d0767bc5d287b19a1840cdb63f0c3ee8858b43765ffee50e8e",
    "shared/Microsoft.NETCore.App/3.1.14/System.Xml.Linq.dll": "373c713ecd650e232005ba0a198bb07c1b6005bd8cd5a3781040408d3cefba45",
    "shared/Microsoft.NETCore.App/3.1.14/System.Xml.ReaderWriter.dll": "07ca9021c90c7653505d8292f0ec4e12591e92daea25c021b99504870a1a9f68",
    "shared/Microsoft.NETCore.App/3.1.14/System.Xml.Serialization.dll": "95b6479be8d09d686b6468b2076d0758cd4e8e4ae38c6920217abc56cb38c476",
    "shared/Microsoft.NETCore.App/3.1.14/System.Xml.XDocument.dll": "3538e96bd96d5e6037e62410a70b4a9c80df527c0a46141df7b59e65cc13b506",
    "shared/Microsoft.NETCore.App/3.1.14/System.Xml.XPath.XDocument.dll": "d575c621788c63e0861d005b99c098e36f964f4d1e012795628d655215f14531",
    "shared/Microsoft.NETCore.App/3.1.14/System.Xml.XPath.dll": "1e87fcbc02e65116629cb63dab75bc3f9d0234f1e2c037800883fc610e080508",
    "shared/Microsoft.NETCore.App/3.1.14/System.Xml.XmlDocument.dll": "ac6bfbbbd45b94c4b556ea395ed1216b727ccf163f3042439a1b2f3d209781f9",
    "shared/Microsoft.NETCore.App/3.1.14/System.Xml.XmlSerializer.dll": "b35f7dcd215f765652028aefe9e1fe6e42b31e2c7c9ae9845c9f80d9e4865e8a",
    "shared/Microsoft.NETCore.App/3.1.14/System.Xml.dll": "f0c526322bf853ceeb1a24b43c7a735820206755758bdaad7756817ad8482446",
    "shared/Microsoft.NETCore.App/3.1.14/System.dll": "f6423e8be1b41f57e295f0c0a7d93652f62fc406582340bfb1e0c3197fec85d6",
    "shared/Microsoft.NETCore.App/3.1.14/WindowsBase.dll": "b5eb0205fafcbcbc8cd3bd75a4340891802ba10cbfbf2ade05e1ac10cdc4767e",
    "shared/Microsoft.NETCore.App/3.1.14/createdump": "9fa768ced081b63c7e7ffe2a5c4b0e71efd7a3af4663e0e2bf15aa4fcf0e6886",
    "shared/Microsoft.NETCore.App/3.1.14/libclrjit.so": "007d2f2161600eed5d502743ae6f367e310df2ad1b864e08231a33aa57d7d722",
    "shared/Microsoft.NETCore.App/3.1.14/libcoreclr.so": "a6b5b362e0db50ced8f1e7948ccbdcac61d8ed1610d0aa1b488a1337af0a8564",
    "shared/Microsoft.NETCore.App/3.1.14/libcoreclrtraceptprovider.so": "b95dbf1941076ae06b5c1ce34bb45ca21bbb8633fb1918e59052961e2701921d",
    "shared/Microsoft.NETCore.App/3.1.14/libdbgshim.so": "fdcb5e22cf348c2babe796e166be06787a6b99e68097cc25cb7073461fa2801e",
    "shared/Microsoft.NETCore.App/3.1.14/libhostpolicy.so": "75e56a650837c6c41736578206fb389fbe362cc1182a909eefc34432116396cf",
    "shared/Microsoft.NETCore.App/3.1.14/libmscordaccore.so": "8b5d46a83da7c85edc484359643054f8b350ef2c666d8d809acd59e3c3fd3a10",
    "shared/Microsoft.NETCore.App/3.1.14/libmscordbi.so": "350de027af3f7426c9e4bee704893e1f421ab327af806ad43fb2ccaec3086ad1",
    "shared/Microsoft.NETCore.App/3.1.14/mscorlib.dll": "9b86038cd3cbe144dde5ebde3e0aa49278ac3b1511c9a656f6fbe077f42a6aa5",
    "shared/Microsoft.NETCore.App/3.1.14/nethost.h": "c584639a5ee3170e0bf90f83c2b683a4c44d2b94af724ef20fbaddc7eddb585f",
    "shared/Microsoft.NETCore.App/3.1.14/netstandard.dll": "a89ca4dd4e594fb932897b86b8957c561073927db0c4e4fb816371d91fd95291"
  },
  "NetCoreOsx": {
    "LICENSE.txt": "cfc21f5e8bd655ae997eec916138b707b1d290b83272c02a95c9f821b8c87310",
    "ThirdPartyNotices.txt": "e7e3492d0251ce6ba47592d26f54f66d7ace8abba94881c28a2fe83ab5da303a",
    "dotnet": "a0ee9ff0d92b4c1da8068a96d2b5d83fedf64b6af677c19e2fd4db405b95ef3a",
    "host/fxr/3.1.14/libhostfxr.dylib": "fdfb398edea19abed7f5e6a628da77c6e485e961c76962dee3d7ebb34bc6d649",
    "shared/Microsoft.NETCore.App/3.1.14/Microsoft.CSharp.dll": "7d24357e693520675bd7721de7b0563407ea7dd1ba5b1dac535ae1c7c514f557",
    "shared/Microsoft.NETCore.App/3.1.14/Microsoft.NETCore.App.deps.json": "d11238e1940027fc53df612a4b1427c58208a2e0cbab1685745dbd814bbd5574",
    "shared/Microsoft.NETCore.App/3.1.14/Microsoft.VisualBasic.Core.dll": "4b7d624ec52090b48a75daad868e497c66e8f17b9cd2457a660043f51ab3c68e",
    "shared/Microsoft.NETCore.App/3.1.14/Microsoft.VisualBasic.dll": "2af19f4eba81adc55ff4182de74682321b0114ff9298bc20eebe62a8153b1dd8",
    "shared/Microsoft.NETCore.App/3.1.14/Microsoft.Win32.Primitives.dll": "b7c142f15914daf6c209963fe2831e29c589ffc301c5d8995909157f13d194d0",
    "shared/Microsoft.NETCore.App/3.1.14/Microsoft.Win32.Registry.dll": "a8f5e3e79cdfeb19e00c4d97d4f7cc426a9da77eabd9bed0cb46b226c2588c63",
    "shared/Microsoft.NETCore.App/3.1.14/SOS_README.md": "12be46b7b37680c79f9e9e7d29fd8ed20d42116c17f6ef93d3d5bb133e24621a",
    "shared/Microsoft.NETCore.App/3.1.14/System.AppContext.dll": "1434d2f1b76edac91b6683a5308a49bbcd7d8007bde5297100cf0ec258af146f",
    "shared/Microsoft.NETCore.App/3.1.14/System.Buffers.dll": "ea48dddd4ccd7e40eca1b6a62967762df1d3bd191260fbdc2b85696bd1192703",
    "shared/Microsoft.NETCore.App/3.1.14/System.Collections.Concurrent.dll": "548f4a2efb0ae3e3aa067d99609f013c2f7a1324a67e568983c9fa122cf118ce",
    "shared/Microsoft.NETCore.App/3.1.14/System.Collections.Immutable.dll": "078b41d8d6cd55d9520f74b97a0eccaea6199650391d2763457f79a3050622d8",
    "shared/Microsoft.NETCore.App/3.1.14/System.Collections.NonGeneric.dll": "5f8e76bf401f0fd5d308619c923e8766583a9105e14ec21b429e9009b6070a64",
    "shared/Microsoft.NETCore.App/3.1.14/System.Collections.Specialized.dll": "74f20691a3472f8e5f359b92d5b4d8df11fc53e0b17667b4ad32cb7c1a5e7f38",
    "shared/Microsoft.NETCore.App/3.1.14/System.Collections.dll": "1d0b16653854f52ea0da4a5443a799c193825f12421829caaec75d75a6d453cf",
    "shared/Microsoft.NETCore.App/3.1.14/System.ComponentModel.Annotations.dll": "23cb6e2575b51d8a11657ed49f4fecda02d047ba9fa3c9ae4eb9e7999cc2db8d",
    "shared/Microsoft.NETCore.App/3.1.14/System.ComponentModel.DataAnnotations.dll": "986f3720a87a4b84331c7648e2f0b125e2c772d8f97a6f9eea792c23bed9a038",
    "shared/Microsoft.NETCore.App/3.1.14/System.ComponentModel.EventBasedAsync.dll": "c0a92404dab93a92cfb3065d1fdcd0d82a7f80007ca95edd36ba2d3b4fbf3cec",
    "shared/Microsoft.NETCore.App/3.1.14/System.ComponentModel.Primitives.dll": "8a76258f08bb05fc62e00e672bca743a705d712848f241389fe506d2ae344557",
    "shared/Microsoft.NETCore.App/3.1.14/System.ComponentModel.TypeConverter.dll": "d043158aeecb08be9af6477d9f71e719bc26491a5223c2aa5a50af5f2306b0fd",
    "shared/Microsoft.NETCore.App/3.1.14/System.ComponentModel.dll": "3ab6d116fadd07a1e99ee41f0fab516ed0564b78cb96d257a72afabd89d46ad0",
    "shared/Microsoft.NETCore.App/3.1.14/System.Configuration.dll": "c9690aa7a48c5457dbe574dfe90336edec6102724a248c8bc06f473a32c14a5a",
    "shared/Microsoft.NETCore.App/3.1.14/System.Console.dll": "a1c9d152807f1ec4acc82551a8f3ff9fa5cf3aadf896ae852772b6f3971fde7a",
    "shared/Microsoft.NETCore.App/3.1.14/System.Core.dll": "ca825a5eff8f1ceed9da81cbb1ab6f5ae16f4059048dce228f0827cf17dfa6b9",
    "shared/Microsoft.NETCore.App/3.1.14/System.Data.Common.dll": "301f96d001f1feb0d9decef6f4bc6fe11873c662874876d73834e48cc1800c65",
    "shared/Microsoft.NETCore.App/3.1.14/System.Data.DataSetExtensions.dll": "b9d96f51475294892fd582befc64dfb798de3c756037b9e3346a8bcdc9938e01",
    "shared/Microsoft.NETCore.App/3.1.14/System.Data.dll": "c448e0f2eaab9afe34fd5208a79e942cfc10d170d9c4f0e3d0c5780c2888cfed",
    "shared/Microsoft.NETCore.App/3.1.14/System.Diagnostics.Contracts.dll": "cf78107f7d68c9b98f7775ebe1a2615ed89f271fd00186bbec98d644b5b353ed",
    "shared/Microsoft.NETCore.App/3.1.14/System.Diagnostics.Debug.dll": "2954876c9a9138d046ded42e688e77741272516e8baedf65eb794f8a6bac0aa3",
    "shared/Microsoft.NETCore.App/3.1.14/System.Diagnostics.DiagnosticSource.dll": "a2bce45e7fd82777b0e49513618aa0843406e7ac85248c3bb392d1ef31b1164f",
    "shared/Microsoft.NETCore.App/3.1.14/System.Diagnostics.FileVersionInfo.dll": "07623e2ddfa12a7a1422cdec0f16f849ee1a2b040ec94e825c209339febab090",
    "shared/Microsoft.NETCore.App/3.1.14/System.Diagnostics.Process.dll": "e9121c64f3cdac2f40f8e2ce94ef1278ad54a0642975aa327e3f7afc0049924d",
    "shared/Microsoft.NETCore.App/3.1.14/System.Diagnostics.StackTrace.dll": "0b996e8d9c5189b4b37cbd064f1a98ba59c8b418a99ccb9b20dc6cd2072bf928",
    "shared/Microsoft.NETCore.App/3.1.14/System.Diagnostics.TextWriterTraceListener.dll": "d251f1b665f6e534b979e16b8e02c8a66984129b29a8e148bd63a4d9c6ea0b39",
    "shared/Microsoft.NETCore.App/3.1.14/System.Diagnostics.Tools.dll": "3c212986112ae6cbf6ce471629a24b36e9165600e0863dbbde376b7e2cb9b30c",
    "shared/Microsoft.NETCore.App/3.1.14/System.Diagnostics.TraceSource.dll": "52eacc58365021c085543600f96d587ee1975f21081beddd97e6c6c0f060e194",
    "shared/Microsoft.NETCore.App/3.1.14/System.Diagnostics.Tracing.dll": "73d0ba6ee053ca188cb190d0821be8869b8cce77980ff04c08b667ae0f9fb7c6",
    "shared/Microsoft.NETCore.App/3.1.14/System.Drawing.Primitives.dll": "e40f93ffd2018df3ef6342d1935b55a017ee0de0fd5d2a9e6c6cc31bf1f4dda4",
    "shared/Microsoft.NETCore.App/3.1.14/System.Drawing.dll": "5b4d8515f5c0cfa0a2469aa9d6d23757311851a6589f07715ddc090c1bc3beb9",
    "shared/Microsoft.NETCore.App/3.1.14/System.Dynamic.Runtime.dll": "b8f9bb2ff467d4a56a7059c1909644b431b74bd9ca95cef0336cba494db531d8",
    "shared/Microsoft.NETCore.App/3.1.14/System.Globalization.Calendars.dll": "e79c8ecd4e5e63d899c7abba550c78f284fa7b82fde4e2b2fd84d3312c166e2b",
    "shared/Microsoft.NETCore.App/3.1.14/System.Globalization.Extensions.dll": "d39cd17ab8e81a579da5c2818c1234acc975b7c7a3d801728277a7615db87725",
    "shared/Microsoft.NETCore.App/3.1.14/System.Globalization.Native.dylib": "d492a1200c30d9ea0e875e595e680577bfff02c8d1c4265c4f47bbda5bc32d57",
    "shared/Microsoft.NETCore.App/3.1.14/System.Globalization.dll": "18b80408a87171f35cce67bf497712d9c83b080d1c5f2b2e4e5a46ae63ffe817",
    "shared/Microsoft.NETCore.App/3.1.14/System.IO.Compression.Brotli.dll": "2fe92d0b86da875cfe349ed1e3e0cf6b4db96623123d4c9c852a55d5c4af742a",
    "shared/Microsoft.NETCore.App/3.1.14/System.IO.Compression.FileSystem.dll": "b7aaca5f2b741d73251bfb5e06d26cf6dbd186236b6790f8f7d0c51d1f650b1a",
    "shared/Microsoft.NETCore.App/3.1.14/System.IO.Compression.Native.a": "8355cb3138bb53399eb08e28336c9f01873672b83204cd5c57470b2650629d97",
    "shared/Microsoft.NETCore.App/3.1.14/System.IO.Compression.Native.dylib": "6652b7afa7252751d8e2b0c8b16d0643e23be40058f539a0e30cdc7f41d7cd01",
    "shared/Microsoft.NETCore.App/3.1.14/System.IO.Compression.ZipFile.dll": "1ae29d751d30dd3dd931909c88af6741d8ef15e44e9f268dffa8ba3cde8c8ef6",
    "shared/Microsoft.NETCore.App/3.1.14/System.IO.Compression.dll": "0696e4b65a0a588389d611f02581b341de65cbdd7e9e949cf265810fc0078cc8",
    "shared/Microsoft.NETCore.App/3.1.14/System.IO.FileSystem.AccessControl.dll": "805c612a444843ab9b322c12863a545ad9e4a15d5018c3561dfa2c00d33d7fa7",
    "shared/Microsoft.NETCore.App/3.1.14/System.IO.FileSystem.DriveInfo.dll": "aced2e6ace781c92350d3ff2620c2a4d5e38c5de23732d79b7328ecc4dfae2fd",
    "shared/Microsoft.NETCore.App/3.1.14/System.IO.FileSystem.Primitives.dll": "919e821b113608eab9e69ca7b2cb5a4217afee185984812b5c8a5c729fb26362",
    "shared/Microsoft.NETCore.App/3.1.14/System.IO.FileSystem.Watcher.dll": "1598784b56459eed7a90283a974d525d7c77716338ece0c9025eeca9f8b71c15",
    "shared/Microsoft.NETCore.App/3.1.14/System.IO.FileSystem.dll": "ef3bf57926de39d7a35db8908911591a490dec94d847384766bbc06a0a310956",
    "shared/Microsoft.NETCore.App/3.1.14/System.IO.IsolatedStorage.dll": "c840d3da22bb614c15fa398437fc24280fcab76ec542ecaf9de631e99f5f9587",
    "shared/Microsoft.NETCore.App/3.1.14/System.IO.MemoryMappedFiles.dll": "e3996b07c822f38055d1b17304844dc52b59f54abf5d7e8dd7acff68b3a73aca",
    "shared/Microsoft.NETCore.App/3.1.14/System.IO.Pipes.AccessControl.dll": "ae1cce055b88eb511a370893151d3173b533777e4ae0e5253b7cea2aebb93684",
    "shared/Microsoft.NETCore.App/3.1.14/System.IO.Pipes.dll": "a79ed075534f1f49c69b176aae3bd06c5e7eb709bffd28aca7e54b2bd1ddd914",
    "shared/Microsoft.NETCore.App/3.1.14/System.IO.UnmanagedMemoryStream.dll": "186c7cb569bacd2711170c3fa1cf512a38c178511d782c23a70a055cbbfdcff6",
    "shared/Microsoft.NETCore.App/3.1.14/System.IO.dll": "94968600d20eb89648df69e8e00e8c75a17764dc0f9372a6c1c0bc44d36646f6",
    "shared/Microsoft.NETCore.App/3.1.14/System.Linq.Expressions.dll": "5bd33f4ded8a60d64b786da5d234403752ec7a43b893d0d1644237a5e60de5e9",
    "shared/Microsoft.NETCore.App/3.1.14/System.Linq.Parallel.dll": "d4f01187ed52cb704766507efd3f5a19f0ffb33006ffa9c47c67221fd9cd6bba",
    "shared/Microsoft.NETCore.App/3.1.14/System.Linq.Queryable.dll": "f10f03544f46cf89d4631665847a66b9db445f5758aaecf42d524571818c5b58",
    "shared/Microsoft.NETCore.App/3.1.14/System.Linq.dll": "b5a6614fcea030027ddf62ac4501ff14b71c9cc20bcd966cfbc1f9de1af2e1e5",
    "shared/Microsoft.NETCore.App/3.1.14/System.Memory.dll": "0c479b681bc18a9f3bb61dafe2cdb568a89bbd799f01e49f4f5502af7b53800e",
    "shared/Microsoft.NETCore.App/3.1.14/System.Native.a": "bd66cdeb9a309a91856f607ce872a71e2d40ab02639a605c70f4e7bb5409ae77",
    "shared/Microsoft.NETCore.App/3.1.14/System.Native.dylib": "ef6019b0e6f92f48afa88959c9343a536c404da13aa7bf8c84cff986b7934fd5",
    "shared/Microsoft.NETCore.App/3.1.14/System.Net.Http.Native.a": "db5cfbbd189acaea7767448db01f9fef1c6f11fd2424812b77a4bdd016c9a843",
    "shared/Microsoft.NETCore.App/3.1.14/System.Net.Http.Native.dylib": "f9be5e7c53f1af77c30e804a2f886daac21f1d131fb6ad70c210e2ac498a7b93",
    "shared/Microsoft.NETCore.App/3.1.14/System.Net.Http.dll": "8ff2f7843b5e794ca29410c991101c6b23d817195b75a71ea54ef356c45d512d",
    "shared/Microsoft.NETCore.App/3.1.14/System.Net.HttpListener.dll": "1fbc9ce2324f68736f5669a3c3d04185ce411cdedab8d5bfbdec66ed37167c02",
    "shared/Microsoft.NETCore.App/3.1.14/System.Net.Mail.dll": "751369e777d2a7b8c06f84e0e34a987500d141626c617263eb67bdefab3a176c",
    "shared/Microsoft.NETCore.App/3.1.14/System.Net.NameResolution.dll": "54fa37be649d1a28aa50c23e61083728744a268386e12db483d8d476e9550ad2",
    "shared/Microsoft.NETCore.App/3.1.14/System.Net.NetworkInformation.dll": "0a348aecf9217221b0aaa8cdf7054f88c589b1f33880d504e26f69dd1351908b",
    "shared/Microsoft.NETCore.App/3.1.14/System.Net.Ping.dll": "5ce9469e5a25b691ef7992e7daa8acbe2d9a1fc81e138635cd91fb512f29c7c5",
    "shared/Microsoft.NETCore.App/3.1.14/System.Net.Primitives.dll": "9ee90bf473cf20ff87604381b48f91a12f3bd406d2bf3f627e501530508166eb",
    "shared/Microsoft.NETCore.App/3.1.14/System.Net.Requests.dll": "2b85da40f0f7f1d161ee2d34b3027c79bcf93bd1f6f2571924730a8b0bd5a87a",
    "shared/Microsoft.NETCore.App/3.1.14/System.Net.Security.Native.a": "cb9bed5ff326579d1a32a7a023c5b7c831ba4977cc33a9e0cdb5cb93c809a028",
    "shared/Microsoft.NETCore.App/3.1.14/System.Net.Security.Native.dylib": "5b02052da3c08557740102f92c8fe00128a220906ebb71b318ace0408155c27f",
    "shared/Microsoft.NETCore.App/3.1.14/System.Net.Security.dll": "3cdac9be49c2cb1d3932fbba972f558cdd94d07d6f592ad653452fc250c4093a",
    "shared/Microsoft.NETCore.App/3.1.14/System.Net.ServicePoint.dll": "d4b0e2171c16f58a6a09dd9a146c65377f2afda10287b7dbe4fb662d2833a804",
    "shared/Microsoft.NETCore.App/3.1.14/System.Net.Sockets.dll": "f14f61b3797d0da08b0e3b9c92e78b6137358dc59ee88cbe70c326f99af7105f",
    "shared/Microsoft.NETCore.App/3.1.14/System.Net.WebClient.dll": "6e5ddd54c103044134ff0dd87ccbbd4a6c145bd41e9738fe4a6f1258b07051a0",
    "shared/Microsoft.NETCore.App/3.1.14/System.Net.WebHeaderCollection.dll": "1c6b51568e8fcac7377a66d280b5dad1c3be435ebf3b3358a3f08bf3ad336109",
    "shared/Microsoft.NETCore.App/3.1.14/System.Net.WebProxy.dll": "4d168ac3598d5938b2ecb1bf1ccdbd73701588c122d015b0477ad69d388a2bb2",
    "shared/Microsoft.NETCore.App/3.1.14/System.Net.WebSockets.Client.dll": "605684b3ed7cde280249e376aaf7d528826f17b7347899efa7388ac791c8279b",
    "shared/Microsoft.NETCore.App/3.1.14/System.Net.WebSockets.dll": "c614aab72ee8208fc4b5d45a3f1d40c6a1034c2e2550e31e7e49a89069604cc2",
    "shared/Microsoft.NETCore.App/3.1.14/System.Net.dll": "f3552b2054670a9e5d42822055dfeb212ecdfba5518ee7c95d2d157040b6b032",
    "shared/Microsoft.NETCore.App/3.1.14/System.Numerics.Vectors.dll": "ce25ffb2ee28158608cfb5a0493672b4d7c34dd55564b57a88938cd2ca9ccbe7",
    "shared/Microsoft.NETCore.App/3.1.14/System.Numerics.dll": "3824e54207042bf49c534e3e794ee3437d0796080533ea42961c627aff88a02e",
    "shared/Microsoft.NETCore.App/3.1.14/System.ObjectModel.dll": "950beeca3936dbbdb4419261f209553a053b407ae07eb83be233e18e2e9fa3fb",
    "shared/Microsoft.NETCore.App/3.1.14/System.Private.CoreLib.dll": "596584f27e34076549421c2b53223b8702f0a6c712b679d22372f6a35487babf",
    "shared/Microsoft.NETCore.App/3.1.14/System.Private.DataContractSerialization.dll": "91fda870106f36a3aa8a0572345d0df076f69f9ce44be5f5cfd8de9b6801159e",
    "shared/Microsoft.NETCore.App/3.1.14/System.Private.Uri.dll": "d18b7ad5b16e51d15c29b330e632468e7950aea4375dac56c27ae944c8e71aa2",
    "shared/Microsoft.NETCore.App/3.1.14/System.Private.Xml.Linq.dll": "921e767c166b264e4ea956d0aa4b1d8cf982bf9973dec38ca5c925a1c37e5191",
    "shared/Microsoft.NETCore.App/3.1.14/System.Private.Xml.dll": "9ab0bb82a3a3f00f5e41c388416f811b8973fc5d1f44643df55deb5896719d22",
    "shared/Microsoft.NETCore.App/3.1.14/System.Reflection.DispatchProxy.dll": "767fb0ff0f7e806cd4370fad76b9ab703245faa3e3574701bc75e900379a5c5e",
    "shared/Microsoft.NETCore.App/3.1.14/System.Reflection.Emit.ILGeneration.dll": "33f455fa82a12ac98c5d01745384ae5749811c6f080b21f22f357064d6fb43dc",
    "shared/Microsoft.NETCore.App/3.1.14/System.Reflection.Emit.Lightweight.dll": "ae12c26d1ccae63b8bd921205f73b36ff3b77831b8690a85396d6e03c66f4939",
    "shared/Microsoft.NETCore.App/3.1.14/System.Reflection.Emit.dll": "cbe518d4457d7008bc6dc3fde8d423d790498eb9e98bc3606b428eaf55070e70",
    "shared/Microsoft.NETCore.App/3.1.14/System.Reflection.Extensions.dll": "7997796ad2fc46cce407cc7f23f20584f4326cdeec6edd4b71b6ce4526927d63",
    "shared/Microsoft.NETCore.App/3.1.14/System.Reflection.Metadata.dll": "dd4adb77d2da9ffa686df30beeaf86ad2759df071b0c18572fa825c4314b8477",
    "shared/Microsoft.NETCore.App/3.1.14/System.Reflection.Primitives.dll": "ec684e0983a7c35305df9152acdc4c8a65321008fe06ea66819a0b814564a439",
    "shared/Microsoft.NETCore.App/3.1.14/System.Reflection.TypeExtensions.dll": "fcc17a7b78718daf7a105db6de04a6cda3078cd8029447c0bacb587c0422d005",
    "shared/Microsoft.NETCore.App/3.1.14/System.Reflection.dll": "1f77db655a65ebe19f9155d31ba8e79aa13a5fbe4af0e99aa879aa2f3fc3d645",
    "shared/Microsoft.NETCore.App/3.1.14/System.Resources.Reader.dll": "056217c7c5f77b184ddd01a7f8a25e71fb482cd75b6d4a6b6dae80aa8b32738a",
    "shared/Microsoft.NETCore.App/3.1.14/System.Resources.ResourceManager.dll": "4f72acdb3d6113bffd31b3532ccc45f29eca1e55a8060561d81aedcd6e3cb7ad",
    "shared/Microsoft.NETCore.App/3.1.14/System.Resources.Writer.dll": "4b6aef7f8915793ef04210f990ded33c203f478a3d2f687d02abf4c585d79f06",
    "shared/Microsoft.NETCore.App/3.1.14/System.Runtime.CompilerServices.Unsafe.dll": "d2a71d0b1a2398d14edf7c94b66286ac4e94c3c87c4bd835a1c99e02f402806d",
    "shared/Microsoft.NETCore.App/3.1.14/System.Runtime.CompilerServices.VisualC.dll": "e4dc3fb55fa77859db491bfb87e90297d58ce8b1271aaeea9a9965bd9b79147b",
    "shared/Microsoft.NETCore.App/3.1.14/System.Runtime.Extensions.dll": "dcc3ca43fdd795103f37f809cd40207691bb55b60caa594d88e934efa9778782",
    "shared/Microsoft.NETCore.App/3.1.14/System.Runtime.Handles.dll": "1691e2357193346c935024983efb560fb4b08dc8b6087c598ccc0d765fc02445",
    "shared/Microsoft.NETCore.App/3.1.14/System.Runtime.InteropServices.RuntimeInformation.dll": "a59f4b4a6a1b01f7373b1b1df2721c66bfc3bb1e5ed403187a454218ee906091",
    "shared/Microsoft.NETCore.App/3.1.14/System.Runtime.InteropServices.WindowsRuntime.dll": "fd5c4a5251972a7e89656e5a204e401334478536c2fa66b1f5b1c296f2b9b2f4",
    "shared/Microsoft.NETCore.App/3.1.14/System.Runtime.InteropServices.dll": "247e405b7ff17861f03699c1f062fffe36e29e8d5e2664441364dba4185b8601",
    "shared/Microsoft.NETCore.App/3.1.14/System.Runtime.Intrinsics.dll": "bcb2664338dc857911ed1500557a98990cb5697921fdba21fd28bcd717e89a54",
    "shared/Microsoft.NETCore.App/3.1.14/System.Runtime.Loader.dll": "4bfffc02a104aea685b8f4a84091be044479abad419daaf5d3f4eca54b4cf6ad",
    "shared/Microsoft.NETCore.App/3.1.14/System.Runtime.Numerics.dll": "28d1a2d733687482fbfffa5b2cf98ca86df4d5a39d91f89ecb2a0e8ee9b631d2",
    "shared/Microsoft.NETCore.App/3.1.14/System.Runtime.Serialization.Formatters.dll": "8a1a68d4d13e016b913e077ea2b3523bc6acec8858cc67c7cc3dd741c9fd0e20",
    "shared/Microsoft.NETCore.App/3.1.14/System.Runtime.Serialization.Json.dll": "781f93c4d2ada340af86b0cf53ab7e6b268332a9321d76c3eee76ff67b30e9c1",
    "shared/Microsoft.NETCore.App/3.1.14/System.Runtime.Serialization.Primitives.dll": "7778259fbcd56ee5e276634ab3e243c05d6f1e946c1146264589b388b18771b6",
    "shared/Microsoft.NETCore.App/3.1.14/System.Runtime.Serialization.Xml.dll": "78043b33bfed3583acbcb5a04ecd8da0c8146a54ec540be4adcc93e47b9478e1",
    "shared/Microsoft.NETCore.App/3.1.14/System.Runtime.Serialization.dll": "af8467fe8ee2c4fd6285e8c412d7568ae32c85f76fb75e4ae54a336f5ef2b639",
    "shared/Microsoft.NETCore.App/3.1.14/System.Runtime.WindowsRuntime.UI.Xaml.dll": "485e847bd8c49ae15911581c45ab9c3b2599b9121a66f102288c7e10b0ced6cb",
    "shared/Microsoft.NETCore.App/3.1.14/System.Runtime.WindowsRuntime.dll": "7e62a866b0a576c9abc83e1d58db0f6ca11ab822f698688265f74f81e7698a13",
    "shared/Microsoft.NETCore.App/3.1.14/System.Runtime.dll": "7c6db19949318c3b6afd08ed4f17262af26b1a962bc63ea14d6b3c5d26f8940a",
    "shared/Microsoft.NETCore.App/3.1.14/System.Security.AccessControl.dll": "708808af37e8e18030f478324478f1f113da5b8971f3b8492f5a0ff411dd0e29",
    "shared/Microsoft.NETCore.App/3.1.14/System.Security.Claims.dll": "e4d90a4315dc533e50bff00cc69e1c687d79ad283ebb6b16c127f9ff11b0cfe8",
    "shared/Microsoft.NETCore.App/3.1.14/System.Security.Cryptography.Algorithms.dll": "7e7ebb54c407f367a0499c5459d22d6483048604f4e89dbc354027eb0a91f82f",
    "shared/Microsoft.NETCore.App/3.1.14/System.Security.Cryptography.Cng.dll": "56de66659589c02dd35705227764c55c48f29289f60f453af4679a27a99b91e8",
    "shared/Microsoft.NETCore.App/3.1.14/System.Security.Cryptography.Csp.dll": "35b0032e0c43ffde6552d8397cb29e90dbed5b471fc12d456f4046294b28e01d",
    "shared/Microsoft.NETCore.App/3.1.14/System.Security.Cryptography.Encoding.dll": "2ca99125451b87cdd9171d821ed8499538878193fa4ad66ae2c09153d17149a6",
    "shared/Microsoft.NETCore.App/3.1.14/System.Security.Cryptography.Native.Apple.a": "dbc1f5a2a0bae31e2eb7af6c07a5401a5251b37515bcf89c4dd133bc241a1216",
    "shared/Microsoft.NETCore.App/3.1.14/System.Security.Cryptography.Native.Apple.dylib": "cced3b4d59907634aa81766f0def747284c892ee51c57ce63ecb5534b824e597",
    "shared/Microsoft.NETCore.App/3.1.14/System.Security.Cryptography.Native.OpenSsl.a": "29c77d8725963953814f35f36e2c99706edaaa6208863256640b372f7348c3aa",
    "shared/Microsoft.NETCore.App/3.1.14/System.Security.Cryptography.Native.OpenSsl.dylib": "a873684f7f791f9aa73524e2ea7fe374ddb52ab16f76765b6fabe3c15dea83b8",
    "shared/Microsoft.NETCore.App/3.1.14/System.Security.Cryptography.OpenSsl.dll": "875b5eaab8e686f1c703f7c2b26c940dbd45160c3d5ec9ad4ac1d017ef4be8cb",
    "shared/Microsoft.NETCore.App/3.1.14/System.Security.Cryptography.Primitives.dll": "58eb4298fcca09dc3f5893b502f517734b2bd0f5cb0a3672b063f077a2175e64",
    "shared/Microsoft.NETCore.App/3.1.14/System.Security.Cryptography.X509Certificates.dll": "f2a5d96b5bf11d63fe34107c4b856fab3770d72c42d6890cd11d3dbb79595eba",
    "shared/Microsoft.NETCore.App/3.1.14/System.Security.Principal.Windows.dll": "71965bb3cef321ed3138566ab32a2bcdaebbf2470f0da4decf0ff304cf0c480e",
    "shared/Microsoft.NETCore.App/3.1.14/System.Security.Principal.dll": "ee28382b44c516497110b0b96b307922596a0225d6a6ab622ce9ac69422dee12",
    "shared/Microsoft.NETCore.App/3.1.14/System.Security.SecureString.dll": "6ed3bf0875d1dee977d725530e3b5553d7b962fab6d445f8d011ce64700775fe",
    "shared/Microsoft.NETCore.App/3.1.14/System.Security.dll": "9ec1614f1d5576f488f9b09730cf024e2fa292539bb1a4205591be8b2d45228a",
    "shared/Microsoft.NETCore.App/3.1.14/System.ServiceModel.Web.dll": "efc398a4ea009b05144f38aefd53a05c2a0beb39acf77f2c1a1612121bc524f7",
    "shared/Microsoft.NETCore.App/3.1.14/System.ServiceProcess.dll": "b36a07204ee330e276cd0fafdc61eb15ceefada6aa0a960857b1d5e00930e9f7",
    "shared/Microsoft.NETCore.App/3.1.14/System.Text.Encoding.CodePages.dll": "e15b8f144425dc5fd594b89db7d62b841135f1b55ad8fe0a3020e2289a22b579",
    "shared/Microsoft.NETCore.App/3.1.14/System.Text.Encoding.Extensions.dll": "fd39ec47207351e24a8f2319f99b2d5d513de0c33987baf8c74259bcdb7e3e84",
    "shared/Microsoft.NETCore.App/3.1.14/System.Text.Encoding.dll": "d6bacf15221ea53d5d4566fb979a2accc114a41ba3d02a8cb09bb84ed150f3c5",
    "shared/Microsoft.NETCore.App/3.1.14/System.Text.Encodings.Web.dll": "4dfab0bfced73b3ea5f11cb674e53afb4f4cb5448b0a5dfb59c0a254d74fc6ae",
    "shared/Microsoft.NETCore.App/3.1.14/System.Text.Json.dll": "d522f6e43a2a82a5012949f5f99b34ed37f32554a927229404a90cce50d2a61d",
    "shared/Microsoft.NETCore.App/3.1.14/System.Text.RegularExpressions.dll": "1f8efb7903dbefeae032e815e4817344db72ee77ca0aac2f1439f1bddaaff142",
    "shared/Microsoft.NETCore.App/3.1.14/System.Threading.Channels.dll": "e67c5bb7d449ffc677186d565ffb66517e682c08b98d71b90ae216d6e152b83a",
    "shared/Microsoft.NETCore.App/3.1.14/System.Threading.Overlapped.dll": "64d52c44ddc93d1d4c5d5d0c3629e3a3ef90631ad3e9f6e4455ac3aab6c23064",
    "shared/Microsoft.NETCore.App/3.1.14/System.Threading.Tasks.Dataflow.dll": "9f3a5ba44c03f7297324a023ac8ebab6ca6ac85d4fa0ccff1e3bbbc2094fb012",
    "shared/Microsoft.NETCore.App/3.1.14/System.Threading.Tasks.Extensions.dll": "8d1dcdf9ee8491044fe2bf31cb0d2660f5322f6434a7d1da69bba7d10bc18b9c",
    "shared/Microsoft.NETCore.App/3.1.14/System.Threading.Tasks.Parallel.dll": "775c8c728d03b3135f6c1fed5e9048c98901f6580b4118b0d7a15729c4e7b689",
    "shared/Microsoft.NETCore.App/3.1.14/System.Threading.Tasks.dll": "6648f70583ac207285683b55422c230a9aa125c718c9d339977ea0bd3bc28da9",
    "shared/Microsoft.NETCore.App/3.1.14/System.Threading.Thread.dll": "a7df513696decc4f704feb154b5c3c73693229b54f0eaac61e6379f6c52ebb83",
    "shared/Microsoft.NETCore.App/3.1.14/System.Threading.ThreadPool.dll": "fa53274d68f2e3d6a50ad07549e392cf53d002c5efcdbea1cbe55e9ea185db04",
    "shared/Microsoft.NETCore.App/3.1.14/System.Threading.Timer.dll": "866e33614019f8c2f178fe80f574030b380a397e25a0b3095a2ddb69078d9227",
    "shared/Microsoft.NETCore.App/3.1.14/System.Threading.dll": "51fa4fd3f0f7b53ba31f2c04cfe3cd3068b21b2de805d164b920e9455ae58634",
    "shared/Microsoft.NETCore.App/3.1.14/System.Transactions.Local.dll": "f149df4ab39fca9c3d76ccb48f41b0b38309e92cdeb7aeb77c740d8232d53bf6",
    "shared/Microsoft.NETCore.App/3.1.14/System.Transactions.dll": "09efa7600aa3e0cb0713f8ae5c6a5f60035f4047548955983f31a955ac757e52",
    "shared/Microsoft.NETCore.App/3.1.14/System.ValueTuple.dll": "c6c7610d9839b513a252fb3fbfa0d7f9e0f4d32ad3c36533c1f8ca11dc710d9d",
    "shared/Microsoft.NETCore.App/3.1.14/System.Web.HttpUtility.dll": "011de3169fb03ddc5f648e512577496660bfad161eca2aeca87a34c05d3f0681",
    "shared/Microsoft.NETCore.App/3.1.14/System.Web.dll": "9089c87e65c125fec014fb3df4279605a37066685d8f323be132b4cd4a7556ad",
    "shared/Microsoft.NETCore.App/3.1.14/System.Windows.dll": "b74700de6d3782211c0707eb34b7bcaeb8f35e07de31c9aa43bff8ab799ebd95",
    "shared/Microsoft.NETCore.App/3.1.14/System.Xml.Linq.dll": "117b75f25584f32408d1ff6de77e487dca51e588d05f2cf10b0a10f1835630d5",
    "shared/Microsoft.NETCore.App/3.1.14/System.Xml.ReaderWriter.dll": "c2c2c5decac9813342e9fc52590f1d8c841efc0d135b0c80259f27bbf4d8645f",
    "shared/Microsoft.NETCore.App/3.1.14/System.Xml.Serialization.dll": "a8f07ca4b9988bbca763d1b477860228ceea29afdf68e39342803b67dd2bd31f",
    "shared/Microsoft.NETCore.App/3.1.14/System.Xml.XDocument.dll": "0d15f741f889105ff01085cd23c0977dbda322ddec92802946874c6f7aa6a966",
    "shared/Microsoft.NETCore.App/3.1.14/System.Xml.XPath.XDocument.dll": "e7100363d2bb4c05edd0fda4faf0429262ee35a382d20cca0d393f76eb0fd793",
    "shared/Microsoft.NETCore.App/3.1.14/System.Xml.XPath.dll": "a18616d0d04267777fc7c2d9e7c94d10736c6cff12c657eb5da07cd119817271",
    "shared/Microsoft.NETCore.App/3.1.14/System.Xml.XmlDocument.dll": "9438f7a01563e823f0cf09813143fe61302f189dd7dadd587113acbf65be2353",
    "shared/Microsoft.NETCore.App/3.1.14/System.Xml.XmlSerializer.dll": "3a8beeffb32ff8face2a18bdca3f24d2e9d31c6ed0c3a230d2e0903c2b90629d",
    "shared/Microsoft.NETCore.App/3.1.14/System.Xml.dll": "5a4f095c35f858cd79c020f55359e70efc095288609613f21c3bc2ff06b43541",
    "shared/Microsoft.NETCore.App/3.1.14/System.dll": "c5f56870090820364d8c68098ecbeb59bc39fe9bbfca0fda573d12c9db0b8c62",
    "shared/Microsoft.NETCore.App/3.1.14/WindowsBase.dll": "b0ca5ec49a18b8e1c5278cbdfd4f35783632d920435d8629f18cd0f9ee6bd4a6",
    "shared/Microsoft.NETCore.App/3.1.14/libclrjit.dylib": "d469e20cd3df4e629b4cf33d8fdd1d441a0876f9899aeff3fa8e02ce6809942f",
    "shared/Microsoft.NETCore.App/3.1.14/libcoreclr.dylib": "9c531e3f32f6a5c09550f083702bcc2430324c173a470c1257d60e791c30f267",
    "shared/Microsoft.NETCore.App/3.1.14/libdbgshim.dylib": "45c82749ace62d2f7262c2db3c9f56d2612de626f87cd191354763c3f88ec803",
    "shared/Microsoft.NETCore.App/3.1.14/libhostpolicy.dylib": "802b309aa9b5b3bbce3e9e2b1b5a44e656af17b703ab3fbb61a3850a42aa198a",
    "shared/Microsoft.NETCore.App/3.1.14/libmscordaccore.dylib": "c0f9cb3a3b0ef0da33e082ef0eb6eeb790408db554976278c515ab1614ca0700",
    "shared/Microsoft.NETCore.App/3.1.14/libmscordbi.dylib": "144f90763fbbaf0e6d4b53a1ef78b1d0106c1d700c742c596be06a21ae98455e",
    "shared/Microsoft.NETCore.App/3.1.14/mscorlib.dll": "f0cf3dfd65e44bddfcb5dbc04d31ee27817667fa1bad4e8c471407652d45779d",
    "shared/Microsoft.NETCore.App/3.1.14/nethost.h": "c584639a5ee3170e0bf90f83c2b683a4c44d2b94af724ef20fbaddc7eddb585f",
    "shared/Microsoft.NETCore.App/3.1.14/netstandard.dll": "322f0057fd827d7653e5e8123f7041f15258c02e12dbcfbfecd66de5de819370"
  },
  "NetCoreWin": {
    "LICENSE.txt": "7f6839a61ce892b79c6549e2dc5a81fdbd240a0b260f8881216b45b7fda8b45d",
    "ThirdPartyNotices.txt": "2e3b2cb5cb57ff44310801dd46e51dab1d35d9cfe196a9709ee8cb9c6f8e4d4a",
    "dotnet.exe": "e95de9889c79f9003bd005140183a2cde08c0ddea23663ed74adc5c9a31edf33",
    "host/fxr/3.1.14/hostfxr.dll": "62a747d94c3df7b2d565e853d8b18f0a550439cc95c21bf60c57bda5428dda5c",
    "shared/Microsoft.NETCore.App/3.1.14/API-MS-Win-core-xstate-l2-1-0.dll": "a47fefc649996fb2907859a50b51d34d34ff18a377f5f809c97ab36ebb8694b4",
    "shared/Microsoft.NETCore.App/3.1.14/Microsoft.CSharp.dll": "d92d78ac1e2cdb11d6caff7efaa527707fa5a324e954340a1d7da34acece7c81",
    "shared/Microsoft.NETCore.App/3.1.14/Microsoft.DiaSymReader.Native.x86.dll": "f21da9fb831ac943736135b6ee109a4b352511b8d6c07cb03c66b61996d1ddc9",
    "shared/Microsoft.NETCore.App/3.1.14/Microsoft.NETCore.App.deps.json": "ba2f9ffd416e7c2e85d174c6d93306b62e59c0dccd53af170512778daa5f0c1a",
    "shared/Microsoft.NETCore.App/3.1.14/Microsoft.VisualBasic.Core.dll": "be5861866ea25bfe8603d7372cd99729e31a4514efb1778139fc9218f7ed9618",
    "shared/Microsoft.NETCore.App/3.1.14/Microsoft.VisualBasic.dll": "b50a4c860e1607188ef77dd3b4772d920d7b86bb83c6a912b787f1d65a3069f8",
    "shared/Microsoft.NETCore.App/3.1.14/Microsoft.Win32.Primitives.dll": "20439caa42c6959a16282255fda9c0ef1e523726f583c3b88429f5b0566d0d07",
    "shared/Microsoft.NETCore.App/3.1.14/Microsoft.Win32.Registry.dll": "3d80181bb2a2f33ba8c00e3e4bc8a4f77db73193ceb1623debb73852b4701bb3",
    "shared/Microsoft.NETCore.App/3.1.14/SOS_README.md": "72bab8ad57ae20824c84aaf9fe2e0e305b2108286e066545e6bac14ac7af1450",
    "shared/Microsoft.NETCore.App/3.1.14/System.AppContext.dll": "7f1bae9edca5f45a03a8c12b7846ff7957e6d4624ca41c8256c5d33cdeb58a2f",
    "shared/Microsoft.NETCore.App/3.1.14/System.Buffers.dll": "e7a824641054f7651c07687e0b1a23337a5f8e6594b7a0786622d45306d90b31",
    "shared/Microsoft.NETCore.App/3.1.14/System.Collections.Concurrent.dll": "c30b4a41d915165a8e858387f379d48a5110cef2bc64db484c807e67ccd08d58",
    "shared/Microsoft.NETCore.App/3.1.14/System.Collections.Immutable.dll": "fbb1193915a3f069ba3ef5afc55dfd7099ca281ca01f1d5ff276e8dc38af8815",
    "shared/Microsoft.NETCore.App/3.1.14/System.Collections.NonGeneric.dll": "3585be94d7096e8bc38cf604d2b00f163941278dc261f0e19615b81d560339b6",
    "shared/Microsoft.NETCore.App/3.1.14/System.Collections.Specialized.dll": "3e4b85bb597334628a3e1ed49b6eba69fd8043f1a86f73ebeb1041730f5ddcaf",
    "shared/Microsoft.NETCore.App/3.1.14/System.Collections.dll": "2fa436f688fcccbcd1135cda11e0473b0857d8a103f25a2766a6b2a2ec203209",
    "shared/Microsoft.NETCore.App/3.1.14/System.ComponentModel.Annotations.dll": "af43ceae4bdc0c9f40d53a4c7d6ea24d19bd6d9e697754f7f94e2ffb02172cb1",
    "shared/Microsoft.NETCore.App/3.1.14/System.ComponentModel.DataAnnotations.dll": "b68c118bf1222d51f31440bad13b6c281be5f5a01cbfd5c14acbfd8463fc2d9a",
    "shared/Microsoft.NETCore.App/3.1.14/System.ComponentModel.EventBasedAsync.dll": "04e5af42e3ab05c4efde5ddd17e16c82f9b538c67635b7695c441660d08aa6d4",
    "shared/Microsoft.NETCore.App/3.1.14/System.ComponentModel.Primitives.dll": "f60aed88cb88a3fea67a36e3482099a40ab790c7c450999b2496bf658137615e",
    "shared/Microsoft.NETCore.App/3.1.14/System.ComponentModel.TypeConverter.dll": "6b133ad7d96b18f19042ea0d62fb248a9879215fd28bb02cb1a93919b3bf0c38",
    "shared/Microsoft.NETCore.App/3.1.14/System.ComponentModel.dll": "d0eff3823b253ec783e7c6b96a9f481660452dac16097c8df3e386f360ef5849",
    "shared/Microsoft.NETCore.App/3.1.14/System.Configuration.dll": "d799275f70ead2141bf85d56eb69d483aa0be69abcb25c456074c83c8455eab1",
    "shared/Microsoft.NETCore.App/3.1.14/System.Console.dll": "f4457c6c4ce5c2e1886284cfae834daaaf42d214a7a926377b8f55bcfb5af2f9",
    "shared/Microsoft.NETCore.App/3.1.14/System.Core.dll": "31bbf4d6dfca5cdb5bb2ac7c98759b9a06364d60f457a4cc66a16060632c2d5b",
    "shared/Microsoft.NETCore.App/3.1.14/System.Data.Common.dll": "32a990facc12b8c0a5dec25a3a933ff0ee714ac7093b3138668d54fbb1c411bf",
    "shared/Microsoft.NETCore.App/3.1.14/System.Data.DataSetExtensions.dll": "9f5b0a90afcdc481d59a32399d76c3657de9c18865ba1a376430dc0872c27f20",
    "shared/Microsoft.NETCore.App/3.1.14/System.Data.dll": "45ace3b8a2023ea830e15fe522eadd85c58a8b9b3aec32c8ff0a6231a2d11ab2",
    "shared/Microsoft.NETCore.App/3.1.14/System.Diagnostics.Contracts.dll": "1662672c16bd87aaabdce83652d338887706d75bad941f59eb4244c52b8a1d8e",
    "shared/Microsoft.NETCore.App/3.1.14/System.Diagnostics.Debug.dll": "a70de1736c78c27f1627cb7c3c88b6e97380c0f94894bc17aa6dae4a56c696ee",
    "shared/Microsoft.NETCore.App/3.1.14/System.Diagnostics.DiagnosticSource.dll": "24a689520ef172e40bbd9f116ed6145b5e0bcac4544ae88cd4d97ae142f63b8c",
    "shared/Microsoft.NETCore.App/3.1.14/System.Diagnostics.FileVersionInfo.dll": "72d637528987f099bbc17393f72aae745516e8d15427ce1fabd98ef8b9d5d059",
    "shared/Microsoft.NETCore.App/3.1.14/System.Diagnostics.Process.dll": "6a3067248faec192675317f2f1cbfb244b4d8a080c88231ec850044e5f5616a1",
    "shared/Microsoft.NETCore.App/3.1.14/System.Diagnostics.StackTrace.dll": "2eaee625aa49c58ff6bd8673eeccf603d28fd56982a70ae5eb441643e459326f",
    "shared/Microsoft.NETCore.App/3.1.14/System.Diagnostics.TextWriterTraceListener.dll": "b67eb0c973801db123680584f28d7769152275fb1d8bc2d44e6c891616c9d8b5",
    "shared/Microsoft.NETCore.App/3.1.14/System.Diagnostics.Tools.dll": "6aa19abd4c6e2b744f878bfb6165c0e72db8cb1431988aff6d0d8cf08ff68437",
    "shared/Microsoft.NETCore.App/3.1.14/System.Diagnostics.TraceSource.dll": "0725c48667b582dea9642284d8999f560f26114e6643423a47d42e38e5267f9d",
    "shared/Microsoft.NETCore.App/3.1.14/System.Diagnostics.Tracing.dll": "b6fcda01c46dddc8f8b43d9900f606cefcc3b1abb23b1b303519f063469205eb",
    "shared/Microsoft.NETCore.App/3.1.14/System.Drawing.Primitives.dll": "753eeef8a5d2863e1b66237de40ca094a6f594adc889dcd93a57feab1c9b14e9",
    "shared/Microsoft.NETCore.App/3.1.14/System.Drawing.dll": "3672201fe32c099be9b4b105e72aa27a1c12a6eade9c8b52eb21a6049a5cfbc9",
    "shared/Microsoft.NETCore.App/3.1.14/System.Dynamic.Runtime.dll": "cfebeeadfa9157de6eaee03d01eb9b77dbdd483a134d7cc48aea330fc01214b2",
    "shared/Microsoft.NETCore.App/3.1.14/System.Globalization.Calendars.dll": "16b3021e6680d9e66f0269654b60504c642d29e7947e1662a3217f41d49c4447",
    "shared/Microsoft.NETCore.App/3.1.14/System.Globalization.Extensions.dll": "122b22fffa2c7af13ca8f2c4715c73f35df64a1ccd6d708b648c3199cfed0fb1",
    "shared/Microsoft.NETCore.App/3.1.14/System.Globalization.dll": "4400cf3b9e9832d96d841857cd2d7b555c79e3c75b51452ef4c43397a56a2248",
    "shared/Microsoft.NETCore.App/3.1.14/System.IO.Compression.Brotli.dll": "4f09e54726da62b5ea925764f4e3e47344c8d5dc4995dd1f6a189a15ce8437d1",
    "shared/Microsoft.NETCore.App/3.1.14/System.IO.Compression.FileSystem.dll": "855d1d976ef33c3cef736b8dbf92c1eaa2301383ca3d080a6d8b1ba88788a7b4",
    "shared/Microsoft.NETCore.App/3.1.14/System.IO.Compression.ZipFile.dll": "cd132ba2068bb4c86185f5fcfdf30255cd26176494aba5c05d24fd925f8ccade",
    "shared/Microsoft.NETCore.App/3.1.14/System.IO.Compression.dll": "fec1da62f2c27eeb2cca7bf1ef24775dd52a39d8934d1329b398b3d2abd59e2b",
    "shared/Microsoft.NETCore.App/3.1.14/System.IO.FileSystem.AccessControl.dll": "33feeaf8c68b39377c770c5c08a35052e3af2080b10bd45c21fa68472de7623e",
    "shared/Microsoft.NETCore.App/3.1.14/System.IO.FileSystem.DriveInfo.dll": "c2797eac5a70945f67a92dd92ddd6e3a4cefddf22c1f7a012ac38c6211be6b9a",
    "shared/Microsoft.NETCore.App/3.1.14/System.IO.FileSystem.Primitives.dll": "e963735c68c9e3a7867cf89b6787641b7c1e21595668aea6941bd42634fd5fe7",
    "shared/Microsoft.NETCore.App/3.1.14/System.IO.FileSystem.Watcher.dll": "cc078af0a3fe8ba4b9366145163767cde255b6c6d35f817afdf3f5a02ee68d97",
    "shared/Microsoft.NETCore.App/3.1.14/System.IO.FileSystem.dll": "8fc23ac49b38fdf9d3325085b5a2d4fc7c026ee67725ba7a7a838ed401dd5df2",
    "shared/Microsoft.NETCore.App/3.1.14/System.IO.IsolatedStorage.dll": "199e2496fa60d9eed1a8e08c5b91697f64332fb15073d394541279f22aa869a8",
    "shared/Microsoft.NETCore.App/3.1.14/System.IO.MemoryMappedFiles.dll": "ef3a69b6ce6df0e2b0cc3ff7cfa482e51054084c20f8c66d90bf5d89c78113bc",
    "shared/Microsoft.NETCore.App/3.1.14/System.IO.Pipes.AccessControl.dll": "cbb4ae94c3d6e4e5ecbdf9b9728cdce90db393d5b6cdf013f6d90a8f32b37d4e",
    "shared/Microsoft.NETCore.App/3.1.14/System.IO.Pipes.dll": "5ba267d548ddf4b6711b6c9a2e3d96a9094b700efe9c327fcd223467d0c6f4af",
    "shared/Microsoft.NETCore.App/3.1.14/System.IO.UnmanagedMemoryStream.dll": "97dd1b7b33c7888a97f2f5680bbbe6ec3d42334a7b2845564294dc5629f1bfca",
    "shared/Microsoft.NETCore.App/3.1.14/System.IO.dll": "4d346f5ba1e2f15c1717f21db8eb8304ce88495810aea4191c38005d606f3011",
    "shared/Microsoft.NETCore.App/3.1.14/System.Linq.Expressions.dll": "c2b15964e27454f190e7a1317800a290ba861fb726c9b768455133647c5b6804",
    "shared/Microsoft.NETCore.App/3.1.14/System.Linq.Parallel.dll": "80cf1101915bd1dc2b7151cd0d2a3ee5e6cbc8bdf6d981a685c7852b8ae0345a",
    "shared/Microsoft.NETCore.App/3.1.14/System.Linq.Queryable.dll": "7f15abaae878056d9ef71e74a60cf5adf8edf983c2e63687b6de0531de94fc04",
    "shared/Microsoft.NETCore.App/3.1.14/System.Linq.dll": "292939af9d5e75d80ba905283d04648efd52600aefaf8f6c63e830a81f93d932",
    "shared/Microsoft.NETCore.App/3.1.14/System.Memory.dll": "80c49ca630584a2ada1895e994ea1f38bd599ecf815e93a7814c7db759691c1b",
    "shared/Microsoft.NETCore.App/3.1.14/System.Net.Http.dll": "f9dde9368c4685401d1cf10acdb6d1c836dfadb221372ca7c599983669bc7671",
    "shared/Microsoft.NETCore.App/3.1.14/System.Net.HttpListener.dll": "5e02ce4bd1d16f65803587a2ab61f7c731e0058442ec4d67c5c8eb70f4bc72b6",
    "shared/Microsoft.NETCore.App/3.1.14/System.Net.Mail.dll": "558ec8a2a556d205e941852faefee07a7b90504b6367c6dc4bd355d299926cd4",
    "shared/Microsoft.NETCore.App/3.1.14/System.Net.NameResolution.dll": "d66431f5a89421321277f5ef131a09b7db0110a90938c2703dabe31bd17d1017",
    "shared/Microsoft.NETCore.App/3.1.14/System.Net.NetworkInformation.dll": "01305ba36148b49840614e554f88744069bd88bd194db06c94a05dbb837f34c3",
    "shared/Microsoft.NETCore.App/3.1.14/System.Net.Ping.dll": "539e6badc997611f499045658667363126ace160a026b9505973a82a4d613c68",
    "shared/Microsoft.NETCore.App/3.1.14/System.Net.Primitives.dll": "c2a064c28fb6fe810335d149b14c35d10bf99ec48af71410da4d9e98fbe67ae3",
    "shared/Microsoft.NETCore.App/3.1.14/System.Net.Requests.dll": "2b9f6501a621a05a39846bd126a55ed0f38b74a7feb6a99921a2d31ed865e0a0",
    "shared/Microsoft.NETCore.App/3.1.14/System.Net.Security.dll": "30c02948bbff7faac1919312a3639fcdec6bde329c12e61e583b569aaa36d28f",
    "shared/Microsoft.NETCore.App/3.1.14/System.Net.ServicePoint.dll": "81560b5bec00aadffe48345f5f72185c325847a5cebcc78dae91a0fbcdaf6762",
    "shared/Microsoft.NETCore.App/3.1.14/System.Net.Sockets.dll": "229b777cb7baf24b977dd74d8d398005492052bff22b6e1737c7db89bfc43689",
    "shared/Microsoft.NETCore.App/3.1.14/System.Net.WebClient.dll": "323c1c5838d8ff0cbd190738b3d5bea1fc7a8ffd351e111fbcc723b48c791359",
    "shared/Microsoft.NETCore.App/3.1.14/System.Net.WebHeaderCollection.dll": "f2febc7a091ad67fb7e3c4534cfc599fe78e5ede0651b344bfb286fe15d80114",
    "shared/Microsoft.NETCore.App/3.1.14/System.Net.WebProxy.dll": "9d0b141671b3b7bd49f0f0fefb6edb6af238574a1b88fa106fa94d7a22e4791c",
    "shared/Microsoft.NETCore.App/3.1.14/System.Net.WebSockets.Client.dll": "dd9aaa4cd94fe0a5e28c91d3c23d6218ccffbf760decd4e2f3a11be967e6be4b",
    "shared/Microsoft.NETCore.App/3.1.14/System.Net.WebSockets.dll": "3f68b6edd952b68e446d6decb7e5c3dff3d6ac7931ab997f77a8826fb352fb11",
    "shared/Microsoft.NETCore.App/3.1.14/System.Net.dll": "11b7398425ac1d0c4ce1a79612110e62219b160661136a618a0d2ddf877a778b",
    "shared/Microsoft.NETCore.App/3.1.14/System.Numerics.Vectors.dll": "1b82fe35d9ef3f6811a7b45083d6ebe11eb9f49ff23ab8ebb5ea02b156254382",
    "shared/Microsoft.NETCore.App/3.1.14/System.Numerics.dll": "daf2f2712e2764fe0ba22c9dbc832766c17d212818b68d5c3eb6143d860e8578",
    "shared/Microsoft.NETCore.App/3.1.14/System.ObjectModel.dll": "698a370ae2848b11e9c99ad9b22a33fbc71edfe5bfb04d9132fd6998ebc83e15",
    "shared/Microsoft.NETCore.App/3.1.14/System.Private.CoreLib.dll": "3a311db2ab6a09835415e158924c1627576dde02a91cb58152c58565a14abf8b",
    "shared/Microsoft.NETCore.App/3.1.14/System.Private.DataContractSerialization.dll": "fc74962608ed9a4a80b5a722195cb659a23b72762f5253c9387231b5996583ff",
    "shared/Microsoft.NETCore.App/3.1.14/System.Private.Uri.dll": "693325e2510742a336acb204053c3591cd22d61ad2a10ffca05710013073e7c0",
    "shared/Microsoft.NETCore.App/3.1.14/System.Private.Xml.Linq.dll": "6e0552beb667b126d3df125eba15e39fe84b81c03cec38802951bdf8fc5033f5",
    "shared/Microsoft.NETCore.App/3.1.14/System.Private.Xml.dll": "eafbe1f3a7cc8210bf3b1106d7884fc4521963fce4270f7a36a1b071af07ce45",
    "shared/Microsoft.NETCore.App/3.1.14/System.Reflection.DispatchProxy.dll": "bc3e17535ad0f5403fb990740e718fd142cda4d5013d85a9e4513f8da358c31e",
    "shared/Microsoft.NETCore.App/3.1.14/System.Reflection.Emit.ILGeneration.dll": "1fe117e6873420f0707acb6f97d8ab6899fd7d4e3084c483f4b298701765829e",
    "shared/Microsoft.NETCore.App/3.1.14/System.Reflection.Emit.Lightweight.dll": "8e25313ef5d3ab0366fe9d62890075e7a347e53dd8d62bc2a1d9ecfcbf1952a2",
    "shared/Microsoft.NETCore.App/3.1.14/System.Reflection.Emit.dll": "057177df95a9e61a731ff91dc8f1835860ce33523e93f2baf1e6f4a8e9d2940b",
    "shared/Microsoft.NETCore.App/3.1.14/System.Reflection.Extensions.dll": "baffec1177178ce4ac2836a7f02e5fa2207488db1af85b2e7b76e7ca3c09ec65",
    "shared/Microsoft.NETCore.App/3.1.14/System.Reflection.Metadata.dll": "fdf9544548e7fe98597c171d0158f072e4abdcd2a6cfb97d34d04b3e734c92cb",
    "shared/Microsoft.NETCore.App/3.1.14/System.Reflection.Primitives.dll": "ab1ebe66c29643dbcf0eb44c8f3fcf3b945f80487d296df776c62f7bfd002f6c",
    "shared/Microsoft.NETCore.App/3.1.14/System.Reflection.TypeExtensions.dll": "c3bf59db9c5353a4014d5e54378eb80013ea1b84a5616a34a37482e93f1bf35b",
    "shared/Microsoft.NETCore.App/3.1.14/System.Reflection.dll": "087128277aab5c1a04106b090cdb04494459f1eab122d469273e41f5221640d5",
    "shared/Microsoft.NETCore.App/3.1.14/System.Resources.Reader.dll": "983bdd913ed2f74474c13f87a4199d7824e15f736002e0dbcddc56a2c66fea20",
    "shared/Microsoft.NETCore.App/3.1.14/System.Resources.ResourceManager.dll": "edd85a219d6fef983c0aa66196e49d6aaa055ecd4c50c15dceb3bc8da2e62b4e",
    "shared/Microsoft.NETCore.App/3.1.14/System.Resources.Writer.dll": "a52a55fe6a4b58f249a863e4aaa80584a42da866af48e28d70d47f7ce8a68d77",
    "shared/Microsoft.NETCore.App/3.1.14/System.Runtime.CompilerServices.Unsafe.dll": "f6f0017f7dc097d0742fb92a2e44933e3f32cb5df660c68581a645551203ae6a",
    "shared/Microsoft.NETCore.App/3.1.14/System.Runtime.CompilerServices.VisualC.dll": "16d31cfc116671725856b8526f941e04dd5792c21465c44d7acbac759c5e17a6",
    "shared/Microsoft.NETCore.App/3.1.14/System.Runtime.Extensions.dll": "a5bff825280d09a84c88f4a27c0b71a03f52c296c9c45cebd203ea8464f7adfd",
    "shared/Microsoft.NETCore.App/3.1.14/System.Runtime.Handles.dll": "4bbac1496dc6689ed41a67f4c5768413fb058d5cb919826133ae9e5553f07e20",
    "shared/Microsoft.NETCore.App/3.1.14/System.Runtime.InteropServices.RuntimeInformation.dll": "531965016a59cb26b6f0f8a3412ecf00907dc3422bee1f294a33fa01c00a260f",
    "shared/Microsoft.NETCore.App/3.1.14/System.Runtime.InteropServices.WindowsRuntime.dll": "18b377d26e0256fc86ba68f675a38769ef2eca16b588486d2c8e83d16071a6af",
    "shared/Microsoft.NETCore.App/3.1.14/System.Runtime.InteropServices.dll": "04f086b7871f182227f95f4e3c98886eeb48a28d428a487d481cb813a1b2fc1b",
    "shared/Microsoft.NETCore.App/3.1.14/System.Runtime.Intrinsics.dll": "8e2a60a971919b54d9280c44623de3c7ac5b8971dcc4a714a42c1d1c9e75f706",
    "shared/Microsoft.NETCore.App/3.1.14/System.Runtime.Loader.dll": "aeb2c35d39522c4ae6c0a62281e9c693b5974b8927f5888ff3b4406388daab34",
    "shared/Microsoft.NETCore.App/3.1.14/System.Runtime.Numerics.dll": "b55a38cb59a4563255bc04f1c68c66bd3ba1c5a5d5e990600f1dba5993e90788",
    "shared/Microsoft.NETCore.App/3.1.14/System.Runtime.Serialization.Formatters.dll": "e9a40dfa281ac81a508d807dc01bddb69eccd48a006ac2775d0e7de041d8dbd7",
    "shared/Microsoft.NETCore.App/3.1.14/System.Runtime.Serialization.Json.dll": "e56da10507621c850e69230bc487e23d0bc7545beb94e65d24804aa7f4f8af37",
    "shared/Microsoft.NETCore.App/3.1.14/System.Runtime.Serialization.Primitives.dll": "273f02b8af21aa4e33f642064ea225e0eb11d436408882e5640b2e65be62bd45",
    "shared/Microsoft.NETCore.App/3.1.14/System.Runtime.Serialization.Xml.dll": "1931d088409700503bdf69c764f50d536989bd67eaac69659118943a0d29aefe",
    "shared/Microsoft.NETCore.App/3.1.14/System.Runtime.Serialization.dll": "8edadbbe0778f26bc68791fb02dbe6fcd7a7828eaec6f815feac9e601a4d0272",
    "shared/Microsoft.NETCore.App/3.1.14/System.Runtime.WindowsRuntime.UI.Xaml.dll": "2e93327e8cf69c18ae9aa3a0ceece9be23df9a4f3f86f7e0376f733b64d981d5",
    "shared/Microsoft.NETCore.App/3.1.14/System.Runtime.WindowsRuntime.dll": "92332c679fe44db70c69132285ba30618d822e3db3ead014907ac27a2a30ddba",
    "shared/Microsoft.NETCore.App/3.1.14/System.Runtime.dll": "78e6d50c77a978262a293f8e41b9882de16df0944506b51427bb47970c0e03a3",
    "shared/Microsoft.NETCore.App/3.1.14/System.Security.AccessControl.dll": "b00a23f34484759f810b553c45e77a1ef72a3d821caba54181318e2f9b146d46",
    "shared/Microsoft.NETCore.App/3.1.14/System.Security.Claims.dll": "3e1e6b540bbd13dd7e4cfe29fb0f0dc4cc89a7c15cc366a36d46f5d832622047",
    "shared/Microsoft.NETCore.App/3.1.14/System.Security.Cryptography.Algorithms.dll": "33cd91f12f5ce8ab2930ba24405fb8ab6df4df511a6f6b1f8bc2879b30db2a98",
    "shared/Microsoft.NETCore.App/3.1.14/System.Security.Cryptography.Cng.dll": "9eb13d739f0db41e66b3425f020ea4ce4d706fd93d5b82603a63c4530e3a4aa1",
    "shared/Microsoft.NETCore.App/3.1.14/System.Security.Cryptography.Csp.dll": "d49c4ccdcd0acc3bbf4783545094a8ab85a35c1b0147415ec12742cd96d0c1ec",
    "shared/Microsoft.NETCore.App/3.1.14/System.Security.Cryptography.Encoding.dll": "c9813d8c3fcecf9906df2f0f400315bba7b17a7f5445dc98abd335a424eddf87",
    "shared/Microsoft.NETCore.App/3.1.14/System.Security.Cryptography.OpenSsl.dll": "083164a4e5aea800d35bac1d49bddee88d7f4571df5b3b64400228a9c2427bd8",
    "shared/Microsoft.NETCore.App/3.1.14/System.Security.Cryptography.Primitives.dll": "ebc36bf4f9e031f30ca074250878d5dc69d252dcb296a012f08c97722e38467a",
    "shared/Microsoft.NETCore.App/3.1.14/System.Security.Cryptography.X509Certificates.dll": "7c7323a470dafa1de21a6031afacc06e4f80f1b132c71e9846c3b4355eb77fa6",
    "shared/Microsoft.NETCore.App/3.1.14/System.Security.Principal.Windows.dll": "294c3c1da070b718e9ba8a4f3c61230ecbbb27a42c67af8f0807510ac10cbb54",
    "shared/Microsoft.NETCore.App/3.1.14/System.Security.Principal.dll": "4088514cf4ba28beb281563a0da4df4fd4eb96bebdae0225ca1ac40ecdaa66f4",
    "shared/Microsoft.NETCore.App/3.1.14/System.Security.SecureString.dll": "e6dadb7fa85bf4a03db079e1a171aa3c56e446ad9467356232be1d539d7c8fcd",
    "shared/Microsoft.NETCore.App/3.1.14/System.Security.dll": "c150dd18031670646a8c49941e87e0bf29c42c049d3389ef8cbfe9674b55386d",
    "shared/Microsoft.NETCore.App/3.1.14/System.ServiceModel.Web.dll": "7307eaa20f6f9d3b1a551a5db6cd52066f3467db2493339df8f8541e70fab606",
    "shared/Microsoft.NETCore.App/3.1.14/System.ServiceProcess.dll": "8bb802e7361fe30c08761975d59d5a4ae6ec998f465a23ec1c87d5b8e13cfd30",
    "shared/Microsoft.NETCore.App/3.1.14/System.Text.Encoding.CodePages.dll": "8d35253ffe23736d82624ea6806feef7d67962d25f293a533506edd0531aa486",
    "shared/Microsoft.NETCore.App/3.1.14/System.Text.Encoding.Extensions.dll": "050d62b1ea1a1f6048633bbe4b5edc7448d28b8c4ff4a8864aea27819b4943d2",
    "shared/Microsoft.NETCore.App/3.1.14/System.Text.Encoding.dll": "d8c37e8cc50115b8167f309affa44145a03bf0291cb1f722ee26abd68102a671",
    "shared/Microsoft.NETCore.App/3.1.14/System.Text.Encodings.Web.dll": "ab777dccce3ab70d94705f74c7e79acdf4739b42e51c5eceab7a8eb6628eb348",
    "shared/Microsoft.NETCore.App/3.1.14/System.Text.Json.dll": "f0d92983c6cd9f37c4ce55f5a19358227312d2a9cc8119e5cbf02a4e53a678c7",
    "shared/Microsoft.NETCore.App/3.1.14/System.Text.RegularExpressions.dll": "cb9afe9e13877bd6797590188136ddcc6ef821cf3ce2e485138bd3f0efbc0db9",
    "shared/Microsoft.NETCore.App/3.1.14/System.Threading.Channels.dll": "c7ede818acbb47b95dc2c37288fe6223fd183c388339b843c0e43b35297f4fe9",
    "shared/Microsoft.NETCore.App/3.1.14/System.Threading.Overlapped.dll": "db673219145d34cd7dcf4d3283e93c0769fdef91d80207d2622ee829fc710192",
    "shared/Microsoft.NETCore.App/3.1.14/System.Threading.Tasks.Dataflow.dll": "1f2e9723e2b5004c1c977d28948322f239d45adea9810dcbc03dfdc9d740ec81",
    "shared/Microsoft.NETCore.App/3.1.14/System.Threading.Tasks.Extensions.dll": "4cbc505f290f3b85584891ee7ffe8ac297f961c2239cccefbf7bf182b21b7356",
    "shared/Microsoft.NETCore.App/3.1.14/System.Threading.Tasks.Parallel.dll": "681917bf2aaa5d2ae2018785df67285eddf20ec71b43d84355c5624d952618e9",
    "shared/Microsoft.NETCore.App/3.1.14/System.Threading.Tasks.dll": "a69920d03a4e92fe9fce16f48ef801c92c32ac08ca3eb0798636eecc7304764e",
    "shared/Microsoft.NETCore.App/3.1.14/System.Threading.Thread.dll": "c3f7977ccc72a36802c4e55ae69751834d32db96e2ae46846439e223b634b084",
    "shared/Microsoft.NETCore.App/3.1.14/System.Threading.ThreadPool.dll": "f05e9a871d3cd73692e94de6af801aee45bc65ab458431b4ed9394c331eeab6c",
    "shared/Microsoft.NETCore.App/3.1.14/System.Threading.Timer.dll": "4909d64dd29575e2e480fa1432a05c489f8f266dd1e72870bccc34bd31a40cf7",
    "shared/Microsoft.NETCore.App/3.1.14/System.Threading.dll": "3e2adfe6af54622cae154f4c5383c1c28ebbae6da01eb1e36a3e47de59635f97",
    "shared/Microsoft.NETCore.App/3.1.14/System.Transactions.Local.dll": "7e1dc7954792e85fefc3eae9d44998b65d96e5cada7a93ee9bd7a9dbfaea3530",
    "shared/Microsoft.NETCore.App/3.1.14/System.Transactions.dll": "6aef018bf05231ec627893b60ab46f8a9bee632bd97d7f2a2a276db9aa5000bb",
    "shared/Microsoft.NETCore.App/3.1.14/System.ValueTuple.dll": "577831132da29c0cb57b32aefb5eef89909f070711b54a96a35088c252de0e23",
    "shared/Microsoft.NETCore.App/3.1.14/System.Web.HttpUtility.dll": "ded0e529384248291caaf8d12790ff94ee8825ad7eaa7d859651d882b1f7ee7e",
    "shared/Microsoft.NETCore.App/3.1.14/System.Web.dll": "a0bb314eabb2f5a48636f6b22d6babe297c72388372d1b3d3b996320a7a80cc2",
    "shared/Microsoft.NETCore.App/3.1.14/System.Windows.dll": "47ac825e5d176bb4eefce336dfebdd8230612663da218e6ddb720714766e41ff",
    "shared/Microsoft.NETCore.App/3.1.14/System.Xml.Linq.dll": "76f7ac571c7d2d36c26f034a354977956d8339b2575ed0f27f07cbdc43dff3cd",
    "shared/Microsoft.NETCore.App/3.1.14/System.Xml.ReaderWriter.dll": "3fe86ecfe95345d7d6515596a39c1ab7285b6dd6d9465b274263583356425db3",
    "shared/Microsoft.NETCore.App/3.1.14/System.Xml.Serialization.dll": "6280cd2af233185f39f0d502fc652e237947cf0b09e536e55729fdbbdf7a331d",
    "shared/Microsoft.NETCore.App/3.1.14/System.Xml.XDocument.dll": "e920139d656d8f64841f41d569d4698c51e82b03b3db6e567a1503d9fda56289",
    "shared/Microsoft.NETCore.App/3.1.14/System.Xml.XPath.XDocument.dll": "86b838303dea8d0703ef8096b900131f97c6ab21a07d8b741f4600c01b3fceac",
    "shared/Microsoft.NETCore.App/3.1.14/System.Xml.XPath.dll": "541a844b6e95aca1f898033dae7980a21fc98b2c46a9119551598cb003df9d2a",
    "shared/Microsoft.NETCore.App/3.1.14/System.Xml.XmlDocument.dll": "74f5be0588d50722d6dc73bec8e46abd90f3703eee1fc9fe9c9a8702ff869e6d",
    "shared/Microsoft.NETCore.App/3.1.14/System.Xml.XmlSerializer.dll": "4a4e3c000cdf313b93c6e6973dbc5e8269d074aec4eedbc5a211c60b91328580",
    "shared/Microsoft.NETCore.App/3.1.14/System.Xml.dll": "3831ad99d1a5a7116751bbe995e4c48b01059708cdf915bf27f19e8972f96bac",
    "shared/Microsoft.NETCore.App/3.1.14/System.dll": "7f1f27f3ea54e6f1e1c1c6277363c6f33072aa5a2c6f1b9dd5851687af2c5097",
    "shared/Microsoft.NETCore.App/3.1.14/WindowsBase.dll": "61910e86b2a2a9e591c4a092462c4f78ef7afd369ee4657b5c1102fb9d33abd0",
    "shared/Microsoft.NETCore.App/3.1.14/api-ms-win-core-console-l1-1-0.dll": "24b07028c1e38b9ca2f197750654a0dfb7d33c2e52c9dd67100609499e8028db",
    "shared/Microsoft.NETCore.App/3.1.14/api-ms-win-core-datetime-l1-1-0.dll": "c64b7c6400e9bacc1a4f1baed6374bfbce9a3f8cf20c2d03f81ef18262f89c60",
    "shared/Microsoft.NETCore.App/3.1.14/api-ms-win-core-debug-l1-1-0.dll": "7e4cba620b87189278b5631536cdad9bfda6e12abd8e4eb647cb85369a204fe8",
    "shared/Microsoft.NETCore.App/3.1.14/api-ms-win-core-errorhandling-l1-1-0.dll": "f8e3b45fd3e22866006f16a9e73e28b5e357f31f3c275b517692a5f16918b492",
    "shared/Microsoft.NETCore.App/3.1.14/api-ms-win-core-file-l1-1-0.dll": "1d1c11fc1ad1febf9308225c4ccf0431606a4ab08680ba04494d276cb310bf15",
    "shared/Microsoft.NETCore.App/3.1.14/api-ms-win-core-file-l1-2-0.dll": "9f7bda59faafc8a455f98397a63a7f7d114efc4e8a41808c791256ebf33c7613",
    "shared/Microsoft.NETCore.App/3.1.14/api-ms-win-core-file-l2-1-0.dll": "ae5e73416eb64bc18249ace99f6847024eceea7ce9c343696c84196460f3a357",
    "shared/Microsoft.NETCore.App/3.1.14/api-ms-win-core-handle-l1-1-0.dll": "dba84e704ffe5fcd42548856258109dc77c6a46fd0b784119a3548ec47e5644b",
    "shared/Microsoft.NETCore.App/3.1.14/api-ms-win-core-heap-l1-1-0.dll": "535e9d20f00a2f1a62f843a4a26cfb763138d5dfe358b0126d33996fba9ca4d1",
    "shared/Microsoft.NETCore.App/3.1.14/api-ms-win-core-interlocked-l1-1-0.dll": "4997fda5d0e90b8a0ab7da314cb56f25d1450b366701c45c294d8dd3254de483",
    "shared/Microsoft.NETCore.App/3.1.14/api-ms-win-core-libraryloader-l1-1-0.dll": "2dd4ebaa12cbba142b5d61a0ebf84a14d0d1bb8826ba42b63e303fe6721408df",
    "shared/Microsoft.NETCore.App/3.1.14/api-ms-win-core-localization-l1-2-0.dll": "a7fa48de6c06666b80184afee7e544c258e0fb11399ab3fe47d4e74667779f41",
    "shared/Microsoft.NETCore.App/3.1.14/api-ms-win-core-memory-l1-1-0.dll": "ec573431338371504b7b9e57b2d91382b856aabf25d2b4ad96486efb794c198e",
    "shared/Microsoft.NETCore.App/3.1.14/api-ms-win-core-namedpipe-l1-1-0.dll": "dbd788b1c5694d65fa6f6e2202bfabb30adf77eb1973ceb9a737efb16e9edae2",
    "shared/Microsoft.NETCore.App/3.1.14/api-ms-win-core-processenvironment-l1-1-0.dll": "9f1f26794fd664e0a8b6fbd53bfca33dcf7b0dc37faf3eb7782bc38dff62cd8c",
    "shared/Microsoft.NETCore.App/3.1.14/api-ms-win-core-processthreads-l1-1-0.dll": "4f187f1b4b14763360c325df6b04d3ec3cc6d2cecc9b796bc52a6c7196b0b2cc",
    "shared/Microsoft.NETCore.App/3.1.14/api-ms-win-core-processthreads-l1-1-1.dll": "ff9b51aff7fbec8d7fe5cc478b12492a59b38b068dc2b518324173bb3179a0e1",
    "shared/Microsoft.NETCore.App/3.1.14/api-ms-win-core-profile-l1-1-0.dll": "f941c232964d01e4680e54ab04955ec6264058011b03889fe29db86509511eba",
    "shared/Microsoft.NETCore.App/3.1.14/api-ms-win-core-rtlsupport-l1-1-0.dll": "966a38ed7034f8d355e1e8772dfc92f23fb3c8a669780ed4ac3b075625d09744",
    "shared/Microsoft.NETCore.App/3.1.14/api-ms-win-core-string-l1-1-0.dll": "339966ae75675a03f628c4ddd5d3218abb36cbcf6ddce83b88c07336d732b8ae",
    "shared/Microsoft.NETCore.App/3.1.14/api-ms-win-core-synch-l1-1-0.dll": "cc76a4e82e0e0cd08df3bb8f5ad57142305e0f666cc32599d76e363d0b43efcb",
    "shared/Microsoft.NETCore.App/3.1.14/api-ms-win-core-synch-l1-2-0.dll": "758a2f9ef6908b51745db50d89610fe1de921d93b2dbea919bfdba813d5d8893",
    "shared/Microsoft.NETCore.App/3.1.14/api-ms-win-core-sysinfo-l1-1-0.dll": "f94210b39cdc812beb7342a47e68673ea2116d0ad9266fcf8d7cedaa9561fc38",
    "shared/Microsoft.NETCore.App/3.1.14/api-ms-win-core-timezone-l1-1-0.dll": "b5c725bbb475b5c06cc6cb2a2c3c70008f229659f88fba25ccd5d5c698d06a4b",
    "shared/Microsoft.NETCore.App/3.1.14/api-ms-win-core-util-l1-1-0.dll": "34c5dee6d566252c0ceb7d9a21e24d5f297af2b26c32e0c7808bbd088aa9a6a9",
    "shared/Microsoft.NETCore.App/3.1.14/api-ms-win-crt-conio-l1-1-0.dll": "a95b1af74623d6d5d892760166b9bfac8926929571301921f1e62458e6d1a503",
    "shared/Microsoft.NETCore.App/3.1.14/api-ms-win-crt-convert-l1-1-0.dll": "b7c3ebc36c84630a52d23d1c0e79d61012dfa44cdebdf039af31ec9e322845a5",
    "shared/Microsoft.NETCore.App/3.1.14/api-ms-win-crt-environment-l1-1-0.dll": "56d8b7ee7619579a3c648eb130c9354ba1ba5b33a07a4f350370ee7b3653749a",
    "shared/Microsoft.NETCore.App/3.1.14/api-ms-win-crt-filesystem-l1-1-0.dll": "ac0cec8644340125507dd0bc9a90b1853a2d194eb60a049237fb5e752d349065",
    "shared/Microsoft.NETCore.App/3.1.14/api-ms-win-crt-heap-l1-1-0.dll": "675b1b82dd485cc8c8a099272db9241d0d2a7f45424901f35231b79186ec47ee",
    "shared/Microsoft.NETCore.App/3.1.14/api-ms-win-crt-locale-l1-1-0.dll": "8b543b1bb241f5b773eb76f652dad7b12e3e4a09230f2e804cd6b0622e8baf65",
    "shared/Microsoft.NETCore.App/3.1.14/api-ms-win-crt-math-l1-1-0.dll": "39723e61c98703034b264b97ee0fe12e696c6560483d799020f9847d8a952672",
    "shared/Microsoft.NETCore.App/3.1.14/api-ms-win-crt-multibyte-l1-1-0.dll": "a6b83b764555d517216e0e34c4945f7a7501c1b7a25308d8f85551fe353f9c15",
    "shared/Microsoft.NETCore.App/3.1.14/api-ms-win-crt-private-l1-1-0.dll": "dc25a882ac454a0071e4815b0e939dc161ba73b5c207b84afd96203c343b99c7",
    "shared/Microsoft.NETCore.App/3.1.14/api-ms-win-crt-process-l1-1-0.dll": "707c9a384440d0b2d067fc0335273f8851b02c3114842e17df9c54127910d7fb",
    "shared/Microsoft.NETCore.App/3.1.14/api-ms-win-crt-runtime-l1-1-0.dll": "1ee8e99190cc31b104fb75e66928b8c73138902fefedbcfb54c409df50a364df",
    "shared/Microsoft.NETCore.App/3.1.14/api-ms-win-crt-stdio-l1-1-0.dll": "7bcab4ca00fb1f85fea29dd3375f709317b984a6f3b9ba12b8cf1952f97beee5",
    "shared/Microsoft.NETCore.App/3.1.14/api-ms-win-crt-string-l1-1-0.dll": "73ab2161a7700835b2a15b7487045a695706cc18bcee283b114042570bb9c0aa",
    "shared/Microsoft.NETCore.App/3.1.14/api-ms-win-crt-time-l1-1-0.dll": "4d0f0ea6e8478132892f9e674e27e2bc346622fc8989c704e5b2299a18c1d138",
    "shared/Microsoft.NETCore.App/3.1.14/api-ms-win-crt-utility-l1-1-0.dll": "7e6b33a4c0c84f18f2be294ec63212245af4fd8354636804ffe5ee9a0d526d95",
    "shared/Microsoft.NETCore.App/3.1.14/clrcompression.dll": "4c45fa30298be11dea331546fd1c625d5569d6f12adebd55aba8f324ba56f1d8",
    "shared/Microsoft.NETCore.App/3.1.14/clretwrc.dll": "d58f0cdf753ffec3c1d67545efea8b218d4aab723616c33cdee7ceff82207007",
    "shared/Microsoft.NETCore.App/3.1.14/clrjit.dll": "591ef9b0ebe01a89dc29bc0dac185e6e7d86bb7c2a81a480d5065fb613e7ccef",
    "shared/Microsoft.NETCore.App/3.1.14/coreclr.dll": "cb9c965e9977cca775a99be8cee1a0ed912a928570f9de00b06f5d04b39ce507",
    "shared/Microsoft.NETCore.App/3.1.14/dbgshim.dll": "1b894e73abbe3f90dc927dd5fad63c08fc8d9daa9c608194847a2068b3ee329e",
    "shared/Microsoft.NETCore.App/3.1.14/hostpolicy.dll": "b05db8afd186b00c9fb952d1edd9294323fc776433a2371dae868772621b4b7d",
    "shared/Microsoft.NETCore.App/3.1.14/mscordaccore.dll": "7e6bc3dafe6a5143eb5999370aaf39af15ec68742aab41fca9e88dac5da0cf9d",
    "shared/Microsoft.NETCore.App/3.1.14/mscordaccore_x86_x86_4.700.21.16201.dll": "7e6bc3dafe6a5143eb5999370aaf39af15ec68742aab41fca9e88dac5da0cf9d",
    "shared/Microsoft.NETCore.App/3.1.14/mscordbi.dll": "bfd3a557254451a7e4ea57696b062d0cc624628f3a3d6cd27758e1b361750a66",
    "shared/Microsoft.NETCore.App/3.1.14/mscorlib.dll": "4caf3b04bd3c75552a402fa53c609eaf11a93f9775c0a0f5c9f1ca9c32df98a1",
    "shared/Microsoft.NETCore.App/3.1.14/mscorrc.debug.dll": "71d4ca618502ac19b21dee43dc955c0e332a22d44a1226de8dfe3921f84238b1",
    "shared/Microsoft.NETCore.App/3.1.14/mscorrc.dll": "4d6cf7702710e64bb328b540335a5d877a7e17a9e782432fe54690ffcacb13b5",
    "shared/Microsoft.NETCore.App/3.1.14/netstandard.dll": "f492723e89029d8e056a974dbc1031dcd06178ecc6b40560ac96b6fc4f62abb8",
    "shared/Microsoft.NETCore.App/3.1.14/ucrtbase.dll": "6f8f05993b8a25cadf5e301e58194c4d23402e467229b12e40956e4f128588b3"
  }
}