{
  "name": "Visual Studio Live Share",
  "shortName": "Live Share",
  "abbreviation": "VSLS",
  "licenseUrl": "https://aka.ms/vsls-license",
  "privacyUrl": "https://aka.ms/vsls-privacy",
  "configName": "liveshare",
  "authority": "vsls",
  "scheme": "vsls",
  "agent": "vsls-agent",
  "commandPrefix": "liveshare",
  "agentUri": null,
  "serviceUri": "https://prod.liveshare.vsengsaas.visualstudio.com/",
  "signalRServiceUri": "https://signlr-prod.core.vsengsaas.visualstudio.com/api/signalr/signalrhub",
  "registrationUri": "https://aka.ms/vsls-signup",
  "userSettingsPath": ".vs-liveshare-settings.json",
  "isShareLocalServerHintDisplayed": false,
  "gitHubUri": "https://github.com/MicrosoftDocs/live-share",
  "remoteSettingsUri": "https://az700632.vo.msecnd.net/pub/VSLiveShare/VSCode/",
  "remoteSettingsUpdateMinutes": "60",
  "whatsNewUri": "https://docs.microsoft.com/en-us/visualstudio/liveshare/reference/insiders#direct-user-invitations",
  "whatsNewText": "Live Share Presence is here! You can now start a session with your favorite collaborators with a single click.",
  "textSearchResultsLimit": 10000,
  "textSearchPreviewLimit": 200,
  "activityTimeout": 300000,
  "telemetryEventSampling": {
    "portforwarding/auto-detect-server": 20
  },
  "rpcWriteBufTest": true,
  "syncRpcTelemetryTresholdMs": 1000
}