{
	"extension.liveshare.start.title": "Avvia sessione di collaborazione (condivisione)",
	"extension.liveshare.startPresentation.title": "Avvia sessione di presentazione",
	"extension.liveshare.join.title": "Accedi alla sessione di collaborazione",
	"extension.liveshare.end.title": "Arresta sessione di collaborazione",
	"extension.liveshare.searchContacts.title": "Cerca contatti",
	"extension.liveshare.removeInvitedContactFromFileTreeExplorer.title": "Rimuovi contatto invitato",
	"extension.liveshare.removeInvitedContactFromActivityBar.title": "Rimuovi contatto invitato",
	"extension.liveshare.presence.description": "Controlla se rendere pubblica la presenza ad altri utenti e consente di inviare inviti dall'interno dello strumento per le sessioni di collaborazione",
	"extension.liveshare.publishWorkspaceInfo.description": "Controlla se pubblicare la cartella dell'area di lavoro corrente per altri utenti",
	"extension.liveshare.comments.description": "Controlla se consentire i commenti nelle sessioni di collaborazione",
	"extension.liveshare.selectPresenceProvider.title": "Configura la presenza",
	"extension.liveshare.signInWithBrowser.title": "Accedi con il browser",
	"extension.liveshare.installRecovery.title": "Ripristina installazione",
	"extension.liveshare.signInWithUserCode.title": "Accedi con il codice utente",
	"extension.liveshare.signInPresence.title": "Offline",
	"extension.liveshare.signOut.title": "Disconnetti",
	"extension.liveshare.signOutPresence.title": "Disconnetti (presenza)",
	"extension.liveshare.leave.title": "Abbandona la sessione di collaborazione",
	"extension.liveshare.copyLink.title": "Copia il collegamento per la collaborazione",
	"extension.liveshare.joinDebug.title": "Accedi alla sessione di debug",
	"extension.liveshare.showSharedServers.title": "Mostra server condivisi",
	"extension.liveshare.shareServer.title": "Condividi server",
	"extension.liveshare.openServerInBrowser.title": "Apri server nel browser",
	"extension.liveshare.unshareServer.title": "Rimuovi condivisione server",
	"extension.liveshare.copyServerURL.title": "Copia URL del server",
	"extension.liveshare.focusParticipants.title": "Richiama attenzione partecipanti",
	"extension.liveshare.listParticipants.title": "Elenca partecipanti",
	"extension.liveshare.followParticipant.title": "Segui partecipante",
	"extension.liveshare.followParticipantToSide.title": "Segui partecipante lateralmente",
	"extension.liveshare.followToSide.title": "Segui lateralmente",
	"extension.liveshare.unfollowParticipant.title": "Non seguire più partecipante",
	"extension.liveshare.focusParticipant.title": "Focus Participant",
	"extension.liveshare.changePresenter.title": "Cambia relatore",
	"extension.liveshare.removeParticipant.title": "Rimuovi partecipante",
	"extension.liveshare.blockParticipant.title": "Blocca partecipante",
	"extension.liveshare.removeTerminal.title": "Rimuovi terminale",
	"extension.liveshare.exportLogs.title": "Esporta log",
	"extension.liveshare.getCoeditingInformation.title": "Recupera le informazioni sulla modifica congiunta",
	"extension.liveshare.shareTerminal.title": "Condividi terminale",
	"extension.liveshare.showSharedTerminals.title": "Mostra terminali condivisi",
	"extension.liveshare.help.title": "?",
	"extension.liveshare.focusTerminal.title": "Sposta stato attivo su terminale",
	"extension.liveshare.makeReadWrite.title": "Imposta come lettura/scrittura",
	"extension.liveshare.makeReadOnly.title": "Imposta come di sola lettura",
	"extension.liveshare.startReadOnlySession.title": "Avvia sessione di collaborazione di sola lettura",
	"extension.liveshare.signIn.title": "Accedi",
	"extension.liveshare.statusAvailable.title": "Stato: Disponibile",
	"extension.liveshare.statusAway.title": "Stato: Non al computer",
	"extension.liveshare.statusBusy.title": "Stato: Occupato",
	"extension.liveshare.statusDoNotDisturb.title": "Stato: Non disturbare",
	"extension.liveshare.statusInvisible.title": "Stato: Invisibile",
	"extension.liveshare.chatOpenSession.title": "Apri chat della sessione",
	"extension.liveshare.inviteContact.title": "Invita contatto",
	"extension.liveshare.inviteEmail.title": "Invita tramite posta elettronica",
	"extension.liveshare.remove.title": "Rimuovi",
	"extension.liveshare.changeStatus.title": "Cambia stato",
	"extension.liveshare.openChanges.title": "Apri modifiche",
	"extension.liveshare.openFile.title": "Apri file",
	"extension.liveshare.discardChanges.title": "Rimuovi modifiche",
	"extension.liveshare.discardAllChanges.title": "Rimuovi tutte le modifiche",
	"extension.liveshare.revertChange.title": "Annulla modifica",
	"extension.liveshare.sessionDetails.title": "Dettagli sessione",
	"extension.liveshare.plannedSessions.title": "Sessioni pianificate",
	"extension.liveshare.contacts.title": "Contatti",
	"extension.liveshare.createlink.title": "Crea un collegamento alla sessione riutilizzabile",
	"extension.liveshare.createPlannedSessionLink.title": "Nuova sessione pianificata",
	"extension.liveshare.deletePlannedSession.title": "Elimina sessione pianificata",
	"extension.liveshare.renamePlannedSession.title": "Rinomina sessione pianificata",
	"extension.liveshare.copyPlannedSessionLink.title": "Copia collegamento alla sessione pianificata",
	"extension.liveshare.joinPlannedSession.title": "Avvia sessione pianificata",
	"extension.liveshare.displayName.title": "Live Share",
	"extension.liveshare.description.title": "Collaborazione in tempo reale e uso dei strumenti preferiti per lo sviluppo.",
	"extension.liveshare.liveShare.title": "Live Share",
	"extension.liveshare.liveShareConfiguration.title": "Visual Studio Live Share",
	"extension.liveshare.diagnosticLogging.title": "Abilita il canale di output di Visual Studio Live Share.",
	"extension.liveshare.diagnosticMode.title": "Abilita i log e le notifiche di diagnostica.",
	"extension.liveshare.anonymousGuestApproval.title": "Controlla come gestire le richieste di partecipazione di partecipanti anonimi.",
	"extension.liveshare.diagnosticLoggingLevel.title": "Specifies the level of logging output from Visual Studio Live Share Extension",
	"extension.liveshare.accountProvider.title": "Provider di account preferito registrato con il keychain da usare per l'accesso a Visual Studio Live Share.",
	"extension.liveshare.authenticationProvider.title": "Provider di autenticazione VS Code (anteprima)",
	"extension.liveshare.account.title": "Account preferito registrato con il keychain da usare per l'accesso a Visual Studio Live Share.",
	"extension.liveshare.connectionMode.title": "Tipo di connessione usata per la collaborazione. Nella modalità predefinita (automatica) si preferisce una connessione diretta, ma è possibile tornare a un inoltro cloud se la connessione diretta non è riuscita.",
	"extension.liveshare.nameTagVisibility.title": "Controlla quando visualizzare il tag del nome di un partecipante al posto del solo cursore.",
	"extension.liveshare.guestApprovalRequired.title": "Controlla se l'organizzatore deve approvare esplicitamente le richieste degli ospiti per accedere alle sessioni di collaborazione.",
	"extension.liveshare.shareExternalFiles.title": "Condividi automaticamente i file esterni aperti dall'organizzatore durante una sessione di collaborazione.",
	"extension.liveshare.joinDebugSessionOption.title": "Controlla la modalità di accesso del partecipante alle sessioni di debug condiviso in ingresso.",
	"extension.liveshare.showInStatusBar.title": "Mostra o nascondi gli elementi della barra di stato di Live Share.",
	"extension.liveshare.sharedTerminalWidth.title": "Larghezza in caratteri della finestra del terminale condiviso.",
	"extension.liveshare.sharedTerminalHeight.title": "Altezza in caratteri della finestra del terminale condiviso.",
	"extension.liveshare.features.markdownDescription": "Consente di controllare il set di funzionalità attive. Selezionando `insiders`, si accettano le [Condizioni di licenza per il software in versione preliminare](https://aka.ms/vsls-license-preview) e l'[Informativa sulla privacy](https://aka.ms/vsls-privacy).",
	"extension.liveshare.keepAliveInterval.title": "Imposta il numero di secondi di attesa prima dell'invio di messaggi keep-alive in una sessione inattiva, usato per rilevare disconnessioni di rete anomale. Impostare su -1 per disabilitare l'invio di messaggi keep-alive.",
	"extension.liveshare.allowGuestTaskControl.title": "Consenti ai partecipanti di eseguire e terminare attività dell'area di lavoro.",
	"extension.liveshare.allowGuestDebugControl.title": "Consente ai partecipanti di avviare e arrestare le sessioni di debug.",
	"extension.liveshare.allowGuestCommandControl.title": "Consente ai partecipanti di eseguire comandi arbitrari tramite Azioni codice (\"Correzioni rapide\") e CodeLens",
	"extension.liveshare.allowGuestExecuteCells.title": "Consenti ai partecipanti di eseguire le celle del notebook",
	"extension.liveshare.focusBehavior.title": "Specifica come rispondere quando si ricevono richieste di attenzione da altri partecipanti.",
	"extension.liveshare.alwaysFollowHost.title": "Assicura che l'organizzatore della sessione sia sempre seguito.",
	"extension.liveshare.showReadOnlyUsersInEditor.title": "Controlla la visibilità del cursore e delle evidenziazioni per gli utenti in sola lettura.",
	"extension.liveshare.increasedGuestLimit.title": "Aumenta il limite dei partecipanti da 5 a 30.",
	"extension.liveshare.autoShareTerminals.title": "Controlla se i terminali sono automaticamente condivisi con i partecipanti (in sola lettura).",
	"extension.liveshare.codeLens.title": "Controlla se mostrare CodeLens per avviare una sessione di collaborazione.",
	"extension.liveshare.showVerboseNotifications.title": "Controlla se visualizzare notifiche dettagliate, ad esempio quando un partecipante accede a una sessione o la abbandona.",
	"extension.liveshare.populateGitCoAuthors.title": "Specifica quando popolare automaticamente il messaggio di commit GIT con l'attribuzione del partecipante (usando la sequenza finale Co-authored-by GIT).",
	"extension.liveshare.autoShareServers.title": "Controlla se i server Web vengono condivisi automaticamente, se avviati dal terminale integrato o da estensioni note.",
	"extension.liveshare.openSharedServers.title": "Controlla se aprire automaticamente i server condivisi nel browser predefinito.",
	"extension.liveshare.properties.title": "URI dell'agente per la connessione ai servizi Live Share",
	"extension.liveshare.joinedInfo.title": "Info per accesso",
	"extension.liveshare.localPath.title": "Percorso locale dell'area di lavoro",
	"extension.liveshare.pipeName.title": "Nome della pipe per richiedere i servizi dell'organizzatore",
	"extension.liveshare.adapterProxy.title": "Il proxy dell'adattatore",
	"extension.liveshare.taskDefinitionsProperties.title": "ID univoco dell'attività remota.",
	"extension.liveshare.taskDefinitionsExecId.title": "L'ID esecuzione indica che l'attività è associata a un processo di monitoraggio. Se non è stato specificato alcun ID esecuzione, si tratta di un'attività attivata dall'utente.",
	"extension.liveshare.comments.createThread.title": "Crea un thread di commento",
	"extension.liveshare.comments.reply.title": "Rispondi",
	"extension.liveshare.comments.editComment.title": "Modifica",
	"extension.liveshare.comments.deleteComment.title": "Elimina commento",
	"extension.liveshare.comments.deleteThread.title": "Elimina il thread di commento",
	"extension.liveshare.comments.saveComment.title": "Salva",
	"extension.liveshare.comments.cancelEditComment.title": "Annulla",
	"extension.liveshare.allowInvites.title": "Consente di specificare i mittenti autorizzati per gli inviti alle sessioni.",
	"extension.liveshare.viewsWelcome.contents": "È possibile avviare la modifica e il debug in collaborazione con altri utenti in tempo reale.\r\n\r\n[Condividi](command:liveshare.startFromWelcomeContent)\r\n\r\nÈ anche possibile [condividere con autorizzazioni di sola lettura](command:liveshare.startReadOnlyFromWelcomeContent) e partecipare alle sessioni di altri utenti.\r\n\r\n[Partecipa](command:liveshare.joinFromWelcomeContent)\r\n\r\nPer altre informazioni sull'uso di Live Share, [leggere la documentazione](https://docs.microsoft.com/it-it/visualstudio/liveshare/use/vscode).",
	"extension.liveshare.accessibility.accessibilityFeaturesEnabled.description": "Enables various accessibility features, such as audio cues about what is happening in the session.",
	"extension.liveshare.accessibility.outputDevice.description": "Output device to play audio in accessibility mode.",
	"extension.liveshare.accessibility.voiceVolume.description": "Controls the volume of voice audio in accessibility mode (between 0 and 100).",
	"extension.liveshare.accessibility.soundVolume.description": "Controls the volume of sound audio in accessibility mode (between 0 and 100).",
	"extension.liveshare.accessibility.speechRate.description": "Controls the rate of speech in accessibility mode.",
	"extension.liveshare.accessibility.voice.description": "The voice used for speech in accessibility mode.",
	"extension.liveshare.accessibility.voiceEnabled.description": "Enables spoken announcements about activity.",
	"extension.liveshare.accessibility.soundsEnabled.description": "Enables sound effects about activity.",
	"extension.liveshare.launcherClient.title": "Specifica il client da avviare quando si fa clic su un URL di Live Share."
}