{
	"extension.liveshare.start.title": "İşbirliği Oturumunu Başlat (Paylaş)",
	"extension.liveshare.startPresentation.title": "Sunu Oturumunu Başlat",
	"extension.liveshare.join.title": "İşbirliği Oturumuna Katıl",
	"extension.liveshare.end.title": "İşbirliği Oturumunu Durdur",
	"extension.liveshare.searchContacts.title": "Kişileri Ara",
	"extension.liveshare.removeInvitedContactFromFileTreeExplorer.title": "Davet Edilen Kişiyi Kaldır",
	"extension.liveshare.removeInvitedContactFromActivityBar.title": "Davet Edilen Kişiyi Kaldır",
	"extension.liveshare.presence.description": "İletişim durumunuzun diğer kullanıcılara yayımlanıp yayımlanmayacağını denetler ve işbirliği oturumları için araç içi davetlere olanak sağlar",
	"extension.liveshare.publishWorkspaceInfo.description": "Geçerli çalışma alanı klasörünüzün diğer kullanıcılara yayımlanıp yayımlanmayacağını denetler",
	"extension.liveshare.comments.description": "İşbirliği oturumlarında yorumlara izin verilip verilmeyeceğini denetler",
	"extension.liveshare.selectPresenceProvider.title": "İletişim Durumunu Yapılandır",
	"extension.liveshare.signInWithBrowser.title": "Tarayıcı ile Oturum Aç",
	"extension.liveshare.installRecovery.title": "Yüklemeyi Onar",
	"extension.liveshare.signInWithUserCode.title": "Kullanıcı Koduyla Oturum Aç",
	"extension.liveshare.signInPresence.title": "Çevrimdışı",
	"extension.liveshare.signOut.title": "Oturumu Kapat",
	"extension.liveshare.signOutPresence.title": "Oturumu Kapat (İletişim Durumu)",
	"extension.liveshare.leave.title": "İşbirliği Oturumundan Ayrıl",
	"extension.liveshare.copyLink.title": "İşbirliği Bağlantısını Kopyala",
	"extension.liveshare.joinDebug.title": "Hata Ayıklama Oturumuna Katıl",
	"extension.liveshare.showSharedServers.title": "Paylaşılan sunucuları göster",
	"extension.liveshare.shareServer.title": "Sunucuyu Paylaş",
	"extension.liveshare.openServerInBrowser.title": "Sunucuyu Tarayıcıda Aç",
	"extension.liveshare.unshareServer.title": "Sunucunun Paylaşımını Kaldır",
	"extension.liveshare.copyServerURL.title": "Sunucu URL'sini Kopyala",
	"extension.liveshare.focusParticipants.title": "Katılımcıların Dikkatini Çek",
	"extension.liveshare.listParticipants.title": "Katılımcıları Listele",
	"extension.liveshare.followParticipant.title": "Katılımcıyı Takip Et",
	"extension.liveshare.followParticipantToSide.title": "Katılımcıyı Yanda Takip Et",
	"extension.liveshare.followToSide.title": "Yanda Takip Et",
	"extension.liveshare.unfollowParticipant.title": "Katılımcıyı Takibi Bırak",
	"extension.liveshare.focusParticipant.title": "Focus Participant",
	"extension.liveshare.changePresenter.title": "Sunucuyu değiştir",
	"extension.liveshare.removeParticipant.title": "Katılımcıyı Kaldır",
	"extension.liveshare.blockParticipant.title": "Katılımcıyı Engelle",
	"extension.liveshare.removeTerminal.title": "Terminali Kaldır",
	"extension.liveshare.exportLogs.title": "Günlükleri Dışarı Aktar",
	"extension.liveshare.getCoeditingInformation.title": "Birlikte düzenleme bilgilerini al",
	"extension.liveshare.shareTerminal.title": "Terminali Paylaş",
	"extension.liveshare.showSharedTerminals.title": "Paylaşılan Terminalleri Göster",
	"extension.liveshare.help.title": "Yardım",
	"extension.liveshare.focusTerminal.title": "Terminale Odakla",
	"extension.liveshare.makeReadWrite.title": "Okuma/Yazma Yap",
	"extension.liveshare.makeReadOnly.title": "Salt Okunur Yap",
	"extension.liveshare.startReadOnlySession.title": "Salt Okunur İşbirliği Oturumu Başlat",
	"extension.liveshare.signIn.title": "Oturum aç",
	"extension.liveshare.statusAvailable.title": "Durum: mevcut",
	"extension.liveshare.statusAway.title": "Durum: uzakta",
	"extension.liveshare.statusBusy.title": "Durum: meşgul",
	"extension.liveshare.statusDoNotDisturb.title": "Durum: rahatsız etmeyin",
	"extension.liveshare.statusInvisible.title": "Durum: görünmez",
	"extension.liveshare.chatOpenSession.title": "Oturum sohbeti açma",
	"extension.liveshare.inviteContact.title": "Kişiyi davet et",
	"extension.liveshare.inviteEmail.title": "E-posta ile Davet Et",
	"extension.liveshare.remove.title": "Kaldır",
	"extension.liveshare.changeStatus.title": "Durumu değiştir",
	"extension.liveshare.openChanges.title": "Değişiklikleri Aç",
	"extension.liveshare.openFile.title": "Dosyayı Aç",
	"extension.liveshare.discardChanges.title": "Değişiklikleri At",
	"extension.liveshare.discardAllChanges.title": "Tüm Değişiklikleri Göz Ardı Et",
	"extension.liveshare.revertChange.title": "Değişikliği Geri Al",
	"extension.liveshare.sessionDetails.title": "Oturum Ayrıntıları",
	"extension.liveshare.plannedSessions.title": "Planlı Oturumlar",
	"extension.liveshare.contacts.title": "Kişiler",
	"extension.liveshare.createlink.title": "Yeniden Kullanılabilir Oturum bağlantısı oluştur",
	"extension.liveshare.createPlannedSessionLink.title": "Yeni Planlı Oturum",
	"extension.liveshare.deletePlannedSession.title": "Planlı Oturumu Sil",
	"extension.liveshare.renamePlannedSession.title": "Planlı Oturumu Yeniden Adlandır",
	"extension.liveshare.copyPlannedSessionLink.title": "Planlı Oturum Bağlantısını Kopyala",
	"extension.liveshare.joinPlannedSession.title": "Planlı Oturumu Başlat",
	"extension.liveshare.displayName.title": "Live Share",
	"extension.liveshare.description.title": "Sık kullandığınız araçlar ile gerçek zamanlı işbirliğine dayalı geliştirme.",
	"extension.liveshare.liveShare.title": "Live Share",
	"extension.liveshare.liveShareConfiguration.title": "Visual Studio Live Share",
	"extension.liveshare.diagnosticLogging.title": "Visual Studio Live Share çıkış kanalını etkinleştirir.",
	"extension.liveshare.diagnosticMode.title": "Tanılama bildirimlerini ve günlüklerini etkinleştirir.",
	"extension.liveshare.anonymousGuestApproval.title": "Anonim konuklardan gelen katılma isteklerinin nasıl işleneceğini denetler.",
	"extension.liveshare.diagnosticLoggingLevel.title": "Specifies the level of logging output from Visual Studio Live Share Extension",
	"extension.liveshare.accountProvider.title": "Visual Studio Canlı Paylaşım oturum açma işlemi için kullanılacak anahtarlık ile kayıtlı tercih edilen hesap sağlayıcısı.",
	"extension.liveshare.authenticationProvider.title": "VS Code Kimlik Doğrulama sağlayıcısı (Önizleme)",
	"extension.liveshare.account.title": "Visual Studio Canlı Paylaşım oturum açma işlemi için kullanılacak anahtarlık ile kayıtlı tercih edilen hesap.",
	"extension.liveshare.connectionMode.title": "İşbirliği için kullanılan bağlantı türü; varsayılan (otomatik) mod doğrudan bağlantı tercih eder, ancak doğrudan bağlantı başarısız olduysa bir bulut geçişine geri dönebilir.",
	"extension.liveshare.nameTagVisibility.title": "Ne zaman bir katılımcının yalnızca imleci yerine ad etiketinin görüntüleneceğini denetler.",
	"extension.liveshare.guestApprovalRequired.title": "Konağın işbirliği oturumlarına katılmaya yönelik konuk isteklerini açıkça onaylaması gerekip gerekmediğini denetler.",
	"extension.liveshare.shareExternalFiles.title": "İşbirliği oturumu sırasında konak tarafından açılan dış dosyaları otomatik olarak paylaşın.",
	"extension.liveshare.joinDebugSessionOption.title": "Katılımcının gelen paylaşılan hata ayıklama oturumlarına nasıl katılacağını denetler.",
	"extension.liveshare.showInStatusBar.title": "Live Share durum çubuğu öğelerini gösterir veya gizler.",
	"extension.liveshare.sharedTerminalWidth.title": "Paylaşılan terminal penceresinin genişliği, karakterler.",
	"extension.liveshare.sharedTerminalHeight.title": "Paylaşılan terminal penceresi yüksekliği, karakterler.",
	"extension.liveshare.features.markdownDescription": "Etkin özellikler kümesini denetler. `insiders` seçeneğini belirleyerek, [Yayın Öncesi Yazılım Lisans Sözleşmesi'ni](https://aka.ms/vsls-license-preview) ve [Gizlilik Bildirimi'ni](https://aka.ms/vsls-privacy) kabul etmiş olursunuz.",
	"extension.liveshare.keepAliveInterval.title": "Olağan dışı ağ bağlantısını algılamak için kullanılan boştaki bir oturumda etkin tutma iletileri göndermeden önce beklenecek saniye sayısını ayarlar. Etkin tutma iletileri göndermeyi devre dışı bırakmak için -1 olarak ayarlayın.",
	"extension.liveshare.allowGuestTaskControl.title": "Konukların çalışma alanı görevlerini çalıştırmasına ve sonlandırmasına izin verin.",
	"extension.liveshare.allowGuestDebugControl.title": "Konukların hata ayıklama oturumlarını durdurmasına ve başlatmasına izin verin.",
	"extension.liveshare.allowGuestCommandControl.title": "Konukların Kod Eylemleri (\"Hızlı Düzeltmeler\") ve CodeLens ile rastgele komut çalıştırmasına izin ver",
	"extension.liveshare.allowGuestExecuteCells.title": "Konukların not defteri hücrelerini çalıştırmasına izin ver",
	"extension.liveshare.focusBehavior.title": "Diğer katılımcılardan gelen odak isteklerinin nasıl yanıtlanacağını belirtir.",
	"extension.liveshare.alwaysFollowHost.title": "Oturum konağının her zaman izlenmesini sağlar.",
	"extension.liveshare.showReadOnlyUsersInEditor.title": "İmlecin görünürlüğünü denetler ve salt okunur kullanıcılar için vurgular.",
	"extension.liveshare.increasedGuestLimit.title": "Konuk sınırını 5'ten 30'a çıkarır.",
	"extension.liveshare.autoShareTerminals.title": "Terminallerin konuklarla (salt okunur) otomatik olarak paylaşılıp paylaşılmadığını denetler.",
	"extension.liveshare.codeLens.title": "Bir işbirliği oturumu başlatmak için CodeLens'in görüntülenip görüntülenmeyeceğini denetler.",
	"extension.liveshare.showVerboseNotifications.title": "Bir konuk oturuma katıldığında ve ayrıldığında gösterilenler gibi ayrıntılı bildirimler gösterilip gösterilmeyeceğini denetler.",
	"extension.liveshare.populateGitCoAuthors.title": "Git işleme iletinizin ne zaman konuk ilişkilendirmesiyle (Git ortak yazar artbilgisi kullanılarak) otomatik olarak doldurulacağını belirtir.",
	"extension.liveshare.autoShareServers.title": "Web sunucularının tümleşik terminalden veya bilinen uzantılardan başlatıldığında otomatik olarak paylaşılıp paylaşılmayacağını denetler.",
	"extension.liveshare.openSharedServers.title": "Paylaşılan sunucuların varsayılan tarayıcınızda otomatik olarak açılıp açılmayacağını denetler.",
	"extension.liveshare.properties.title": "Live Share hizmetlerine bağlanmak için aracı URI'si",
	"extension.liveshare.joinedInfo.title": "Katılma Bilgileri",
	"extension.liveshare.localPath.title": "Çalışma alanı yerel yolu",
	"extension.liveshare.pipeName.title": "Konak hizmetlerini istemek için kanal adı",
	"extension.liveshare.adapterProxy.title": "Bağdaştırıcı ara sunucusu",
	"extension.liveshare.taskDefinitionsProperties.title": "Uzak görevin benzersiz kimliği.",
	"extension.liveshare.taskDefinitionsExecId.title": "Yürütme kimliği, görevin bir izleyici işlemiyle ilişkilendirilmiş olduğunu gösterir. Yürütme kimliği belirtilmemişse, bu kullanıcı tarafından tetiklenen bir görevdir.",
	"extension.liveshare.comments.createThread.title": "Bir açıklama yazışması oluşturun",
	"extension.liveshare.comments.reply.title": "Yanıtla",
	"extension.liveshare.comments.editComment.title": "Düzenle",
	"extension.liveshare.comments.deleteComment.title": "Yorumu sil",
	"extension.liveshare.comments.deleteThread.title": "Yorum yazışmasını sil",
	"extension.liveshare.comments.saveComment.title": "Kaydet",
	"extension.liveshare.comments.cancelEditComment.title": "İptal",
	"extension.liveshare.allowInvites.title": "Kimden oturum daveti alınabileceğini belirtir.",
	"extension.liveshare.viewsWelcome.contents": "Başka kullanıcılarla gerçek zamanlı olarak birlikte düzenlemeye ve hata ayıklamaya başlayın.\r\n\r\n[Paylaşın](command:liveshare.startFromWelcomeContent)\r\n\r\nAyrıca [salt okunur izinlerle paylaşabilir](command:liveshare.startReadOnlyFromWelcomeContent) ve diğer kullanıcıların oturumlarına katılabilirsiniz.\r\n\r\n[Katılın](command:liveshare.joinFromWelcomeContent)\r\n\r\nLive Share'i kullanma hakkında daha fazla bilgi edinmek için [belgelerimizi okuyun](https://docs.microsoft.com/en-us/visualstudio/liveshare/use/vscode).",
	"extension.liveshare.accessibility.accessibilityFeaturesEnabled.description": "Enables various accessibility features, such as audio cues about what is happening in the session.",
	"extension.liveshare.accessibility.outputDevice.description": "Output device to play audio in accessibility mode.",
	"extension.liveshare.accessibility.voiceVolume.description": "Controls the volume of voice audio in accessibility mode (between 0 and 100).",
	"extension.liveshare.accessibility.soundVolume.description": "Controls the volume of sound audio in accessibility mode (between 0 and 100).",
	"extension.liveshare.accessibility.speechRate.description": "Controls the rate of speech in accessibility mode.",
	"extension.liveshare.accessibility.voice.description": "The voice used for speech in accessibility mode.",
	"extension.liveshare.accessibility.voiceEnabled.description": "Enables spoken announcements about activity.",
	"extension.liveshare.accessibility.soundsEnabled.description": "Enables sound effects about activity.",
	"extension.liveshare.launcherClient.title": "Bir Live Share URL’sine tıklandığında başlatılacak istemciyi belirtir."
}