{
	"extension.liveshare.start.title": "Start Collaboration Session (Share)",
	"extension.liveshare.startPresentation.title": "Start Presentation Session",
	"extension.liveshare.join.title": "Join Collaboration Session",
	"extension.liveshare.end.title": "Stop Collaboration Session",
	"extension.liveshare.searchContacts.title": "Search Contacts",
	"extension.liveshare.removeInvitedContactFromFileTreeExplorer.title": "Remove Invited Contact",
	"extension.liveshare.removeInvitedContactFromActivityBar.title": "Remove Invited Contact",
	"extension.liveshare.presence.description": "Controls whether to publish your presence to other users, and allow in-tool invites for collaboration sessions",
	"extension.liveshare.publishWorkspaceInfo.description": "Controls whether to publish your current workspace folder to other users",
	"extension.liveshare.comments.description": "Controls whether to allow comments in collaboration sessions",
	"extension.liveshare.selectPresenceProvider.title": "Configure Presence",
	"extension.liveshare.signInWithBrowser.title": "Sign In With Browser",
	"extension.liveshare.installRecovery.title": "Repair Installation",
	"extension.liveshare.signInWithUserCode.title": "Sign In With User Code",
	"extension.liveshare.signInPresence.title": "Offline",
	"extension.liveshare.signOut.title": "Sign Out",
	"extension.liveshare.signOutPresence.title": "Sign Out (Presence)",
	"extension.liveshare.leave.title": "Leave Collaboration Session",
	"extension.liveshare.copyLink.title": "Copy Collaboration Link",
	"extension.liveshare.joinDebug.title": "Join Debug Session",
	"extension.liveshare.showSharedServers.title": "Show Shared Servers",
	"extension.liveshare.shareServer.title": "Share Server",
	"extension.liveshare.openServerInBrowser.title": "Open Server in Browser",
	"extension.liveshare.unshareServer.title": "Unshare Server",
	"extension.liveshare.copyServerURL.title": "Copy Server URL",
	"extension.liveshare.focusParticipants.title": "Focus Participants",
	"extension.liveshare.listParticipants.title": "List Participants",
	"extension.liveshare.followParticipant.title": "Follow Participant",
	"extension.liveshare.followParticipantToSide.title": "Follow Participant to the Side",
	"extension.liveshare.followToSide.title": "Follow to the Side",
	"extension.liveshare.unfollowParticipant.title": "Unfollow Participant",
	"extension.liveshare.focusParticipant.title": "Focus Participant",
	"extension.liveshare.changePresenter.title": "Change Presenter",
	"extension.liveshare.removeParticipant.title": "Remove Participant",
	"extension.liveshare.blockParticipant.title": "Block Participant",
	"extension.liveshare.removeTerminal.title": "Remove Terminal",
	"extension.liveshare.exportLogs.title": "Export Logs",
	"extension.liveshare.getCoeditingInformation.title": "Get co-editing information",
	"extension.liveshare.shareTerminal.title": "Share Terminal",
	"extension.liveshare.showSharedTerminals.title": "Show Shared Terminals",
	"extension.liveshare.help.title": "Help",
	"extension.liveshare.focusTerminal.title": "Focus Terminal",
	"extension.liveshare.makeReadWrite.title": "Make Read/Write",
	"extension.liveshare.makeReadOnly.title": "Make Read-Only",
	"extension.liveshare.startReadOnlySession.title": "Start Read-Only Collaboration Session",
	"extension.liveshare.signIn.title": "Sign in",
	"extension.liveshare.statusAvailable.title": "Status: Available",
	"extension.liveshare.statusAway.title": "Status: Away",
	"extension.liveshare.statusBusy.title": "Status: Busy",
	"extension.liveshare.statusDoNotDisturb.title": "Status: Do not disturb",
	"extension.liveshare.statusInvisible.title": "Status: Invisible",
	"extension.liveshare.chatOpenSession.title": "Open session chat",
	"extension.liveshare.inviteContact.title": "Invite Contact",
	"extension.liveshare.inviteEmail.title": "Invite by Email",
	"extension.liveshare.remove.title": "Remove",
	"extension.liveshare.changeStatus.title": "Change Status",
	"extension.liveshare.openChanges.title": "Open Changes",
	"extension.liveshare.openFile.title": "Open File",
	"extension.liveshare.discardChanges.title": "Discard Changes",
	"extension.liveshare.discardAllChanges.title": "Discard All Changes",
	"extension.liveshare.revertChange.title": "Revert Change",
	"extension.liveshare.sessionDetails.title": "Session Details",
	"extension.liveshare.plannedSessions.title": "Planned Sessions",
	"extension.liveshare.contacts.title": "Contacts",
	"extension.liveshare.createlink.title": "Create a Reusable Session link",
	"extension.liveshare.createPlannedSessionLink.title": "New Planned Session",
	"extension.liveshare.deletePlannedSession.title": "Delete Planned Session",
	"extension.liveshare.renamePlannedSession.title": "Rename Planned Session",
	"extension.liveshare.copyPlannedSessionLink.title": "Copy Planned Session Link",
	"extension.liveshare.joinPlannedSession.title": "Start Planned Session",
	"extension.liveshare.displayName.title": "Live Share",
	"extension.liveshare.description.title": "Real-time collaborative development from the comfort of your favorite tools.",
	"extension.liveshare.liveShare.title": "Live Share",
	"extension.liveshare.liveShareConfiguration.title": "Visual Studio Live Share",
	"extension.liveshare.diagnosticLogging.title": "Enables the Visual Studio Live Share output channel.",
	"extension.liveshare.diagnosticMode.title": "Enables diagnostic notifications and logs.",
	"extension.liveshare.anonymousGuestApproval.title": "Controls how to handle join requests from anonymous guests.",
	"extension.liveshare.diagnosticLoggingLevel.title": "Specifies the level of logging output from Visual Studio Live Share Extension",
	"extension.liveshare.accountProvider.title": "Preferred account provider registered with keychain to use for Visual Studio Live Share sign-in.",
	"extension.liveshare.authenticationProvider.title": "VS Code Authentication provider (Preview)",
	"extension.liveshare.account.title": "Preferred account registered with keychain to use for Visual Studio Live Share sign-in.",
	"extension.liveshare.connectionMode.title": "Type of connection used for collaboration; the default (auto) mode prefers a direct connection, but may fallback to a cloud relay if the direct connection failed.",
	"extension.liveshare.nameTagVisibility.title": "Controls when to display a participant's name tag instead of just their cursor.",
	"extension.liveshare.guestApprovalRequired.title": "Controls whether the host needs to explicitly approve guest requests to join collaboration sessions.",
	"extension.liveshare.shareExternalFiles.title": "Automatically share external files opened by the host during a collaboration session.",
	"extension.liveshare.joinDebugSessionOption.title": "Controls how the participant will join incoming shared debug sessions.",
	"extension.liveshare.showInStatusBar.title": "Show or hide the Live Share status bar items.",
	"extension.liveshare.sharedTerminalWidth.title": "Width of shared terminal window, characters.",
	"extension.liveshare.sharedTerminalHeight.title": "Height of shared terminal window, characters.",
	"extension.liveshare.features.markdownDescription": "Controls set of active features. By selecting `insiders`, you agree to the [Pre-Release Software License Terms](https://aka.ms/vsls-license-preview) and [Privacy Statement](https://aka.ms/vsls-privacy).",
	"extension.liveshare.keepAliveInterval.title": "Sets the number of seconds to wait before sending keep-alive messages in an idle session, used to detect abnormal network disconnection. Set to -1 to disable sending keep-alive messages.",
	"extension.liveshare.allowGuestTaskControl.title": "Allow guests to run and terminate workspace tasks.",
	"extension.liveshare.allowGuestDebugControl.title": "Allow guests to start and stop debugging sessions.",
	"extension.liveshare.allowGuestCommandControl.title": "Allow guests to run arbitrary commands via Code Actions (“Quick Fixes”) and CodeLens",
	"extension.liveshare.allowGuestExecuteCells.title": "Allow guests to run notebook cells",
	"extension.liveshare.focusBehavior.title": "Specifies how to respond to focus requests from other participants.",
	"extension.liveshare.alwaysFollowHost.title": "Ensures that the session's host is always followed.",
	"extension.liveshare.showReadOnlyUsersInEditor.title": "Controls visibility of the cursor and highlights for read-only users.",
	"extension.liveshare.increasedGuestLimit.title": "Increases the guest limit from 5 to 30.",
	"extension.liveshare.autoShareTerminals.title": "Controls whether terminals are automatically shared with guests (read-only).",
	"extension.liveshare.codeLens.title": "Controls whether to show the CodeLens for starting a collaboration session.",
	"extension.liveshare.showVerboseNotifications.title": "Controls whether to show verbose notifications, such as when a guest joins and leaves a session.",
	"extension.liveshare.populateGitCoAuthors.title": "Specifies when to automatically populate your Git commit message with guest attribution (using the Git-co-author trailer).",
	"extension.liveshare.autoShareServers.title": "Controls whether web servers are automatically shared, when started from the integrated terminal or well-known extensions.",
	"extension.liveshare.openSharedServers.title": "Controls whether to automatically open shared servers in your default browser.",
	"extension.liveshare.properties.title": "Agent Uri to connect to Live Share services",
	"extension.liveshare.joinedInfo.title": "Join Info",
	"extension.liveshare.localPath.title": "Local path of workspace",
	"extension.liveshare.pipeName.title": "Pipe name to request host services",
	"extension.liveshare.adapterProxy.title": "The adapter proxy",
	"extension.liveshare.taskDefinitionsProperties.title": "The unique ID of the remote task.",
	"extension.liveshare.taskDefinitionsExecId.title": "The execution ID indicates the task is associated with a monitor process. If no execution ID specified, this is a user triggered task.",
	"extension.liveshare.comments.createThread.title": "Create a comment thread",
	"extension.liveshare.comments.reply.title": "Reply",
	"extension.liveshare.comments.editComment.title": "Edit",
	"extension.liveshare.comments.deleteComment.title": "Delete comment",
	"extension.liveshare.comments.deleteThread.title": "Delete comment thread",
	"extension.liveshare.comments.saveComment.title": "Save",
	"extension.liveshare.comments.cancelEditComment.title": "Cancel",
	"extension.liveshare.allowInvites.title": "Specifies who to allow session invitations from.",
	"extension.liveshare.viewsWelcome.contents": "Start collaboratively editing and debugging with others in real-time.\n\n[Share](command:liveshare.startFromWelcomeContent)\n\nYou can also [share with read-only](command:liveshare.startReadOnlyFromWelcomeContent) permissions and join other's sessions.\n\n[Join](command:liveshare.joinFromWelcomeContent)\n\nTo learn more about how to use Live Share [read our docs](https://docs.microsoft.com/en-us/visualstudio/liveshare/use/vscode).",
	"extension.liveshare.accessibility.accessibilityFeaturesEnabled.description": "Enables various accessibility features, such as audio cues about what is happening in the session.",
	"extension.liveshare.accessibility.outputDevice.description": "Output device to play audio in accessibility mode.",
	"extension.liveshare.accessibility.voiceVolume.description": "Controls the volume of voice audio in accessibility mode (between 0 and 100).",
	"extension.liveshare.accessibility.soundVolume.description": "Controls the volume of sound audio in accessibility mode (between 0 and 100).",
	"extension.liveshare.accessibility.speechRate.description": "Controls the rate of speech in accessibility mode.",
	"extension.liveshare.accessibility.voice.description": "The voice used for speech in accessibility mode.",
	"extension.liveshare.accessibility.voiceEnabled.description": "Enables spoken announcements about activity.",
	"extension.liveshare.accessibility.soundsEnabled.description": "Enables sound effects about activity.",
	"extension.liveshare.launcherClient.title": "Specifies the client to launch when clicking on a Live Share URL."
}