{
	"extension.liveshare.start.title": "Samenwerkingssessie starten (delen)",
	"extension.liveshare.startPresentation.title": "Presentatiesessie starten",
	"extension.liveshare.join.title": "Deelnemen aan samenwerkingssessie",
	"extension.liveshare.end.title": "Samenwerkingssessie stoppen",
	"extension.liveshare.searchContacts.title": "Contactpersonen zoeken",
	"extension.liveshare.removeInvitedContactFromFileTreeExplorer.title": "Uitgenodigde contactpersoon verwijderen",
	"extension.liveshare.removeInvitedContactFromActivityBar.title": "Uitgenodigde contactpersoon verwijderen",
	"extension.liveshare.presence.description": "Hiermee wordt bepaald of uw aanwezigheid naar andere gebruikers wordt gepubliceerd en uitnodigingen vanuit hulpprogramma's voor samenwerkingssessies mogen worden toegestaan",
	"extension.liveshare.publishWorkspaceInfo.description": "Hiermee bepaalt u of u de huidige werkruimtemap wilt publiceren naar andere gebruikers",
	"extension.liveshare.comments.description": "Hiermee bepaalt u of opmerkingen in samenwerkingssessies moeten worden toegestaan",
	"extension.liveshare.selectPresenceProvider.title": "Aanwezigheid configureren",
	"extension.liveshare.signInWithBrowser.title": "Aanmelden met browser",
	"extension.liveshare.installRecovery.title": "Installatie herstellen",
	"extension.liveshare.signInWithUserCode.title": "Aanmelden met gebruikerscode",
	"extension.liveshare.signInPresence.title": "Offline",
	"extension.liveshare.signOut.title": "Afmelden",
	"extension.liveshare.signOutPresence.title": "Afmelden (aanwezigheid)",
	"extension.liveshare.leave.title": "Samenwerkingssessie verlaten",
	"extension.liveshare.copyLink.title": "Koppeling voor samenwerking kopiëren",
	"extension.liveshare.joinDebug.title": "Deelnemen aan foutopsporingssessie",
	"extension.liveshare.showSharedServers.title": "Gedeelde servers weergeven",
	"extension.liveshare.shareServer.title": "Server delen",
	"extension.liveshare.openServerInBrowser.title": "Server openen in browser",
	"extension.liveshare.unshareServer.title": "Delen van server ongedaan maken",
	"extension.liveshare.copyServerURL.title": "Server-URL kopiëren",
	"extension.liveshare.focusParticipants.title": "Focus deelnemers",
	"extension.liveshare.listParticipants.title": "Lijst met deelnemers",
	"extension.liveshare.followParticipant.title": "Deelnemer volgen",
	"extension.liveshare.followParticipantToSide.title": "Deelnemer aan de zijkant volgen",
	"extension.liveshare.followToSide.title": "Naar de zijkant volgen",
	"extension.liveshare.unfollowParticipant.title": "Deelnemer ontvolgen",
	"extension.liveshare.focusParticipant.title": "Focus Participant",
	"extension.liveshare.changePresenter.title": "Presentator wijzigen",
	"extension.liveshare.removeParticipant.title": "Deelnemer verwijderen",
	"extension.liveshare.blockParticipant.title": "Deelnemer blokkeren",
	"extension.liveshare.removeTerminal.title": "Terminal verwijderen",
	"extension.liveshare.exportLogs.title": "Logboeken exporteren",
	"extension.liveshare.getCoeditingInformation.title": "Informatie over gezamenlijke bewerking ophalen",
	"extension.liveshare.shareTerminal.title": "Terminal delen",
	"extension.liveshare.showSharedTerminals.title": "Gedeelde terminals weergeven",
	"extension.liveshare.help.title": "Help",
	"extension.liveshare.focusTerminal.title": "Focusterminal",
	"extension.liveshare.makeReadWrite.title": "Lezen/schrijven maken",
	"extension.liveshare.makeReadOnly.title": "Alleen-lezen maken",
	"extension.liveshare.startReadOnlySession.title": "Samenwerkingssessie voor alleen-lezen starten",
	"extension.liveshare.signIn.title": "Aanmelden",
	"extension.liveshare.statusAvailable.title": "Status: beschikbaar",
	"extension.liveshare.statusAway.title": "Status: afwezig",
	"extension.liveshare.statusBusy.title": "Status: bezet",
	"extension.liveshare.statusDoNotDisturb.title": "Status: niet storen",
	"extension.liveshare.statusInvisible.title": "Status: onzichtbaar",
	"extension.liveshare.chatOpenSession.title": "Sessiechat openen",
	"extension.liveshare.inviteContact.title": "Contactpersoon uitnodigen",
	"extension.liveshare.inviteEmail.title": "Uitnodigen per e-mail",
	"extension.liveshare.remove.title": "Verwijderen",
	"extension.liveshare.changeStatus.title": "Status wijzigen",
	"extension.liveshare.openChanges.title": "Wijzigingen openen",
	"extension.liveshare.openFile.title": "Bestand openen",
	"extension.liveshare.discardChanges.title": "Wijzigingen negeren",
	"extension.liveshare.discardAllChanges.title": "Alle wijzigingen negeren",
	"extension.liveshare.revertChange.title": "Wijziging herstellen",
	"extension.liveshare.sessionDetails.title": "Sessiegegevens",
	"extension.liveshare.plannedSessions.title": "Geplande sessies",
	"extension.liveshare.contacts.title": "Contactpersonen",
	"extension.liveshare.createlink.title": "Een herbruikbare koppeling voor de sessie maken",
	"extension.liveshare.createPlannedSessionLink.title": "Nieuwe geplande sessie",
	"extension.liveshare.deletePlannedSession.title": "Geplande sessie verwijderen",
	"extension.liveshare.renamePlannedSession.title": "Naam van geplande sessie wijzigen",
	"extension.liveshare.copyPlannedSessionLink.title": "Koppeling naar geplande sessie kopiëren",
	"extension.liveshare.joinPlannedSession.title": "Geplande sessie starten",
	"extension.liveshare.displayName.title": "Live Share",
	"extension.liveshare.description.title": "Realtime samenwerkingsontwikkeling vanuit het comfort van uw favoriete hulpprogramma's.",
	"extension.liveshare.liveShare.title": "Live Share",
	"extension.liveshare.liveShareConfiguration.title": "Live Share Visual Studio",
	"extension.liveshare.diagnosticLogging.title": "Hiermee wordt het Visual Studio Live Share-uitvoerkanaal ingeschakeld.",
	"extension.liveshare.diagnosticMode.title": "Hiermee schakelt u diagnostische meldingen en logboeken in.",
	"extension.liveshare.anonymousGuestApproval.title": "Hiermee bepaalt u hoe u deelnameaanvragen van anonieme gasten verwerkt.",
	"extension.liveshare.diagnosticLoggingLevel.title": "Specifies the level of logging output from Visual Studio Live Share Extension",
	"extension.liveshare.accountProvider.title": "Voorkeursaccountprovider die is geregistreerd bij de sleutelhanger om te gebruiken voor Visual Studio Live Share-aanmelding.",
	"extension.liveshare.authenticationProvider.title": "Verificatieprovider van VS-code (preview-versie)",
	"extension.liveshare.account.title": "Voorkeursaccount dat is geregistreerd bij de sleutelhanger om te gebruiken voor Visual Studio Live Share-aanmelding.",
	"extension.liveshare.connectionMode.title": "Het type verbinding dat wordt gebruikt voor samenwerking; de standaardmodus (automatisch) geeft de voorkeur aan een directe verbinding, maar kan leiden tot een cloudrelay als de directe verbinding mislukt.",
	"extension.liveshare.nameTagVisibility.title": "Hiermee bepaalt u wanneer de naamtag van een deelnemer moet worden weergegeven in plaats van alleen de cursor.",
	"extension.liveshare.guestApprovalRequired.title": "Hiermee wordt bepaald of de host de gast aanvragen expliciet moet goedkeuren om deel te nemen aan samenwerkingssessies.",
	"extension.liveshare.shareExternalFiles.title": "Automatisch externe bestanden delen die zijn geopend door de host tijdens een samenwerkingssessie.",
	"extension.liveshare.joinDebugSessionOption.title": "Hiermee bepaalt u hoe de deelnemer deelneemt aan binnenkomende gedeelde foutopsporingssessies.",
	"extension.liveshare.showInStatusBar.title": "De statusbalkitems van Live Share weergeven of verbergen.",
	"extension.liveshare.sharedTerminalWidth.title": "Breedte van gedeeld terminalvenster, tekens.",
	"extension.liveshare.sharedTerminalHeight.title": "Hoogte van gedeeld terminalvenster, tekens.",
	"extension.liveshare.features.markdownDescription": "Hiermee wordt de set met actieve functies beheerd. Door insiders te selecteren, gaat u akkoord met de [licentievoorwaarden voor pre-releasesoftware](https://aka.ms/vsls-license-preview) en [Privacy Statement](https://aka.ms/vsls-privacy).",
	"extension.liveshare.keepAliveInterval.title": "Hiermee stelt u het aantal seconden in dat moet worden gewacht voordat keep-alive-berichten worden verzonden in een niet-actieve sessie, die wordt gebruikt om abnormale netwerkverbindingsverbinding te detecteren. Stel in op -1 om het verzenden van keep-alive-berichten uit te schakelen.",
	"extension.liveshare.allowGuestTaskControl.title": "Sta gasten toe om werkruimtetaken uit te voeren en te beëindigen.",
	"extension.liveshare.allowGuestDebugControl.title": "Sta gasten toe om foutopsporingssessies te starten en te stoppen.",
	"extension.liveshare.allowGuestCommandControl.title": "Gasten toestaan willekeurige opdrachten uit te voeren via Code Actions (Snelle oplossingen) en CodeLens",
	"extension.liveshare.allowGuestExecuteCells.title": "Gasten toestaan om cellen van het notitieblok uit te voeren",
	"extension.liveshare.focusBehavior.title": "Hiermee geeft u op hoe u moet reageren op focusaanvragen van andere deelnemers.",
	"extension.liveshare.alwaysFollowHost.title": "Hiermee zorgt u ervoor dat de host van de sessie altijd wordt gevolgd.",
	"extension.liveshare.showReadOnlyUsersInEditor.title": "Hiermee bepaalt u de zichtbaarheid van de cursor en de markeringen voor alleen-lezengebruikers.",
	"extension.liveshare.increasedGuestLimit.title": "Verhoogt de gastlimiet van 5 naar 30.",
	"extension.liveshare.autoShareTerminals.title": "Hiermee wordt bepaald of terminals automatisch worden gedeeld met gasten (alleen-lezen).",
	"extension.liveshare.codeLens.title": "Hiermee bepaalt u of de CodeLens moet worden weergegeven voor het starten van een samenwerkingssessie.",
	"extension.liveshare.showVerboseNotifications.title": "Hiermee bepaalt u of uitgebreide meldingen moeten worden weergegeven, bijvoorbeeld wanneer een gast deelneemt aan een sessie en deze verlaat.",
	"extension.liveshare.populateGitCoAuthors.title": "Hiermee geeft u op wanneer uw git-commit-bericht automatisch moet worden gevuld met gasttoewijzing (met behulp van de git-co-auteur-trailer).",
	"extension.liveshare.autoShareServers.title": "Hiermee wordt bepaald of webservers automatisch worden gedeeld wanneer deze worden gestart vanuit de geïntegreerde terminal of bekende extensies.",
	"extension.liveshare.openSharedServers.title": "Hiermee bepaalt u of gedeelde servers automatisch moeten worden geopend in uw standaardbrowser.",
	"extension.liveshare.properties.title": "Agent-URI om verbinding te maken met Live Share-services",
	"extension.liveshare.joinedInfo.title": "Info over deelnemen",
	"extension.liveshare.localPath.title": "Lokaal pad van de werkruimte",
	"extension.liveshare.pipeName.title": "Pijpnaam om host-services aan te vragen",
	"extension.liveshare.adapterProxy.title": "De adapterproxy",
	"extension.liveshare.taskDefinitionsProperties.title": "De unieke id van de externe taak.",
	"extension.liveshare.taskDefinitionsExecId.title": "De uitvoerings-id geeft aan dat de taak is gekoppeld aan een monitorproces. Als er geen uitvoerings-id is opgegeven, is dit een door de gebruiker geactiveerde taak.",
	"extension.liveshare.comments.createThread.title": "Een opmerkingenthread maken",
	"extension.liveshare.comments.reply.title": "Beantwoorden",
	"extension.liveshare.comments.editComment.title": "Bewerken",
	"extension.liveshare.comments.deleteComment.title": "Opmerking verwijderen",
	"extension.liveshare.comments.deleteThread.title": "Opmerkingenthread verwijderen",
	"extension.liveshare.comments.saveComment.title": "Opslaan",
	"extension.liveshare.comments.cancelEditComment.title": "Annuleren",
	"extension.liveshare.allowInvites.title": "Hiermee wordt aangegeven van wie uitnodigingen van sessies worden toegestaan.",
	"extension.liveshare.viewsWelcome.contents": "Begin in realtime samen met anderen te bewerken en fouten op te sporen.\r\n\r\n[Share](command:liveshare.startFromWelcomeContent)\r\n\r\nU kunt ook [delen met alleen-lezen](command:liveshare.startReadOnlyFromWelcomeContent) machtigingen en deelnemen aan andere sessies.\r\n\r\n[Join](command:liveshare.joinFromWelcomeContent)\r\n\r\nVoor meer informatie over het gebruik van Live Share [lees onze documenten](https://docs.microsoft.com/en-us/visualstudio/liveshare/use/vscode).",
	"extension.liveshare.accessibility.accessibilityFeaturesEnabled.description": "Enables various accessibility features, such as audio cues about what is happening in the session.",
	"extension.liveshare.accessibility.outputDevice.description": "Output device to play audio in accessibility mode.",
	"extension.liveshare.accessibility.voiceVolume.description": "Controls the volume of voice audio in accessibility mode (between 0 and 100).",
	"extension.liveshare.accessibility.soundVolume.description": "Controls the volume of sound audio in accessibility mode (between 0 and 100).",
	"extension.liveshare.accessibility.speechRate.description": "Controls the rate of speech in accessibility mode.",
	"extension.liveshare.accessibility.voice.description": "The voice used for speech in accessibility mode.",
	"extension.liveshare.accessibility.voiceEnabled.description": "Enables spoken announcements about activity.",
	"extension.liveshare.accessibility.soundsEnabled.description": "Enables sound effects about activity.",
	"extension.liveshare.launcherClient.title": "Specificeert de client die moet worden gestart wanneer op een Live Share-URL wordt geklikt."
}