{
	"extension.liveshare.start.title": "Iniciar Sessão de Colaboração (Partilhar)",
	"extension.liveshare.startPresentation.title": "Iniciar Sessão de Apresentação",
	"extension.liveshare.join.title": "Participar na Sessão de Colaboração",
	"extension.liveshare.end.title": "Parar Sessão de Colaboração",
	"extension.liveshare.searchContacts.title": "Procurar Contactos",
	"extension.liveshare.removeInvitedContactFromFileTreeExplorer.title": "Remover Contacto Convidado",
	"extension.liveshare.removeInvitedContactFromActivityBar.title": "Remover Contacto Convidado",
	"extension.liveshare.presence.description": "Controla se quer publicar a sua presença a outros utilizadores e permitir convites na ferramenta para sessões de colaboração",
	"extension.liveshare.publishWorkspaceInfo.description": "Controla se a pasta da área de trabalho atual deve ser publicada para outros utilizadores",
	"extension.liveshare.comments.description": "Controla se os comentários em sessões de colaboração são permitidos",
	"extension.liveshare.selectPresenceProvider.title": "Configurar Presença",
	"extension.liveshare.signInWithBrowser.title": "Iniciar Sessão Com o Browser",
	"extension.liveshare.installRecovery.title": "Reparar Instalação",
	"extension.liveshare.signInWithUserCode.title": "Iniciar Sessão Com o Código de Utilizador",
	"extension.liveshare.signInPresence.title": "Offline",
	"extension.liveshare.signOut.title": "Terminar Sessão",
	"extension.liveshare.signOutPresence.title": "Terminar Sessão (Presença)",
	"extension.liveshare.leave.title": "Sair da Sessão de Colaboração",
	"extension.liveshare.copyLink.title": "Copiar Ligação de Colaboração",
	"extension.liveshare.joinDebug.title": "Participar na Sessão de Depuração",
	"extension.liveshare.showSharedServers.title": "Mostrar Servidores Partilhados",
	"extension.liveshare.shareServer.title": "Partilhar Servidor",
	"extension.liveshare.openServerInBrowser.title": "Abrir Servidor no Browser",
	"extension.liveshare.unshareServer.title": "Anular Partilha do Servidor",
	"extension.liveshare.copyServerURL.title": "Copiar URL do Servidor",
	"extension.liveshare.focusParticipants.title": "Focar a Atenção dos Participantes",
	"extension.liveshare.listParticipants.title": "Listar Participantes",
	"extension.liveshare.followParticipant.title": "Seguir Participante",
	"extension.liveshare.followParticipantToSide.title": "Seguir Participante para o Lado",
	"extension.liveshare.followToSide.title": "Seguir para o Lado",
	"extension.liveshare.unfollowParticipant.title": "Deixar de Seguir Participante",
	"extension.liveshare.focusParticipant.title": "Focus Participant",
	"extension.liveshare.changePresenter.title": "Alterar Apresentador",
	"extension.liveshare.removeParticipant.title": "Remover Participante",
	"extension.liveshare.blockParticipant.title": "Bloquear Participante",
	"extension.liveshare.removeTerminal.title": "Remover Terminal",
	"extension.liveshare.exportLogs.title": "Exportar Registos",
	"extension.liveshare.getCoeditingInformation.title": "Obter informações de edição conjunta",
	"extension.liveshare.shareTerminal.title": "Partilhar Terminal",
	"extension.liveshare.showSharedTerminals.title": "Mostrar Terminais Partilhados",
	"extension.liveshare.help.title": "Ajuda",
	"extension.liveshare.focusTerminal.title": "Terminal de Foco",
	"extension.liveshare.makeReadWrite.title": "Tornar Leitura/Escrita",
	"extension.liveshare.makeReadOnly.title": "Tornar Só de Leitura",
	"extension.liveshare.startReadOnlySession.title": "Iniciar Sessão de Colaboração Só de Leitura",
	"extension.liveshare.signIn.title": "Iniciar sessão",
	"extension.liveshare.statusAvailable.title": "Estado: Disponível",
	"extension.liveshare.statusAway.title": "Estado: Ausente",
	"extension.liveshare.statusBusy.title": "Estado: Ocupado",
	"extension.liveshare.statusDoNotDisturb.title": "Estado: Não incomodar",
	"extension.liveshare.statusInvisible.title": "Estado: Invisível",
	"extension.liveshare.chatOpenSession.title": "Abrir chat de sessão",
	"extension.liveshare.inviteContact.title": "Convidar Contacto",
	"extension.liveshare.inviteEmail.title": "Convidar por E-mail",
	"extension.liveshare.remove.title": "Remover",
	"extension.liveshare.changeStatus.title": "Alterar Estado",
	"extension.liveshare.openChanges.title": "Abrir Alterações",
	"extension.liveshare.openFile.title": "Abrir Ficheiro",
	"extension.liveshare.discardChanges.title": "Eliminar Alterações",
	"extension.liveshare.discardAllChanges.title": "Rejeitar Todas as Alterações",
	"extension.liveshare.revertChange.title": "Reverter Alteração",
	"extension.liveshare.sessionDetails.title": "Detalhes da Sessão",
	"extension.liveshare.plannedSessions.title": "Sessões Planeadas",
	"extension.liveshare.contacts.title": "Contactos",
	"extension.liveshare.createlink.title": "Criar uma ligação de Sessão Reutilizável",
	"extension.liveshare.createPlannedSessionLink.title": "Nova Sessão Planeada",
	"extension.liveshare.deletePlannedSession.title": "Eliminar Sessão Planeada",
	"extension.liveshare.renamePlannedSession.title": "Mudar o Nome da Sessão Planeada",
	"extension.liveshare.copyPlannedSessionLink.title": "Copiar Ligação de Sessão Planeada",
	"extension.liveshare.joinPlannedSession.title": "Iniciar Sessão Planeada",
	"extension.liveshare.displayName.title": "Live Share",
	"extension.liveshare.description.title": "Desenvolvimento colaborativo em tempo real a partir do conforto das suas ferramentas favoritas.",
	"extension.liveshare.liveShare.title": "Live Share",
	"extension.liveshare.liveShareConfiguration.title": "Visual Studio Live Share",
	"extension.liveshare.diagnosticLogging.title": "Ativa o canal de saída do Visual Studio Live Share.",
	"extension.liveshare.diagnosticMode.title": "Ativa notificações e relatórios de diagnóstico.",
	"extension.liveshare.anonymousGuestApproval.title": "Controla como lidar com pedidos de adesão de convidados anónimos.",
	"extension.liveshare.diagnosticLoggingLevel.title": "Specifies the level of logging output from Visual Studio Live Share Extension",
	"extension.liveshare.accountProvider.title": "Fornecedor de conta preferencial registado com o porta-chaves para utilizar no início de sessão do Visual Studio Live Share.",
	"extension.liveshare.authenticationProvider.title": "Fornecedor de Autenticação do VS Code (Pré-visualização)",
	"extension.liveshare.account.title": "Conta preferencial registada com o porta-chaves para utilizar no início de sessão do Visual Studio Live Share.",
	"extension.liveshare.connectionMode.title": "Tipo de ligação utilizado para colaboração; o modo predefinido (automático) prefere uma ligação direta, mas pode voltar a uma ligação por reencaminhamento na nuvem se a ligação direta falhou.",
	"extension.liveshare.nameTagVisibility.title": "Controla quando apresentar a etiqueta do nome de um participante em vez de apenas o seu cursor.",
	"extension.liveshare.guestApprovalRequired.title": "Controla se o anfitrião precisa de aprovar explicitamente os pedidos de convidados para participar em sessões de colaboração.",
	"extension.liveshare.shareExternalFiles.title": "Partilhe automaticamente ficheiros externos abertos pelo anfitrião durante uma sessão de colaboração.",
	"extension.liveshare.joinDebugSessionOption.title": "Controla como o participante irá participar em sessões de depuração partilhadas recebidas.",
	"extension.liveshare.showInStatusBar.title": "Mostrar ou ocultar os itens da barra de estado do Live Share.",
	"extension.liveshare.sharedTerminalWidth.title": "Largura da janela de terminal partilhada, carateres.",
	"extension.liveshare.sharedTerminalHeight.title": "Altura da janela do terminal partilhado, carateres.",
	"extension.liveshare.features.markdownDescription": "Controla o conjunto de funcionalidades ativas. Ao selecionar \"insiders\", concorda com os [Termos de Licenciamento para Software de Pré-lançamento](https://aka.ms/vsls-license-preview) e a [Declaração de Privacidade](https://aka.ms/vsls-privacy).",
	"extension.liveshare.keepAliveInterval.title": "Define o número de segundos a aguardar antes de enviar mensagens keep-alive numa sessão inativa, isto é utilizado para detetar uma interrupção da ligação à rede anormal. Definir como -1 para desativar o envio de mensagens keep-alive.",
	"extension.liveshare.allowGuestTaskControl.title": "Permitir que os convidados executem e terminem tarefas da área de trabalho.",
	"extension.liveshare.allowGuestDebugControl.title": "Permitir que os convidados iniciem e parem sessões de depuração.",
	"extension.liveshare.allowGuestCommandControl.title": "Permitir que os convidados executem comandos arbitrários através de Ações de Código (“Correções Rápidas”) e CodeLens",
	"extension.liveshare.allowGuestExecuteCells.title": "Permitir que os convidados executem células do bloco de notas",
	"extension.liveshare.focusBehavior.title": "Especifica como responder a pedidos de foco de outros participantes.",
	"extension.liveshare.alwaysFollowHost.title": "Garante que o anfitrião da sessão é sempre seguido.",
	"extension.liveshare.showReadOnlyUsersInEditor.title": "Controla a visibilidade do cursor e dos destaques para utilizadores só de leitura.",
	"extension.liveshare.increasedGuestLimit.title": "Aumenta o limite de convidados de 5 para 30.",
	"extension.liveshare.autoShareTerminals.title": "Controla se os terminais são partilhados automaticamente com convidados (só de leitura).",
	"extension.liveshare.codeLens.title": "Controla se deve mostrar o CodeLens para iniciar uma sessão de colaboração.",
	"extension.liveshare.showVerboseNotifications.title": "Controla se deve mostrar notificações verbosas, como quando um convidado participa e sai de uma sessão.",
	"extension.liveshare.populateGitCoAuthors.title": "Especifica quando preencher automaticamente a sua mensagem de confirmação do Git com atribuição de convidado (com o trailer de coautor do Git).",
	"extension.liveshare.autoShareServers.title": "Controla se os servidores web são partilhados automaticamente, quando iniciados a partir do terminal integrado ou de extensões conhecidas.",
	"extension.liveshare.openSharedServers.title": "Controla se os servidores partilhados devem ser abertos automaticamente no seu browser predefinido.",
	"extension.liveshare.properties.title": "Uri do Agente para ligar aos serviços do Live Share",
	"extension.liveshare.joinedInfo.title": "Informações de Adesão",
	"extension.liveshare.localPath.title": "Caminho local da área de trabalho",
	"extension.liveshare.pipeName.title": "Nome do pipe para pedir serviços de anfitrião",
	"extension.liveshare.adapterProxy.title": "O proxy do adaptador",
	"extension.liveshare.taskDefinitionsProperties.title": "O ID exclusivo da tarefa remota.",
	"extension.liveshare.taskDefinitionsExecId.title": "O ID de execução indica que a tarefa está associada a um processo de monitorização. Se não estiver especificado nenhum ID de execução, esta é uma tarefa acionada pelo utilizador.",
	"extension.liveshare.comments.createThread.title": "Criar um tópico de comentários",
	"extension.liveshare.comments.reply.title": "Responder",
	"extension.liveshare.comments.editComment.title": "Editar",
	"extension.liveshare.comments.deleteComment.title": "Eliminar comentário",
	"extension.liveshare.comments.deleteThread.title": "Eliminar tópico de comentários",
	"extension.liveshare.comments.saveComment.title": "Guardar",
	"extension.liveshare.comments.cancelEditComment.title": "Cancelar",
	"extension.liveshare.allowInvites.title": "Especifica a quem permite que lhe envie convites de sessão.",
	"extension.liveshare.viewsWelcome.contents": "Comece a editar e depurar colaborativamente com outras pessoas em tempo real.\r\n\r\n[Partilhar](command:liveshare.startFromWelcomeContent)\r\n\r\nTambém pode dar permissões para [partilhar em só de leitura](command:liveshare.startReadOnlyFromWelcomeContent) e participar nas sessões de outras pessoas.\r\n\r\n[Participar](command:liveshare.joinFromWelcomeContent)\r\n\r\nPara saber mais sobre como usar o Live Share [leia os nossos documentos](https://docs.microsoft.com/en-us/visualstudio/liveshare/use/vscode).",
	"extension.liveshare.accessibility.accessibilityFeaturesEnabled.description": "Enables various accessibility features, such as audio cues about what is happening in the session.",
	"extension.liveshare.accessibility.outputDevice.description": "Output device to play audio in accessibility mode.",
	"extension.liveshare.accessibility.voiceVolume.description": "Controls the volume of voice audio in accessibility mode (between 0 and 100).",
	"extension.liveshare.accessibility.soundVolume.description": "Controls the volume of sound audio in accessibility mode (between 0 and 100).",
	"extension.liveshare.accessibility.speechRate.description": "Controls the rate of speech in accessibility mode.",
	"extension.liveshare.accessibility.voice.description": "The voice used for speech in accessibility mode.",
	"extension.liveshare.accessibility.voiceEnabled.description": "Enables spoken announcements about activity.",
	"extension.liveshare.accessibility.soundsEnabled.description": "Enables sound effects about activity.",
	"extension.liveshare.launcherClient.title": "Especifica o cliente a iniciar ao clicar num URL de Partilha em Tempo Real."
}