{
	"extension.liveshare.start.title": "Iniciar a Sessão de Colaboração (Compartilhamento)",
	"extension.liveshare.startPresentation.title": "Iniciar Sessão de Apresentação",
	"extension.liveshare.join.title": "Ingressar na Sessão de Colaboração",
	"extension.liveshare.end.title": "Parar a Sessão de Colaboração",
	"extension.liveshare.searchContacts.title": "Pesquisar contatos",
	"extension.liveshare.removeInvitedContactFromFileTreeExplorer.title": "Remover contato convidado",
	"extension.liveshare.removeInvitedContactFromActivityBar.title": "Remover contato convidado",
	"extension.liveshare.presence.description": "Controla se você deseja publicar sua presença para outros usuários e permite convites na ferramenta para sessões de colaboração",
	"extension.liveshare.publishWorkspaceInfo.description": "Controla se a pasta do workspace atual deve ser publicada para outros usuários",
	"extension.liveshare.comments.description": "Controla se os comentários nas sessões de colaboração serão permitidos",
	"extension.liveshare.selectPresenceProvider.title": "Configurar Presença",
	"extension.liveshare.signInWithBrowser.title": "Entrar com o navegador",
	"extension.liveshare.installRecovery.title": "Reparar a Instalação",
	"extension.liveshare.signInWithUserCode.title": "Entrar com o código do usuário",
	"extension.liveshare.signInPresence.title": "Offline",
	"extension.liveshare.signOut.title": "Sair",
	"extension.liveshare.signOutPresence.title": "Sair (Presença)",
	"extension.liveshare.leave.title": "Deixar a sessão de colaboração",
	"extension.liveshare.copyLink.title": "Copiar Link de Colaboração",
	"extension.liveshare.joinDebug.title": "Ingressar na sessão de depuração",
	"extension.liveshare.showSharedServers.title": "Mostrar servidores compartilhados",
	"extension.liveshare.shareServer.title": "Servidor de Compartilhamento",
	"extension.liveshare.openServerInBrowser.title": "Servidor aberto no navegador",
	"extension.liveshare.unshareServer.title": "Descompartilhar o servidor",
	"extension.liveshare.copyServerURL.title": "Copiar a URL do servidor",
	"extension.liveshare.focusParticipants.title": "Focar a Atenção dos Participantes",
	"extension.liveshare.listParticipants.title": "Listar Participantes",
	"extension.liveshare.followParticipant.title": "Seguir o Participante",
	"extension.liveshare.followParticipantToSide.title": "Siga o participante para o lado",
	"extension.liveshare.followToSide.title": "Siga para o lado",
	"extension.liveshare.unfollowParticipant.title": "Deixar de seguir participante",
	"extension.liveshare.focusParticipant.title": "Focus Participant",
	"extension.liveshare.changePresenter.title": "Alterar o Apresentador",
	"extension.liveshare.removeParticipant.title": "Remover participante",
	"extension.liveshare.blockParticipant.title": "Bloco do Participante",
	"extension.liveshare.removeTerminal.title": "Remover o Terminal",
	"extension.liveshare.exportLogs.title": "Exportar Logs",
	"extension.liveshare.getCoeditingInformation.title": "Obter as informações de coedição",
	"extension.liveshare.shareTerminal.title": "Compartilhar Terminal",
	"extension.liveshare.showSharedTerminals.title": "Mostrar Terminais Compartilhados",
	"extension.liveshare.help.title": "Ajuda",
	"extension.liveshare.focusTerminal.title": "Focalizar Terminal",
	"extension.liveshare.makeReadWrite.title": "Fazer leitura/gravação",
	"extension.liveshare.makeReadOnly.title": "Tornar somente leitura",
	"extension.liveshare.startReadOnlySession.title": "Iniciar a sessão de colaboração somente leitura",
	"extension.liveshare.signIn.title": "Entrar",
	"extension.liveshare.statusAvailable.title": "Status: Disponível",
	"extension.liveshare.statusAway.title": "Status: ausente",
	"extension.liveshare.statusBusy.title": "Status: ocupado",
	"extension.liveshare.statusDoNotDisturb.title": "Status: Não perturbe",
	"extension.liveshare.statusInvisible.title": "Status: Invisível",
	"extension.liveshare.chatOpenSession.title": "Abrir sessão de chat",
	"extension.liveshare.inviteContact.title": "Convidar contato",
	"extension.liveshare.inviteEmail.title": "Convidar por Email",
	"extension.liveshare.remove.title": "Remover",
	"extension.liveshare.changeStatus.title": "Alterar Status",
	"extension.liveshare.openChanges.title": "Abrir alterações",
	"extension.liveshare.openFile.title": "Abrir arquivo",
	"extension.liveshare.discardChanges.title": "Descartar Alterações",
	"extension.liveshare.discardAllChanges.title": "Descartar Todas as Alterações",
	"extension.liveshare.revertChange.title": "Reverter a alteração",
	"extension.liveshare.sessionDetails.title": "Detalhes da Sessão",
	"extension.liveshare.plannedSessions.title": "Sessões Planejadas",
	"extension.liveshare.contacts.title": "Contatos",
	"extension.liveshare.createlink.title": "Criar um link de Sessão Reutilizável",
	"extension.liveshare.createPlannedSessionLink.title": "Nova Sessão Planejada",
	"extension.liveshare.deletePlannedSession.title": "Excluir a Sessão Planejada",
	"extension.liveshare.renamePlannedSession.title": "Renomear a Sessão Planejada",
	"extension.liveshare.copyPlannedSessionLink.title": "Copiar o Link da Sessão Planejada",
	"extension.liveshare.joinPlannedSession.title": "Iniciar a Sessão Planejada",
	"extension.liveshare.displayName.title": "Live Share",
	"extension.liveshare.description.title": "Desenvolvimento colaborativo em tempo real no conforto das suas ferramentas favoritas.",
	"extension.liveshare.liveShare.title": "Live Share",
	"extension.liveshare.liveShareConfiguration.title": "Visual Studio Live Share",
	"extension.liveshare.diagnosticLogging.title": "Habilita o canal de saída do Visual Studio Live Share.",
	"extension.liveshare.diagnosticMode.title": "Habilita as notificações e os logs de diagnóstico.",
	"extension.liveshare.anonymousGuestApproval.title": "Controla como lidar com solicitações de ingresso de convidados anônimos.",
	"extension.liveshare.diagnosticLoggingLevel.title": "Specifies the level of logging output from Visual Studio Live Share Extension",
	"extension.liveshare.accountProvider.title": "Provedor de conta preferencial registrado com keychain que deve ser usado para entrar no Visual Studio Live Share.",
	"extension.liveshare.authenticationProvider.title": "Provedor de Autenticação do VS Code (Versão prévia)",
	"extension.liveshare.account.title": "Conta preferencial registrada com keychain que deve ser usada para entrar no Visual Studio Live Share.",
	"extension.liveshare.connectionMode.title": "Tipo de conexão usada para colaboração. O modo padrão (automático) prefere uma conexão direta, mas pode fazer fallback para uma retransmissão por meio da nuvem caso a conexão direta falhe.",
	"extension.liveshare.nameTagVisibility.title": "Controla quando exibir o nome do participante em vez de apenas o cursor.",
	"extension.liveshare.guestApprovalRequired.title": "Controla se o host precisa aprovar explicitamente solicitações de convidados para participar de sessões de colaboração.",
	"extension.liveshare.shareExternalFiles.title": "Compartilhe automaticamente arquivos externos abertos pelo host durante uma sessão de colaboração.",
	"extension.liveshare.joinDebugSessionOption.title": "Controla como o participante irá ingressar em sessões de depuração compartilhadas de entrada.",
	"extension.liveshare.showInStatusBar.title": "Mostrar ou ocultar os itens da barra de status do Live Share.",
	"extension.liveshare.sharedTerminalWidth.title": "Largura da janela de terminal compartilhada, caracteres.",
	"extension.liveshare.sharedTerminalHeight.title": "Altura da janela de terminal compartilhada, caracteres.",
	"extension.liveshare.features.markdownDescription": "Controla o conjunto de recursos ativos. Ao selecionar `insiders`, você concorda com os [Termos de Licença de Software de Pré-Lançamento](https://aka.ms/vsls-license-preview) e a [Política de Privacidade](https://aka.ms/vsls-privacy).",
	"extension.liveshare.keepAliveInterval.title": "Define o número de segundos a aguardar antes de enviar mensagens keep-alive em uma sessão ociosa, usado para detectar uma desconexão da rede anormal. Defina como -1 para desabilitar o envio de mensagens keep-alive.",
	"extension.liveshare.allowGuestTaskControl.title": "Permita que os convidados executem e encerrem tarefas do workspace.",
	"extension.liveshare.allowGuestDebugControl.title": "Permita que os participantes iniciem e parem sessões de depuração.",
	"extension.liveshare.allowGuestCommandControl.title": "Permitir que os hóspedes executem comandos arbitrários através de ações de código (\"correções rápidas\") e CodeLens",
	"extension.liveshare.allowGuestExecuteCells.title": "Permitir que os convidados executem células do notebook",
	"extension.liveshare.focusBehavior.title": "Especifica como responder a solicitações de foco de outros participantes.",
	"extension.liveshare.alwaysFollowHost.title": "Garante que o host da sessão seja sempre seguido.",
	"extension.liveshare.showReadOnlyUsersInEditor.title": "Controla a visibilidade do cursor e destaques para usuários de somente leitura.",
	"extension.liveshare.increasedGuestLimit.title": "Aumenta o limite de participantes de 5 para 30.",
	"extension.liveshare.autoShareTerminals.title": "Controla se os terminais são automaticamente compartilhados com os hóspedes (somente leitura).",
	"extension.liveshare.codeLens.title": "Controla se o CodeLens deve ou não ser mostrado para iniciar uma sessão de colaboração.",
	"extension.liveshare.showVerboseNotifications.title": "Controla se notificações detalhadas devem ou não ser mostradas, por exemplo, quando um convidado ingressa em uma sessão ou a deixa.",
	"extension.liveshare.populateGitCoAuthors.title": "Especifica quando preencher automaticamente a sua mensagem de confirmação do Git com atribuição de convidado (usando o trailer de -coautor do Git).",
	"extension.liveshare.autoShareServers.title": "Controla se os servidores Web são compartilhados automaticamente, quando iniciados por meio do terminal integrado ou de extensões conhecidas.",
	"extension.liveshare.openSharedServers.title": "Controla se os servidores compartilhados serão abertos automaticamente no seu navegador padrão.",
	"extension.liveshare.properties.title": "Uri de agente para se conectar a serviços do Live Share",
	"extension.liveshare.joinedInfo.title": "Informação de ingresso",
	"extension.liveshare.localPath.title": "Caminho local do workspace",
	"extension.liveshare.pipeName.title": "Nome do pipe para solicitar serviços de host",
	"extension.liveshare.adapterProxy.title": "O proxy do adaptador",
	"extension.liveshare.taskDefinitionsProperties.title": "A ID exclusiva da tarefa remota.",
	"extension.liveshare.taskDefinitionsExecId.title": "A ID de execução indica que a tarefa é associada com um monitor de processo. Se nenhuma ID de execução é especificada, esta é uma tarefa disparada pelo usuário.",
	"extension.liveshare.comments.createThread.title": "Criar um thread de comentário",
	"extension.liveshare.comments.reply.title": "Responder",
	"extension.liveshare.comments.editComment.title": "Editar",
	"extension.liveshare.comments.deleteComment.title": "Excluir comentário",
	"extension.liveshare.comments.deleteThread.title": "Excluir um thread de comentário",
	"extension.liveshare.comments.saveComment.title": "Salvar",
	"extension.liveshare.comments.cancelEditComment.title": "Cancelar",
	"extension.liveshare.allowInvites.title": "Especifica quem tem permissão para mandar os convites da sessão.",
	"extension.liveshare.viewsWelcome.contents": "Comece a fazer a edição e a depuração de modo colaborativo com outras pessoas em tempo real.\r\n\r\n[Compartilhar](command:liveshare.startFromWelcomeContent)\r\n\r\nVocê também pode [fazer o compartilhamento com permissões somente leitura](command:liveshare.startReadOnlyFromWelcomeContent) e ingressar em outras sessões.\r\n\r\n[Ingressar](command:liveshare.joinFromWelcomeContent)\r\n\r\nPara saber mais sobre como usar o Live Share [leia nossa documentação](https://docs.microsoft.com/en-us/visualstudio/liveshare/use/vscode).",
	"extension.liveshare.accessibility.accessibilityFeaturesEnabled.description": "Enables various accessibility features, such as audio cues about what is happening in the session.",
	"extension.liveshare.accessibility.outputDevice.description": "Output device to play audio in accessibility mode.",
	"extension.liveshare.accessibility.voiceVolume.description": "Controls the volume of voice audio in accessibility mode (between 0 and 100).",
	"extension.liveshare.accessibility.soundVolume.description": "Controls the volume of sound audio in accessibility mode (between 0 and 100).",
	"extension.liveshare.accessibility.speechRate.description": "Controls the rate of speech in accessibility mode.",
	"extension.liveshare.accessibility.voice.description": "The voice used for speech in accessibility mode.",
	"extension.liveshare.accessibility.voiceEnabled.description": "Enables spoken announcements about activity.",
	"extension.liveshare.accessibility.soundsEnabled.description": "Enables sound effects about activity.",
	"extension.liveshare.launcherClient.title": "Especifica o cliente a ser iniciado ao clicar em um URL do Live Share."
}