{
	"extension.liveshare.start.title": "협업 세션(공유) 시작",
	"extension.liveshare.startPresentation.title": "프레젠테이션 세션 시작",
	"extension.liveshare.join.title": "협업 세션 참가",
	"extension.liveshare.end.title": "협업 세션 중지",
	"extension.liveshare.searchContacts.title": "연락처 검색",
	"extension.liveshare.removeInvitedContactFromFileTreeExplorer.title": "초대된 연락처 제거",
	"extension.liveshare.removeInvitedContactFromActivityBar.title": "초대된 연락처 제거",
	"extension.liveshare.presence.description": "현재 상태를 다른 사용자에게 게시할지 여부를 제어하고 협업 세션 동안 도구 내 초대를 허용합니다.",
	"extension.liveshare.publishWorkspaceInfo.description": "현재 작업 영역 폴더를 다른 사용자에게 게시할지 여부를 제어합니다.",
	"extension.liveshare.comments.description": "협업 세션에서 주석을 허용할지 여부를 제어합니다.",
	"extension.liveshare.selectPresenceProvider.title": "현재 상태 구성",
	"extension.liveshare.signInWithBrowser.title": "브라우저 로그인",
	"extension.liveshare.installRecovery.title": "설치 복구",
	"extension.liveshare.signInWithUserCode.title": "사용자 코드로 로그인",
	"extension.liveshare.signInPresence.title": "오프라인",
	"extension.liveshare.signOut.title": "로그아웃",
	"extension.liveshare.signOutPresence.title": "로그아웃(현재 상태)",
	"extension.liveshare.leave.title": "협업 세션 나가기",
	"extension.liveshare.copyLink.title": "협업 링크 복사",
	"extension.liveshare.joinDebug.title": "디버그 세션 참가",
	"extension.liveshare.showSharedServers.title": "공유 서버 표시",
	"extension.liveshare.shareServer.title": "서버 공유",
	"extension.liveshare.openServerInBrowser.title": "브라우저에서 서버 열기",
	"extension.liveshare.unshareServer.title": "서버 공유 해제",
	"extension.liveshare.copyServerURL.title": "서버 URL 복사",
	"extension.liveshare.focusParticipants.title": "참가자 집중",
	"extension.liveshare.listParticipants.title": "참가자 리스트",
	"extension.liveshare.followParticipant.title": "참가자 팔로우",
	"extension.liveshare.followParticipantToSide.title": "측면의 참가자 팔로우",
	"extension.liveshare.followToSide.title": "사이드로 팔로우",
	"extension.liveshare.unfollowParticipant.title": "참가자 언팔로우",
	"extension.liveshare.focusParticipant.title": "Focus Participant",
	"extension.liveshare.changePresenter.title": "발표자 변경",
	"extension.liveshare.removeParticipant.title": "참가자 제거",
	"extension.liveshare.blockParticipant.title": "참가자 차단",
	"extension.liveshare.removeTerminal.title": "터미널 제거",
	"extension.liveshare.exportLogs.title": "로그 내보내기",
	"extension.liveshare.getCoeditingInformation.title": "공동 편집 정보 가져오기",
	"extension.liveshare.shareTerminal.title": "터미널 공유",
	"extension.liveshare.showSharedTerminals.title": "공유 터미널 표시",
	"extension.liveshare.help.title": "도움말",
	"extension.liveshare.focusTerminal.title": "터미널에 포커스",
	"extension.liveshare.makeReadWrite.title": "읽기/쓰기로 설정",
	"extension.liveshare.makeReadOnly.title": "읽기 전용으로 설정",
	"extension.liveshare.startReadOnlySession.title": "읽기 전용 협업 세션 시작",
	"extension.liveshare.signIn.title": "로그인",
	"extension.liveshare.statusAvailable.title": "상태: 사용 가능",
	"extension.liveshare.statusAway.title": "상태: 자리 비움",
	"extension.liveshare.statusBusy.title": "상태: 사용 중",
	"extension.liveshare.statusDoNotDisturb.title": "상태: 방해하지 말 것",
	"extension.liveshare.statusInvisible.title": "상태: 숨김",
	"extension.liveshare.chatOpenSession.title": "세션 채팅 열기",
	"extension.liveshare.inviteContact.title": "연락처 초대",
	"extension.liveshare.inviteEmail.title": "이메일로 초대",
	"extension.liveshare.remove.title": "제거",
	"extension.liveshare.changeStatus.title": "상태 변경",
	"extension.liveshare.openChanges.title": "변경 내용 열기",
	"extension.liveshare.openFile.title": "파일 열기",
	"extension.liveshare.discardChanges.title": "변경 내용 취소",
	"extension.liveshare.discardAllChanges.title": "모든 변경 내용 취소",
	"extension.liveshare.revertChange.title": "변경 내용 되돌리기",
	"extension.liveshare.sessionDetails.title": "세션 정보",
	"extension.liveshare.plannedSessions.title": "계획된 세션",
	"extension.liveshare.contacts.title": "연락처",
	"extension.liveshare.createlink.title": "재사용 가능한 세션 링크 만들기",
	"extension.liveshare.createPlannedSessionLink.title": "계획된 새 세션",
	"extension.liveshare.deletePlannedSession.title": "계획된 세션 삭제",
	"extension.liveshare.renamePlannedSession.title": "계획된 세션 이름 바꾸기",
	"extension.liveshare.copyPlannedSessionLink.title": "계획된 세션 링크 복사",
	"extension.liveshare.joinPlannedSession.title": "계획된 세션 시작",
	"extension.liveshare.displayName.title": "Live Share",
	"extension.liveshare.description.title": "선호하는 도구로 편리하게 실시간 공동 개발합니다.",
	"extension.liveshare.liveShare.title": "Live Share",
	"extension.liveshare.liveShareConfiguration.title": "Visual Studio Live Share",
	"extension.liveshare.diagnosticLogging.title": "Visual Studio Live Share 출력 채널을 사용하도록 설정합니다.",
	"extension.liveshare.diagnosticMode.title": "진단 알림 및 로그를 사용하도록 설정합니다.",
	"extension.liveshare.anonymousGuestApproval.title": "익명 비회원의 가입 요청을 처리하는 방법을 제어합니다.",
	"extension.liveshare.diagnosticLoggingLevel.title": "Specifies the level of logging output from Visual Studio Live Share Extension",
	"extension.liveshare.accountProvider.title": "Visual Studio Live Share 로그인에 사용할 기본 계정 공급자가 키 집합과 함께 등록되었습니다.",
	"extension.liveshare.authenticationProvider.title": "VS Code 인증 공급자(미리 보기)",
	"extension.liveshare.account.title": "Visual Studio Live Share 로그인에 사용할 기본 계정이 키 집합과 함께 등록되었습니다.",
	"extension.liveshare.connectionMode.title": "협업에 사용되는 연결 유형. 기본(자동) 모드에서 기본적으로 직접 연결을 사용하지만 직접 연결에 실패하는 경우 클라우드 릴레이로 대체될 수 있습니다.",
	"extension.liveshare.nameTagVisibility.title": "참가자의 커서 대신 네임 태그를 표시하는 시점을 제어합니다.",
	"extension.liveshare.guestApprovalRequired.title": "호스트가 비회원의 협업 세션 참가 요청을 명시적으로 승인해야 하는지 여부를 제어합니다.",
	"extension.liveshare.shareExternalFiles.title": "협업 세션 중 호스트가 연 외부 파일을 자동으로 공유합니다.",
	"extension.liveshare.joinDebugSessionOption.title": "참가자가 들어오는 공유 디버그 세션에 참가하는 방법을 제어합니다.",
	"extension.liveshare.showInStatusBar.title": "Live Share 상태 표시줄 항목을 표시하거나 숨깁니다.",
	"extension.liveshare.sharedTerminalWidth.title": "공유 터미널 창의 너비(문자 수)입니다.",
	"extension.liveshare.sharedTerminalHeight.title": "공유 터미널 창의 높이(문자 수)입니다.",
	"extension.liveshare.features.markdownDescription": "활성 기능 세트를 제어합니다. `insiders`를 선택함으로써 [시험판 소프트웨어 사용 조건](https://aka.ms/vsls-license-preview) 및 [개인정보처리방침](https://aka.ms/vsls-privacy)에 동의하게 됩니다.",
	"extension.liveshare.keepAliveInterval.title": "비정상 네트워크 연결 해제를 탐지하는 데 사용되는 유휴 세션에서 연결 유지 메시지를 보내기 전에 기다릴 시간(초)을 설정합니다. 연결 유지 메시지 전송을 사용하지 않으려면 -1로 설정하세요.",
	"extension.liveshare.allowGuestTaskControl.title": "비회원이 작업 영역 작업을 실행 및 종료할 수 있도록 허용합니다.",
	"extension.liveshare.allowGuestDebugControl.title": "게스트가 디버깅 세션을 시작 및 중지하도록 허용합니다.",
	"extension.liveshare.allowGuestCommandControl.title": "비회원이 Code Actions(“Quick Fixes”) 및 CodeLens를 통해 임의의 명령을 실행할 수 있도록 허용",
	"extension.liveshare.allowGuestExecuteCells.title": "게스트가 Notebook 셀을 실행하도록 허용",
	"extension.liveshare.focusBehavior.title": "다른 참가자의 집중 요청에 응답하는 방법을 지정합니다.",
	"extension.liveshare.alwaysFollowHost.title": "항상 세션의 호스트를 따르도록 합니다.",
	"extension.liveshare.showReadOnlyUsersInEditor.title": "읽기 전용 사용자를 위한 커서 및 강조 표시 유형을 제어합니다.",
	"extension.liveshare.increasedGuestLimit.title": "게스트 제한을 5에서 30으로 늘립니다.",
	"extension.liveshare.autoShareTerminals.title": "터미널을 비회원과 자동으로 공유할지(읽기 전용) 제어합니다.",
	"extension.liveshare.codeLens.title": "협업 세션 시작을 위해 CodeLens를 표시할지 여부를 제어합니다.",
	"extension.liveshare.showVerboseNotifications.title": "게스트가 공동 작업 세션에 참가하거나 나갈 때 등과 같은 자세한 정보 알림을 표시할지 여부를 제어합니다.",
	"extension.liveshare.populateGitCoAuthors.title": "Git-co-author 후행부를 사용하여 게스트 기여도로 Git 커밋 메시지를 자동으로 채울 시기를 지정합니다.",
	"extension.liveshare.autoShareServers.title": "통합 터미널 또는 잘 알려진 확장에서 시작할 때 웹 서버를 자동으로 공유하는지 여부를 제어합니다.",
	"extension.liveshare.openSharedServers.title": "기본 브라우저에서 공유 서버를 자동으로 열지 여부를 제어합니다.",
	"extension.liveshare.properties.title": "Live Share 서비스에 연결할 에이전트 Uri",
	"extension.liveshare.joinedInfo.title": "가입 정보",
	"extension.liveshare.localPath.title": "작업 영역의 로컬 경로",
	"extension.liveshare.pipeName.title": "호스트 서비스를 요청할 파이프 이름",
	"extension.liveshare.adapterProxy.title": "어댑터 프록시",
	"extension.liveshare.taskDefinitionsProperties.title": "원격 작업의 고유 ID입니다.",
	"extension.liveshare.taskDefinitionsExecId.title": "실행 ID는 작업이 모니터 프로세스와 연결되어 있음을 나타냅니다. 실행 ID가 지정되어 있지 않으면 사용자 트리거 작업입니다.",
	"extension.liveshare.comments.createThread.title": "주석 스레드 만들기",
	"extension.liveshare.comments.reply.title": "회신",
	"extension.liveshare.comments.editComment.title": "편집",
	"extension.liveshare.comments.deleteComment.title": "주석 삭제",
	"extension.liveshare.comments.deleteThread.title": "주석 스레드 삭제",
	"extension.liveshare.comments.saveComment.title": "저장",
	"extension.liveshare.comments.cancelEditComment.title": "취소",
	"extension.liveshare.allowInvites.title": "세션 초대를 허용할 사용자를 지정합니다.",
	"extension.liveshare.viewsWelcome.contents": "실시간으로 다른 사람들과 협업하여 편집 및 디버깅을 시작합니다.\r\n\r\n[공유](명령:liveshare.startFromWelcomeContent)\r\n\r\n[읽기 전용 권한으로 공유](명령:liveshare.startReadOnlyFromWelcomeContent)하고 다른 세션에 참가할 수도 있습니다.\r\n\r\n[참가](명령:liveshare.joinFromWelcomeContent)\r\n\r\nLive Share를 사용하는 방법에 대해 자세히 알아보려면 [Microsoft Docs](https://docs.microsoft.com/en-us/visualstudio/liveshare/use/vscode)를 읽으세요.",
	"extension.liveshare.accessibility.accessibilityFeaturesEnabled.description": "Enables various accessibility features, such as audio cues about what is happening in the session.",
	"extension.liveshare.accessibility.outputDevice.description": "Output device to play audio in accessibility mode.",
	"extension.liveshare.accessibility.voiceVolume.description": "Controls the volume of voice audio in accessibility mode (between 0 and 100).",
	"extension.liveshare.accessibility.soundVolume.description": "Controls the volume of sound audio in accessibility mode (between 0 and 100).",
	"extension.liveshare.accessibility.speechRate.description": "Controls the rate of speech in accessibility mode.",
	"extension.liveshare.accessibility.voice.description": "The voice used for speech in accessibility mode.",
	"extension.liveshare.accessibility.voiceEnabled.description": "Enables spoken announcements about activity.",
	"extension.liveshare.accessibility.soundsEnabled.description": "Enables sound effects about activity.",
	"extension.liveshare.launcherClient.title": "Live Share URL을 클릭할 때 시작할 클라이언트를 지정합니다."
}