{
	"extension.liveshare.start.title": "Zusammenarbeitssitzung beginnen (Teilen)",
	"extension.liveshare.startPresentation.title": "Präsentationssitzung starten",
	"extension.liveshare.join.title": "Zusammenarbeitssitzung beitreten",
	"extension.liveshare.end.title": "Zusammenarbeitssitzung beenden",
	"extension.liveshare.searchContacts.title": "Kontakte durchsuchen",
	"extension.liveshare.removeInvitedContactFromFileTreeExplorer.title": "Eingeladenen Kontakt löschen",
	"extension.liveshare.removeInvitedContactFromActivityBar.title": "Eingeladenen Kontakt löschen",
	"extension.liveshare.presence.description": "Steuert, ob Ihre Präsenz anderen Benutzern angezeigt wird, und ermöglicht Einladungen zu Zusammenarbeitssitzungen im Tool.",
	"extension.liveshare.publishWorkspaceInfo.description": "Steuert, ob der aktuelle Arbeitsbereichsordner für andere Benutzer veröffentlicht wird.",
	"extension.liveshare.comments.description": "Hiermit wird gesteuert, ob Kommentare in Zusammenarbeitssitzungen zulässig sind.",
	"extension.liveshare.selectPresenceProvider.title": "Präsenz konfigurieren",
	"extension.liveshare.signInWithBrowser.title": "Mit Browser anmelden",
	"extension.liveshare.installRecovery.title": "Installation reparieren",
	"extension.liveshare.signInWithUserCode.title": "Mit Benutzercode anmelden",
	"extension.liveshare.signInPresence.title": "Offline",
	"extension.liveshare.signOut.title": "Abmelden",
	"extension.liveshare.signOutPresence.title": "Abmelden (Anwesenheit)",
	"extension.liveshare.leave.title": "Zusammenarbeitssitzung verlassen",
	"extension.liveshare.copyLink.title": "Zusammenarbeitslink kopieren",
	"extension.liveshare.joinDebug.title": "Debugsitzung beitreten",
	"extension.liveshare.showSharedServers.title": "Freigegebene Server anzeigen",
	"extension.liveshare.shareServer.title": "Server freigeben",
	"extension.liveshare.openServerInBrowser.title": "Server im Browser öffnen",
	"extension.liveshare.unshareServer.title": "Serverfreigabe aufheben",
	"extension.liveshare.copyServerURL.title": "Server-URL kopieren",
	"extension.liveshare.focusParticipants.title": "Teilnehmer hinzuziehen",
	"extension.liveshare.listParticipants.title": "Teilnehmer auflisten",
	"extension.liveshare.followParticipant.title": "Teilnehmer folgen",
	"extension.liveshare.followParticipantToSide.title": "Teilnehmer an der Seite folgen",
	"extension.liveshare.followToSide.title": "An der Seite folgen",
	"extension.liveshare.unfollowParticipant.title": "Teilnehmer nicht mehr folgen",
	"extension.liveshare.focusParticipant.title": "Focus Participant",
	"extension.liveshare.changePresenter.title": "Referenten ändern",
	"extension.liveshare.removeParticipant.title": "Teilnehmer entfernen",
	"extension.liveshare.blockParticipant.title": "Teilnehmer blockieren",
	"extension.liveshare.removeTerminal.title": "Terminal entfernen",
	"extension.liveshare.exportLogs.title": "Protokolle exportieren",
	"extension.liveshare.getCoeditingInformation.title": "Informationen zur gemeinsamen Bearbeitung abrufen",
	"extension.liveshare.shareTerminal.title": "Terminal freigeben",
	"extension.liveshare.showSharedTerminals.title": "Freigegebene Terminals anzeigen",
	"extension.liveshare.help.title": "Hilfe",
	"extension.liveshare.focusTerminal.title": "Fokus im Terminal",
	"extension.liveshare.makeReadWrite.title": "Lese-/Schreibzugriff gewähren",
	"extension.liveshare.makeReadOnly.title": "Schreibschutz aktivieren",
	"extension.liveshare.startReadOnlySession.title": "Schreibgeschützte Zusammenarbeitssitzung starten",
	"extension.liveshare.signIn.title": "Anmelden",
	"extension.liveshare.statusAvailable.title": "Status: verfügbar",
	"extension.liveshare.statusAway.title": "Status: Abwesend",
	"extension.liveshare.statusBusy.title": "Status: In Betrieb",
	"extension.liveshare.statusDoNotDisturb.title": "Status: Nicht stören",
	"extension.liveshare.statusInvisible.title": "Status: unsichtbar",
	"extension.liveshare.chatOpenSession.title": "Sitzungschat öffnen",
	"extension.liveshare.inviteContact.title": "Kontakt einladen",
	"extension.liveshare.inviteEmail.title": "Per E-Mail einladen",
	"extension.liveshare.remove.title": "Entfernen",
	"extension.liveshare.changeStatus.title": "Status ändern",
	"extension.liveshare.openChanges.title": "Änderungen öffnen",
	"extension.liveshare.openFile.title": "Datei öffnen",
	"extension.liveshare.discardChanges.title": "Änderungen verwerfen",
	"extension.liveshare.discardAllChanges.title": "Alle Änderungen verwerfen",
	"extension.liveshare.revertChange.title": "Änderung zurücksetzen",
	"extension.liveshare.sessionDetails.title": "Sitzungsdetails",
	"extension.liveshare.plannedSessions.title": "Geplante Sitzungen",
	"extension.liveshare.contacts.title": "Kontakte",
	"extension.liveshare.createlink.title": "Wiederverwendbaren Sitzungslink erstellen",
	"extension.liveshare.createPlannedSessionLink.title": "Neue geplante Sitzung",
	"extension.liveshare.deletePlannedSession.title": "Geplante Sitzung löschen",
	"extension.liveshare.renamePlannedSession.title": "Geplante Sitzung umbenennen",
	"extension.liveshare.copyPlannedSessionLink.title": "Link für geplante Sitzung kopieren",
	"extension.liveshare.joinPlannedSession.title": "Geplante Sitzung starten",
	"extension.liveshare.displayName.title": "Live Share",
	"extension.liveshare.description.title": "Entwicklung im Team und in Echtzeit mit Ihren bevorzugten Tools.",
	"extension.liveshare.liveShare.title": "Live Share",
	"extension.liveshare.liveShareConfiguration.title": "Visual Studio Live Share",
	"extension.liveshare.diagnosticLogging.title": "Aktiviert den Visual Studio Live Share-Ausgabekanal.",
	"extension.liveshare.diagnosticMode.title": "Aktiviert Diagnosebenachrichtigungen und -protokolle.",
	"extension.liveshare.anonymousGuestApproval.title": "Steuert den Umgang mit Beitrittsanforderungen von anonymen Gästen.",
	"extension.liveshare.diagnosticLoggingLevel.title": "Specifies the level of logging output from Visual Studio Live Share Extension",
	"extension.liveshare.accountProvider.title": "Der bevorzugte, bei Keychain registrierte Kontoanbieter, der für die Visual Studio Live Share-Anmeldung verwendet werden soll.",
	"extension.liveshare.authenticationProvider.title": "VS Code-Authentifizierungsanbieter (Vorschau)",
	"extension.liveshare.account.title": "Das bevorzugte, bei Keychain registrierte Konto, das für die Visual Studio Live Share-Anmeldung verwendet werden soll.",
	"extension.liveshare.connectionMode.title": "Der für die Zusammenarbeit verwendete Verbindungstyp. Im Standardmodus (automatisch) wird eine direkte Verbindung bevorzugt. Ist diese nicht möglich, kann auf die Cloudvermittlung zurückgegriffen werden.",
	"extension.liveshare.nameTagVisibility.title": "Steuert, wann anstelle des Cursors eines Teilnehmers dessen Namens-Tag angezeigt wird.",
	"extension.liveshare.guestApprovalRequired.title": "Steuert, ob der Host Anforderungen von Gästen ausdrücklich genehmigen muss, damit diese an Zusammenarbeitssitzungen teilnehmen können.",
	"extension.liveshare.shareExternalFiles.title": "Hiermit werden externe Dateien, die während einer Zusammenarbeitssitzung vom Host geöffnet werden, automatisch freigegeben.",
	"extension.liveshare.joinDebugSessionOption.title": "Steuert, wie der Teilnehmer an eingehenden freigegebenen Debugsitzungen teilnimmt.",
	"extension.liveshare.showInStatusBar.title": "Live Share-Statusleistenelemente ein- oder ausblenden.",
	"extension.liveshare.sharedTerminalWidth.title": "Breite des freigegebenen Terminalfensters in Zeichen.",
	"extension.liveshare.sharedTerminalHeight.title": "Höhe des freigegebenen Terminalfensters in Zeichen.",
	"extension.liveshare.features.markdownDescription": "Hiermit wird der Satz aktiver Features gesteuert. Durch Auswahl von \"insiders\" stimmen Sie den [Softwarelizenzbedingungen für Vorabversionen](https://aka.ms/vsls-license-preview) und den [Datenschutzbestimmungen](https://aka.ms/vsls-privacy). zu.",
	"extension.liveshare.keepAliveInterval.title": "Legt die Anzahl von Sekunden fest, die in einer Leerlaufsitzung abgewartet wird, bevor Keep-Alive-Nachrichten zum Ermitteln einer ungewöhnlichen Trennung der Netzwerkverbindung gesendet werden. Legen Sie diesen Wert auf -1 fest, um das Senden von Keep-Alive-Nachrichten zu deaktivieren.",
	"extension.liveshare.allowGuestTaskControl.title": "Hiermit erlauben Sie Gästen das Ausführen und Beenden von Arbeitsbereichstasks.",
	"extension.liveshare.allowGuestDebugControl.title": "Hiermit erlauben Sie Gästen das Starten und Beenden von Debugsitzungen.",
	"extension.liveshare.allowGuestCommandControl.title": "Hiermit erlauben Sie Gästen die Ausführung beliebiger Befehle über Codeaktionen (\"Schnellkorrekturen\") und CodeLens.",
	"extension.liveshare.allowGuestExecuteCells.title": "Gästen die Ausführung von Notebook-Zellen erlauben",
	"extension.liveshare.focusBehavior.title": "Legt die Reaktion auf Fokusanfragen von anderen Teilnehmern fest.",
	"extension.liveshare.alwaysFollowHost.title": "Stellt sicher, dass immer dem Gastgeber der Sitzung gefolgt wird.",
	"extension.liveshare.showReadOnlyUsersInEditor.title": "Steuert die Sichtbarkeit von Cursor und Hervorhebungen für Benutzer im Lesemodus.",
	"extension.liveshare.increasedGuestLimit.title": "Erhöht die Höchstzahl der Gäste von 5 auf 30.",
	"extension.liveshare.autoShareTerminals.title": "Steuert, ob Terminals automatisch für Gäste freigegeben werden (nur Lesen).",
	"extension.liveshare.codeLens.title": "Steuert, ob CodeLens zum Starten einer Zusammenarbeitssitzung angezeigt wird.",
	"extension.liveshare.showVerboseNotifications.title": "Steuert, ob ausführliche Benachrichtigungen angezeigt werden, z. B. wenn ein Gast einer Sitzung beitritt oder diese verlässt.",
	"extension.liveshare.populateGitCoAuthors.title": "Gibt an, wann Ihrer Git-Commitnachricht automatisch der Gast hinzugefügt wird (unter Verwendung des Git-Mitautor-Nachspanns).",
	"extension.liveshare.autoShareServers.title": "Steuert, ob Webserver automatisch freigegeben werden, wenn sie über das integrierte Terminal oder bekannte Erweiterungen gestartet werden.",
	"extension.liveshare.openSharedServers.title": "Steuert, ob freigegebene Server automatisch in Ihrem Standardbrowser geöffnet werden.",
	"extension.liveshare.properties.title": "Agenten-URI zur Verbindung mit den Live Share-Diensten",
	"extension.liveshare.joinedInfo.title": "Teilnahmeinfos",
	"extension.liveshare.localPath.title": "Lokaler Pfad des Arbeitsbereichs",
	"extension.liveshare.pipeName.title": "Pipename zur Anforderung von Hostdiensten",
	"extension.liveshare.adapterProxy.title": "Der Adapter-proxy",
	"extension.liveshare.taskDefinitionsProperties.title": "Die eindeutige ID des Remotetasks.",
	"extension.liveshare.taskDefinitionsExecId.title": "Die Ausführungs-ID signalisiert, dass der Task einem Überwachungsprozess zugeordnet ist. Wird keine Ausführungs-ID angegeben, handelt es sich um einen vom Benutzer ausgelösten Task.",
	"extension.liveshare.comments.createThread.title": "Kommentarthread erstellen",
	"extension.liveshare.comments.reply.title": "Antworten",
	"extension.liveshare.comments.editComment.title": "Bearbeiten",
	"extension.liveshare.comments.deleteComment.title": "Kommentar löschen",
	"extension.liveshare.comments.deleteThread.title": "Kommentarthread löschen",
	"extension.liveshare.comments.saveComment.title": "Speichern",
	"extension.liveshare.comments.cancelEditComment.title": "Abbrechen",
	"extension.liveshare.allowInvites.title": "Gibt an, von wem Sitzungseinladungen zugelassen werden sollen.",
	"extension.liveshare.viewsWelcome.contents": "Beginnen Sie damit, Code in Echtzeit mit anderen Personen zusammen zu bearbeiten und zu debuggen.\r\n\r\n[Freigabe](command:liveshare.startFromWelcomeContent)\r\n\r\nSie können auch eine [Freigabe mit Leseberechtigungen](command:liveshare.startReadOnlyFromWelcomeContent) durchführen und Sitzungen anderer Benutzer beitreten.\r\n\r\n[Beitritt](command:liveshare.joinFromWelcomeContent)\r\n\r\nWeitere Informationen zur Verwendung von Live Share [finden Sie in unserer Dokumentation](https://docs.microsoft.com/de-de/visualstudio/liveshare/use/vscode).",
	"extension.liveshare.accessibility.accessibilityFeaturesEnabled.description": "Enables various accessibility features, such as audio cues about what is happening in the session.",
	"extension.liveshare.accessibility.outputDevice.description": "Output device to play audio in accessibility mode.",
	"extension.liveshare.accessibility.voiceVolume.description": "Controls the volume of voice audio in accessibility mode (between 0 and 100).",
	"extension.liveshare.accessibility.soundVolume.description": "Controls the volume of sound audio in accessibility mode (between 0 and 100).",
	"extension.liveshare.accessibility.speechRate.description": "Controls the rate of speech in accessibility mode.",
	"extension.liveshare.accessibility.voice.description": "The voice used for speech in accessibility mode.",
	"extension.liveshare.accessibility.voiceEnabled.description": "Enables spoken announcements about activity.",
	"extension.liveshare.accessibility.soundsEnabled.description": "Enables sound effects about activity.",
	"extension.liveshare.launcherClient.title": "Gibt den Client an, der beim Klicken auf eine Live Share-URL gestartet werden soll."
}