{
	"extension.liveshare.start.title": "コラボレーション セッションを開始する (共有)",
	"extension.liveshare.startPresentation.title": "プレゼンテーション セッションの開始",
	"extension.liveshare.join.title": "コラボレーション セッションに参加する",
	"extension.liveshare.end.title": "コラボレーション セッションの停止",
	"extension.liveshare.searchContacts.title": "連絡先の検索",
	"extension.liveshare.removeInvitedContactFromFileTreeExplorer.title": "招待済み連絡先を削除",
	"extension.liveshare.removeInvitedContactFromActivityBar.title": "招待済み連絡先を削除",
	"extension.liveshare.presence.description": "自分の状態を他のユーザーに公開するかどうか、またコラボレーション セッションでツール内の招待を許可するかどうかを制御します",
	"extension.liveshare.publishWorkspaceInfo.description": "現在のワークスペース フォルダーを他のユーザーに公開するかどうかを制御します",
	"extension.liveshare.comments.description": "コラボレーション セッションでコメントを許可するかどうかを制御します",
	"extension.liveshare.selectPresenceProvider.title": "プレゼンスの構成",
	"extension.liveshare.signInWithBrowser.title": "ブラウザーでサインイン",
	"extension.liveshare.installRecovery.title": "インストールの修復",
	"extension.liveshare.signInWithUserCode.title": "ユーザー コードでサインイン",
	"extension.liveshare.signInPresence.title": "オフライン",
	"extension.liveshare.signOut.title": "サインアウト",
	"extension.liveshare.signOutPresence.title": "サインアウト (プレゼンス)",
	"extension.liveshare.leave.title": "コラボレーション セッションから退席する",
	"extension.liveshare.copyLink.title": "コラボレーション リンクをコピー",
	"extension.liveshare.joinDebug.title": "デバッグ セッションに参加",
	"extension.liveshare.showSharedServers.title": "共有サーバーの表示",
	"extension.liveshare.shareServer.title": "共有サーバー",
	"extension.liveshare.openServerInBrowser.title": "ブラウザーでサーバーを開く",
	"extension.liveshare.unshareServer.title": "サーバーの共有解除",
	"extension.liveshare.copyServerURL.title": "サーバー URL をコピー",
	"extension.liveshare.focusParticipants.title": "参加者へフォロー依頼",
	"extension.liveshare.listParticipants.title": "参加者の一覧表示",
	"extension.liveshare.followParticipant.title": "参加者をフォロー",
	"extension.liveshare.followParticipantToSide.title": "参加者をフォローを端に配置",
	"extension.liveshare.followToSide.title": "フォローを端に配置",
	"extension.liveshare.unfollowParticipant.title": "参加者のフォロー解除",
	"extension.liveshare.focusParticipant.title": "Focus Participant",
	"extension.liveshare.changePresenter.title": "プレゼンターの変更",
	"extension.liveshare.removeParticipant.title": "参加者の削除",
	"extension.liveshare.blockParticipant.title": "参加者をブロック",
	"extension.liveshare.removeTerminal.title": "ターミナルの削除",
	"extension.liveshare.exportLogs.title": "ログのエクスポート",
	"extension.liveshare.getCoeditingInformation.title": "共同編集情報の取得",
	"extension.liveshare.shareTerminal.title": "ターミナルの共有",
	"extension.liveshare.showSharedTerminals.title": "共有ターミナルの表示",
	"extension.liveshare.help.title": "ヘルプ",
	"extension.liveshare.focusTerminal.title": "ターミナルにフォーカス",
	"extension.liveshare.makeReadWrite.title": "読み取り/書き込みにする",
	"extension.liveshare.makeReadOnly.title": "読み取り専用にする",
	"extension.liveshare.startReadOnlySession.title": "読み取り専用コラボレーション セッションを開始",
	"extension.liveshare.signIn.title": "サインイン",
	"extension.liveshare.statusAvailable.title": "状態: 利用可能",
	"extension.liveshare.statusAway.title": "状態: 退席中",
	"extension.liveshare.statusBusy.title": "状態: ビジー",
	"extension.liveshare.statusDoNotDisturb.title": "状態: 応答不可",
	"extension.liveshare.statusInvisible.title": "状態: 非表示",
	"extension.liveshare.chatOpenSession.title": "セッション チャットを開く",
	"extension.liveshare.inviteContact.title": "連絡先の招待",
	"extension.liveshare.inviteEmail.title": "電子メールで招待",
	"extension.liveshare.remove.title": "削除",
	"extension.liveshare.changeStatus.title": "状態の変更",
	"extension.liveshare.openChanges.title": "変更を開く",
	"extension.liveshare.openFile.title": "ファイルを開く",
	"extension.liveshare.discardChanges.title": "変更を破棄",
	"extension.liveshare.discardAllChanges.title": "すべての変更を破棄",
	"extension.liveshare.revertChange.title": "変更を元に戻す",
	"extension.liveshare.sessionDetails.title": "セッションの詳細",
	"extension.liveshare.plannedSessions.title": "計画セッション",
	"extension.liveshare.contacts.title": "連絡先",
	"extension.liveshare.createlink.title": "再利用可能なセッション リンクの作成",
	"extension.liveshare.createPlannedSessionLink.title": "新しい計画セッション",
	"extension.liveshare.deletePlannedSession.title": "計画セッションの削除",
	"extension.liveshare.renamePlannedSession.title": "計画セッションの名前変更",
	"extension.liveshare.copyPlannedSessionLink.title": "計画セッション リンクのコピー",
	"extension.liveshare.joinPlannedSession.title": "計画セッションの開始",
	"extension.liveshare.displayName.title": "Live Share",
	"extension.liveshare.description.title": "お気に入りのツールを使用したリアルタイムの共同開発。",
	"extension.liveshare.liveShare.title": "Live Share",
	"extension.liveshare.liveShareConfiguration.title": "Visual Studio Live Share",
	"extension.liveshare.diagnosticLogging.title": "Visual Studio Live Share の出力チャネルを有効にします。",
	"extension.liveshare.diagnosticMode.title": "診断の通知とログを有効にします。",
	"extension.liveshare.anonymousGuestApproval.title": "匿名ゲストからの参加要求の処理方法を制御します。",
	"extension.liveshare.diagnosticLoggingLevel.title": "Specifies the level of logging output from Visual Studio Live Share Extension",
	"extension.liveshare.accountProvider.title": "Visual Studio Live Share サインインに使用するためにキーチェーンで登録された優先アカウント プロバイダー。",
	"extension.liveshare.authenticationProvider.title": "VS Code 認証プロバイダー (プレビュー)",
	"extension.liveshare.account.title": "Visual Studio Live Share サインインに使用するためにキーチェーンで登録された優先アカウント。",
	"extension.liveshare.connectionMode.title": "コラボレーションに使用する接続の種類。既定 (自動) モードでは直接接続が優先されますが、直接接続が失敗するとクラウド リレーにフォールバックされることがあります。",
	"extension.liveshare.nameTagVisibility.title": "カーソルだけではなく参加者の名前タグを表示するタイミングを制御します。",
	"extension.liveshare.guestApprovalRequired.title": "ゲストのコラボレーション セッションへの参加要求をホストが明示的に承認する必要があるかどうかを制御します。",
	"extension.liveshare.shareExternalFiles.title": "コラボレーション セッション中にホストが開いた外部ファイルを自動的に共有します。",
	"extension.liveshare.joinDebugSessionOption.title": "参加者が受信共有デバッグ セッションに参加する方法を制御します。",
	"extension.liveshare.showInStatusBar.title": "Live Share ステータス バーの項目を表示または非表示にします。",
	"extension.liveshare.sharedTerminalWidth.title": "共有ターミナル ウィンドウの幅 (文字数)。",
	"extension.liveshare.sharedTerminalHeight.title": "共有ターミナル ウィンドウの高さ (文字数)。",
	"extension.liveshare.features.markdownDescription": "アクティブな機能のセットを制御します。[insiders] を選択すると、[プレリリース ソフトウェア ライセンス条項](https://aka.ms/vsls-license-preview)および[プライバシーに関する声明](https://aka.ms/vsls-privacy)に同意したものと見なされます。",
	"extension.liveshare.keepAliveInterval.title": "アイドル セッションで keep-alive メッセージを送信するまでに待機する秒数を設定します。これは、異常なネットワーク切断を検出するために使用されます。keep-alive メッセージの送信を無効にする場合は、-1 に設定します。",
	"extension.liveshare.allowGuestTaskControl.title": "ゲストにワークスペース タスクの実行と終了を許可します。",
	"extension.liveshare.allowGuestDebugControl.title": "デバッグ セッションの開始と停止をゲストに許可します。",
	"extension.liveshare.allowGuestCommandControl.title": "コード アクション (\"クイック修正\") と CodeLens による任意のコマンド実行をゲストに許可します",
	"extension.liveshare.allowGuestExecuteCells.title": "ゲストによるノートブック セルの実行を許可する",
	"extension.liveshare.focusBehavior.title": "他の参加者からのフォーカス要求への応答方法を指定します。",
	"extension.liveshare.alwaysFollowHost.title": "セッションのホストが常にフォローされていることを確認します。",
	"extension.liveshare.showReadOnlyUsersInEditor.title": "読み取り専用ユーザーについて、カーソルを表示するかどうかと、強調表示を制御します。",
	"extension.liveshare.increasedGuestLimit.title": "ゲストの制限数を 5 から 30 に増やします。",
	"extension.liveshare.autoShareTerminals.title": "ターミナルがゲストと自動的に共有されるかどうかを制御します (読み取り専用)。",
	"extension.liveshare.codeLens.title": "コラボレーション セッションを開始するときに CodeLens を表示するかどうかを制御します。",
	"extension.liveshare.showVerboseNotifications.title": "ゲストのセッションの参加時や退席時など、詳細な通知を表示するかどうかを制御します。",
	"extension.liveshare.populateGitCoAuthors.title": "ゲスト属性を使用して Git コミット メッセージを自動的設定するタイミングを指定します (Git-co-author トレーラーを使用します)。",
	"extension.liveshare.autoShareServers.title": "統合ターミナルまたは既知の拡張機能から開始される場合に Web サーバーを自動的に共有するかどうかを制御します。",
	"extension.liveshare.openSharedServers.title": "共有サーバーを既定のブラウザーで自動的に開くかどうかを制御します。",
	"extension.liveshare.properties.title": "Live Share サービスに接続するためのエージェント URI",
	"extension.liveshare.joinedInfo.title": "参加情報",
	"extension.liveshare.localPath.title": "ワークスペースのローカル パス",
	"extension.liveshare.pipeName.title": "ホスト サービスを要求するパイプ名",
	"extension.liveshare.adapterProxy.title": "アダプター プロキシ",
	"extension.liveshare.taskDefinitionsProperties.title": "リモート タスクの一意の ID。",
	"extension.liveshare.taskDefinitionsExecId.title": "実行 ID は、タスクが監視プロセスに関連付けられていることを示します。実行 ID を指定しない場合、これはユーザーによってトリガーされるタスクになります。",
	"extension.liveshare.comments.createThread.title": "コメント スレッドの作成",
	"extension.liveshare.comments.reply.title": "返信",
	"extension.liveshare.comments.editComment.title": "編集",
	"extension.liveshare.comments.deleteComment.title": "コメントの削除",
	"extension.liveshare.comments.deleteThread.title": "コメント スレッドの削除",
	"extension.liveshare.comments.saveComment.title": "保存",
	"extension.liveshare.comments.cancelEditComment.title": "キャンセル",
	"extension.liveshare.allowInvites.title": "セッションの招待を許可するユーザーを指定する。",
	"extension.liveshare.viewsWelcome.contents": "他のユーザーとのリアルタイムでの共同編集やデバッグを開始します。\r\n\r\n[共有](command:liveshare.startFromWelcomeContent)\r\n\r\n[読み取り専用のアクセス許可で共有](command:liveshare.startReadOnlyFromWelcomeContent)して、他のセッションに参加することもできます。\r\n\r\n[参加](command:liveshare.joinFromWelcomeContent)\r\n\r\nLive Share の使用方法の詳細については、[ドキュメントを参照](https://docs.microsoft.com/ja-jp/visualstudio/liveshare/use/vscode)してください。",
	"extension.liveshare.accessibility.accessibilityFeaturesEnabled.description": "Enables various accessibility features, such as audio cues about what is happening in the session.",
	"extension.liveshare.accessibility.outputDevice.description": "Output device to play audio in accessibility mode.",
	"extension.liveshare.accessibility.voiceVolume.description": "Controls the volume of voice audio in accessibility mode (between 0 and 100).",
	"extension.liveshare.accessibility.soundVolume.description": "Controls the volume of sound audio in accessibility mode (between 0 and 100).",
	"extension.liveshare.accessibility.speechRate.description": "Controls the rate of speech in accessibility mode.",
	"extension.liveshare.accessibility.voice.description": "The voice used for speech in accessibility mode.",
	"extension.liveshare.accessibility.voiceEnabled.description": "Enables spoken announcements about activity.",
	"extension.liveshare.accessibility.soundsEnabled.description": "Enables sound effects about activity.",
	"extension.liveshare.launcherClient.title": "Live Share URL をクリックしたときに起動するクライアントを指定します。"
}