{
	"extension.liveshare.start.title": "Zahájit relaci spolupráce (sdílet)",
	"extension.liveshare.startPresentation.title": "Zahájit relaci prezentace",
	"extension.liveshare.join.title": "Připojit se k relaci spolupráce",
	"extension.liveshare.end.title": "Ukončit relaci spolupráce",
	"extension.liveshare.searchContacts.title": "Hledat kontakty",
	"extension.liveshare.removeInvitedContactFromFileTreeExplorer.title": "Odebrat pozvaný kontakt",
	"extension.liveshare.removeInvitedContactFromActivityBar.title": "Odebrat pozvaný kontakt",
	"extension.liveshare.presence.description": "Určuje, jestli se informace o vašem stavu mají publikovat pro ostatní uživatele a jestli jsou v nástroji povolené pozvánky na relace spolupráce.",
	"extension.liveshare.publishWorkspaceInfo.description": "Určuje, jestli se má aktuální složka pracovního prostoru publikovat pro ostatní uživatele.",
	"extension.liveshare.comments.description": "Určuje, jestli se mají v relacích spolupráce povolit komentáře.",
	"extension.liveshare.selectPresenceProvider.title": "Konfigurovat stav",
	"extension.liveshare.signInWithBrowser.title": "Přihlásit se pomocí prohlížeče",
	"extension.liveshare.installRecovery.title": "Opravit instalaci",
	"extension.liveshare.signInWithUserCode.title": "Přihlásit se pomocí uživatelského kódu",
	"extension.liveshare.signInPresence.title": "Offline",
	"extension.liveshare.signOut.title": "Odhlásit",
	"extension.liveshare.signOutPresence.title": "Odhlásit (přítomnost)",
	"extension.liveshare.leave.title": "Opustit relaci spolupráce",
	"extension.liveshare.copyLink.title": "Zkopírovat odkaz pro spolupráci",
	"extension.liveshare.joinDebug.title": "Připojit se k ladicí relaci",
	"extension.liveshare.showSharedServers.title": "Zobrazit sdílené servery",
	"extension.liveshare.shareServer.title": "Server pro sdílení",
	"extension.liveshare.openServerInBrowser.title": "Otevřít server v prohlížeči",
	"extension.liveshare.unshareServer.title": "Zrušit sdílení serveru",
	"extension.liveshare.copyServerURL.title": "Kopírovat adresu URL serveru",
	"extension.liveshare.focusParticipants.title": "Upozornění účastníků",
	"extension.liveshare.listParticipants.title": "Seznam účastníků",
	"extension.liveshare.followParticipant.title": "Sledovat účastníka",
	"extension.liveshare.followParticipantToSide.title": "Sledovat účastníka po straně",
	"extension.liveshare.followToSide.title": "Sledovat po straně",
	"extension.liveshare.unfollowParticipant.title": "Přestat sledovat účastníka",
	"extension.liveshare.focusParticipant.title": "Focus Participant",
	"extension.liveshare.changePresenter.title": "Změnit prezentujícího",
	"extension.liveshare.removeParticipant.title": "Odebrat účastníka",
	"extension.liveshare.blockParticipant.title": "Zablokovat účastníka",
	"extension.liveshare.removeTerminal.title": "Odebrat terminál",
	"extension.liveshare.exportLogs.title": "Exportovat protokoly",
	"extension.liveshare.getCoeditingInformation.title": "Získat informace o společných úpravách",
	"extension.liveshare.shareTerminal.title": "Sdílet terminál",
	"extension.liveshare.showSharedTerminals.title": "Zobrazit sdílené terminály",
	"extension.liveshare.help.title": "Nápověda",
	"extension.liveshare.focusTerminal.title": "Přepnout na terminál",
	"extension.liveshare.makeReadWrite.title": "Nastavit pro čtení a zápis",
	"extension.liveshare.makeReadOnly.title": "Nastavit jen pro čtení",
	"extension.liveshare.startReadOnlySession.title": "Zahájit relaci spolupráce jen pro čtení",
	"extension.liveshare.signIn.title": "Přihlásit se",
	"extension.liveshare.statusAvailable.title": "Stav: Online",
	"extension.liveshare.statusAway.title": "Stav: Pryč",
	"extension.liveshare.statusBusy.title": "Stav: Nemám čas",
	"extension.liveshare.statusDoNotDisturb.title": "Stav: Nerušit",
	"extension.liveshare.statusInvisible.title": "Stav: Neviditelný",
	"extension.liveshare.chatOpenSession.title": "Otevřít chat relace",
	"extension.liveshare.inviteContact.title": "Pozvat kontakt",
	"extension.liveshare.inviteEmail.title": "Pozvat e-mailem",
	"extension.liveshare.remove.title": "Odebrat",
	"extension.liveshare.changeStatus.title": "Změnit stav",
	"extension.liveshare.openChanges.title": "Otevřené změny",
	"extension.liveshare.openFile.title": "Otevřít soubor",
	"extension.liveshare.discardChanges.title": "Zahodit změny",
	"extension.liveshare.discardAllChanges.title": "Zahodit všechny změny",
	"extension.liveshare.revertChange.title": "Vrátit změnu",
	"extension.liveshare.sessionDetails.title": "Podrobnosti relace",
	"extension.liveshare.plannedSessions.title": "Plánované relace",
	"extension.liveshare.contacts.title": "Kontakty",
	"extension.liveshare.createlink.title": "Vytvořit opakovaně použitelný odkaz na relaci",
	"extension.liveshare.createPlannedSessionLink.title": "Nová plánovaná relace",
	"extension.liveshare.deletePlannedSession.title": "Odstranit plánovanou relaci",
	"extension.liveshare.renamePlannedSession.title": "Přejmenovat plánovanou relaci",
	"extension.liveshare.copyPlannedSessionLink.title": "Zkopírovat odkaz na plánovanou relaci",
	"extension.liveshare.joinPlannedSession.title": "Zahájit plánovanou relaci",
	"extension.liveshare.displayName.title": "Live Share",
	"extension.liveshare.description.title": "Vývoj se vzájemnou spoluprací v reálném čase z pohodlí vašich oblíbených nástrojů",
	"extension.liveshare.liveShare.title": "Live Share",
	"extension.liveshare.liveShareConfiguration.title": "Visual Studio Live Share",
	"extension.liveshare.diagnosticLogging.title": "Povolí výstupní kanál Visual Studio Live Share.",
	"extension.liveshare.diagnosticMode.title": "Povolí diagnostická upozornění a protokoly.",
	"extension.liveshare.anonymousGuestApproval.title": "Určuje způsob zpracování žádostí o připojení od anonymních hostů.",
	"extension.liveshare.diagnosticLoggingLevel.title": "Specifies the level of logging output from Visual Studio Live Share Extension",
	"extension.liveshare.accountProvider.title": "Upřednostňovaný poskytovatel účtu zaregistrovaný pomocí klíčenky, který se použije k přihlašování rozšíření Visual Studio Live Share",
	"extension.liveshare.authenticationProvider.title": "Zprostředkovatel ověřování VS Code (Preview)",
	"extension.liveshare.account.title": "Upřednostňovaný účet zaregistrovaný pomocí klíčenky, který se použije k přihlašování rozšíření Visual Studio Live Share",
	"extension.liveshare.connectionMode.title": "Typ připojení, které se používá pro spolupráci; výchozí (automatický) režim upřednostňuje přímé připojení, ale pokud přímé připojení selhalo, může se jako náhrada použít cloud.",
	"extension.liveshare.nameTagVisibility.title": "Určuje, kdy se má místo pouhého kurzoru účastníka zobrazit jeho jmenovka.",
	"extension.liveshare.guestApprovalRequired.title": "Určuje, jestli hostitel musí výslovně schválit žádosti hostů o připojení k relacím spolupráce.",
	"extension.liveshare.shareExternalFiles.title": "Automaticky sdílet externí soubory otevřené hostitelem během relace spolupráce",
	"extension.liveshare.joinDebugSessionOption.title": "Určuje, jak se bude účastník připojovat k příchozím sdíleným ladicím relacím.",
	"extension.liveshare.showInStatusBar.title": "Umožňuje zobrazit nebo skrýt položky na stavovém řádku rozšíření Live Share.",
	"extension.liveshare.sharedTerminalWidth.title": "Šířka okna sdíleného terminálu ve znacích",
	"extension.liveshare.sharedTerminalHeight.title": "Výška okna sdíleného terminálu ve znacích",
	"extension.liveshare.features.markdownDescription": "Controls set of active features. By selecting `insiders`, you agree to the [Pre-Release Software License Terms](https://aka.ms/vsls-license-preview) and [Privacy Statement](https://aka.ms/vsls-privacy).",
	"extension.liveshare.keepAliveInterval.title": "Nastaví počet sekund čekání před odesláním zpráv keep-alive v nečinné relaci, které se používá se k detekci neobvyklého odpojení sítě. Pokud chcete zakázat odesílání zpráv keep-alive, nastavte hodnotu -1.",
	"extension.liveshare.allowGuestTaskControl.title": "Povolit hostům spouštět a ukončovat úkoly v pracovním prostoru",
	"extension.liveshare.allowGuestDebugControl.title": "Povolí hostům spouštět a zastavovat ladicí relace.",
	"extension.liveshare.allowGuestCommandControl.title": "Povolit hostům spouštět libovolné příkazy prostřednictvím akcí kódu (rychlých oprav) a funkce CodeLens",
	"extension.liveshare.allowGuestExecuteCells.title": "Povolit hostům spouštět buňky poznámkového bloku",
	"extension.liveshare.focusBehavior.title": "Určuje, jak se má reagovat na žádosti o fokus od jiných účastníků.",
	"extension.liveshare.alwaysFollowHost.title": "Zajišťuje stálé sledování hostitele relace",
	"extension.liveshare.showReadOnlyUsersInEditor.title": "Určuje viditelnost kurzoru a zvýraznění pro uživatele s přístupem jen pro čtení.",
	"extension.liveshare.increasedGuestLimit.title": "Zvýší limit pro hosty z 5 na 30.",
	"extension.liveshare.autoShareTerminals.title": "Určuje, jestli se terminály automaticky sdílejí s hosty (jen pro čtení).",
	"extension.liveshare.codeLens.title": "Určuje, jestli se má pro zahájení relace spolupráce zobrazit CodeLens.",
	"extension.liveshare.showVerboseNotifications.title": "Určuje, jestli se mají zobrazovat podrobná oznámení, například když se host připojí k relaci spolupráce nebo ji opustí.",
	"extension.liveshare.populateGitCoAuthors.title": "Určuje, kdy se má do zprávy potvrzení pro Git automaticky doplnit poděkování hostovi (pomocí přípony Git o spoluautorství).",
	"extension.liveshare.autoShareServers.title": "Určuje, jestli se webové servery automaticky sdílejí při spuštění z integrovaného terminálu nebo dobře známých rozšíření.",
	"extension.liveshare.openSharedServers.title": "Určuje, jestli se mají sdílené servery automaticky otevřít ve výchozím prohlížeči.",
	"extension.liveshare.properties.title": "Identifikátor URI agenta pro připojení ke službám Live Share",
	"extension.liveshare.joinedInfo.title": "Informace o připojení",
	"extension.liveshare.localPath.title": "Místní cesta pracovního prostoru",
	"extension.liveshare.pipeName.title": "Název kanálu pro žádost o služby hostitele",
	"extension.liveshare.adapterProxy.title": "Proxy adaptéru",
	"extension.liveshare.taskDefinitionsProperties.title": "Jedinečné ID vzdálené úlohy",
	"extension.liveshare.taskDefinitionsExecId.title": "ID spuštění indikuje, že úloha je spojená s procesem monitorování. Pokud není uvedené žádné ID spuštění, jedná se o úlohu vyvolanou uživatelem.",
	"extension.liveshare.comments.createThread.title": "Vytvořit vlákno komentáře",
	"extension.liveshare.comments.reply.title": "Odpovědět",
	"extension.liveshare.comments.editComment.title": "Upravit",
	"extension.liveshare.comments.deleteComment.title": "Odstranit komentář",
	"extension.liveshare.comments.deleteThread.title": "Odstranit vlákno komentáře",
	"extension.liveshare.comments.saveComment.title": "Uložit",
	"extension.liveshare.comments.cancelEditComment.title": "Zrušit",
	"extension.liveshare.allowInvites.title": "Určuje, kdo může posílat pozvánky do relace",
	"extension.liveshare.viewsWelcome.contents": "Začněte spolupracovat na úpravách a ladění s ostatními uživateli v reálném čase.\r\n\r\n[Sdílení](command:liveshare.startFromWelcomeContent)\r\n\r\nKromě toho můžete [sdílet s oprávněními jen pro čtení](command:liveshare.startReadOnlyFromWelcomeContent) a připojit se k relacím jiných uživatelů.\r\n\r\n[Připojení](command:liveshare.joinFromWelcomeContent)\r\n\r\nInformace, jak používat Live Share, [najdete v naší dokumentaci](https://docs.microsoft.com/cs-cz/visualstudio/liveshare/use/vscode).",
	"extension.liveshare.accessibility.accessibilityFeaturesEnabled.description": "Enables various accessibility features, such as audio cues about what is happening in the session.",
	"extension.liveshare.accessibility.outputDevice.description": "Output device to play audio in accessibility mode.",
	"extension.liveshare.accessibility.voiceVolume.description": "Controls the volume of voice audio in accessibility mode (between 0 and 100).",
	"extension.liveshare.accessibility.soundVolume.description": "Controls the volume of sound audio in accessibility mode (between 0 and 100).",
	"extension.liveshare.accessibility.speechRate.description": "Controls the rate of speech in accessibility mode.",
	"extension.liveshare.accessibility.voice.description": "The voice used for speech in accessibility mode.",
	"extension.liveshare.accessibility.voiceEnabled.description": "Enables spoken announcements about activity.",
	"extension.liveshare.accessibility.soundsEnabled.description": "Enables sound effects about activity.",
	"extension.liveshare.launcherClient.title": "Určuje klienta, který se má spustit při kliknutí na adresu URL Live Share."
}