{
	"extension.liveshare.start.title": "Démarrer la session de collaboration (partager)",
	"extension.liveshare.startPresentation.title": "Démarrer la session de présentation",
	"extension.liveshare.join.title": "Rejoindre la session de collaboration",
	"extension.liveshare.end.title": "Arrêter la session de collaboration",
	"extension.liveshare.searchContacts.title": "Rechercher dans les contacts",
	"extension.liveshare.removeInvitedContactFromFileTreeExplorer.title": "Supprimer le contact invité",
	"extension.liveshare.removeInvitedContactFromActivityBar.title": "Supprimer le contact invité",
	"extension.liveshare.presence.description": "Contrôle s'il faut publier votre présence pour les autres utilisateurs et autoriser les invitations dans l'outil pour les sessions de collaboration",
	"extension.liveshare.publishWorkspaceInfo.description": "Contrôle si votre dossier d'espace de travail actuel doit être publié ou non pour d'autres utilisateurs",
	"extension.liveshare.comments.description": "Contrôle si les commentaires sont autorisés dans les sessions de collaboration",
	"extension.liveshare.selectPresenceProvider.title": "Configurer la présence",
	"extension.liveshare.signInWithBrowser.title": "Se connecter avec un navigateur",
	"extension.liveshare.installRecovery.title": "Réparer l'installation",
	"extension.liveshare.signInWithUserCode.title": "Se connecter avec un code utilisateur",
	"extension.liveshare.signInPresence.title": "Hors connexion",
	"extension.liveshare.signOut.title": "Se déconnecter",
	"extension.liveshare.signOutPresence.title": "Se déconnecter (présence)",
	"extension.liveshare.leave.title": "Quitter la session de collaboration",
	"extension.liveshare.copyLink.title": "Copier le lien de collaboration",
	"extension.liveshare.joinDebug.title": "Rejoindre la session de débogage",
	"extension.liveshare.showSharedServers.title": "Afficher les serveurs partagés",
	"extension.liveshare.shareServer.title": "Partager le serveur",
	"extension.liveshare.openServerInBrowser.title": "Ouvrir le serveur dans un navigateur",
	"extension.liveshare.unshareServer.title": "Annuler le partage du serveur",
	"extension.liveshare.copyServerURL.title": "Copier l'URL du serveur",
	"extension.liveshare.focusParticipants.title": "Focus des participants",
	"extension.liveshare.listParticipants.title": "Lister les participants",
	"extension.liveshare.followParticipant.title": "Suivre le participant",
	"extension.liveshare.followParticipantToSide.title": "Suivre le participant sur le côté",
	"extension.liveshare.followToSide.title": "Suivre sur le côté",
	"extension.liveshare.unfollowParticipant.title": "Ne plus suivre le participant",
	"extension.liveshare.focusParticipant.title": "Focus Participant",
	"extension.liveshare.changePresenter.title": "Changer de présentateur",
	"extension.liveshare.removeParticipant.title": "Supprimer le participant",
	"extension.liveshare.blockParticipant.title": "Bloquer le participant",
	"extension.liveshare.removeTerminal.title": "Supprimer le terminal",
	"extension.liveshare.exportLogs.title": "Exporter les journaux",
	"extension.liveshare.getCoeditingInformation.title": "Obtenir les informations de travail en mode collaboratif",
	"extension.liveshare.shareTerminal.title": "Partager le terminal",
	"extension.liveshare.showSharedTerminals.title": "Afficher les terminaux partagés",
	"extension.liveshare.help.title": "Aide",
	"extension.liveshare.focusTerminal.title": "Focus sur le terminal",
	"extension.liveshare.makeReadWrite.title": "Définir en lecture/écriture",
	"extension.liveshare.makeReadOnly.title": "Définir en lecture seule",
	"extension.liveshare.startReadOnlySession.title": "Démarrer une session de collaboration en lecture seule",
	"extension.liveshare.signIn.title": "Se connecter",
	"extension.liveshare.statusAvailable.title": "État : Disponible",
	"extension.liveshare.statusAway.title": "État : Absent",
	"extension.liveshare.statusBusy.title": "État : Occupé",
	"extension.liveshare.statusDoNotDisturb.title": "État : Ne pas déranger",
	"extension.liveshare.statusInvisible.title": "État : Invisible",
	"extension.liveshare.chatOpenSession.title": "Ouvrir la conversation de session",
	"extension.liveshare.inviteContact.title": "Inviter un contact",
	"extension.liveshare.inviteEmail.title": "Inviter par e-mail",
	"extension.liveshare.remove.title": "Supprimer",
	"extension.liveshare.changeStatus.title": "Changer l'état",
	"extension.liveshare.openChanges.title": "Ouvrir les modifications",
	"extension.liveshare.openFile.title": "Ouvrir un fichier",
	"extension.liveshare.discardChanges.title": "Ignorer les modifications",
	"extension.liveshare.discardAllChanges.title": "Ignorer toutes les modifications",
	"extension.liveshare.revertChange.title": "Restaurer la modification",
	"extension.liveshare.sessionDetails.title": "Détails de la session",
	"extension.liveshare.plannedSessions.title": "Sessions planifiées",
	"extension.liveshare.contacts.title": "Contacts",
	"extension.liveshare.createlink.title": "Créer un lien de session réutilisable",
	"extension.liveshare.createPlannedSessionLink.title": "Nouvelle session planifiée",
	"extension.liveshare.deletePlannedSession.title": "Supprimer une session planifiée",
	"extension.liveshare.renamePlannedSession.title": "Renommer une session planifiée",
	"extension.liveshare.copyPlannedSessionLink.title": "Copier le lien de session planifiée",
	"extension.liveshare.joinPlannedSession.title": "Démarrer une session planifiée",
	"extension.liveshare.displayName.title": "Live Share",
	"extension.liveshare.description.title": "Développement collaboratif en temps réel avec vos outils préférés.",
	"extension.liveshare.liveShare.title": "Live Share",
	"extension.liveshare.liveShareConfiguration.title": "Visual Studio Live Share",
	"extension.liveshare.diagnosticLogging.title": "Active le canal de sortie de Visual Studio Live Share.",
	"extension.liveshare.diagnosticMode.title": "Active les notifications et les journaux de diagnostic.",
	"extension.liveshare.anonymousGuestApproval.title": "Contrôle le mode de traitement des demandes émanant d'invités anonymes pour rejoindre une session.",
	"extension.liveshare.diagnosticLoggingLevel.title": "Specifies the level of logging output from Visual Studio Live Share Extension",
	"extension.liveshare.accountProvider.title": "Fournisseur de compte par défaut inscrit dans le trousseau à utiliser pour la connexion à Visual Studio Live Share.",
	"extension.liveshare.authenticationProvider.title": "Fournisseur d'authentification VS Code (préversion)",
	"extension.liveshare.account.title": "Compte par défaut inscrit dans le trousseau à utiliser pour la connexion à Visual Studio Live Share.",
	"extension.liveshare.connectionMode.title": "Type de connexion utilisé pour la collaboration. Le mode par défaut (auto) privilégie une connexion directe, mais peut passer à un relais cloud en cas d'échec de la connexion directe.",
	"extension.liveshare.nameTagVisibility.title": "Contrôle s'il faut afficher l'étiquette de nom d'un participant au lieu de son curseur uniquement.",
	"extension.liveshare.guestApprovalRequired.title": "Contrôle si l'hôte doit explicitement approuver les demandes d'invités pour rejoindre les sessions de collaboration.",
	"extension.liveshare.shareExternalFiles.title": "Partagez automatiquement les fichiers externes ouverts par l'hôte pendant une session de collaboration.",
	"extension.liveshare.joinDebugSessionOption.title": "Contrôle le mode d'accès du participant aux sessions de débogage partagées entrantes.",
	"extension.liveshare.showInStatusBar.title": "Affichez ou masquez des éléments de la barre d'état de Live Share.",
	"extension.liveshare.sharedTerminalWidth.title": "Largeur de la fenêtre du terminal partagé (caractères).",
	"extension.liveshare.sharedTerminalHeight.title": "Hauteur de la fenêtre du terminal partagé (caractères).",
	"extension.liveshare.features.markdownDescription": "Contrôle l'ensemble des fonctionnalités actives. En sélectionnant « insiders », vous acceptez les [termes du contrat de licence logiciel en préversion](https://aka.ms/vsls-license-preview) et la [déclaration de confidentialité](https://aka.ms/vsls-privacy).",
	"extension.liveshare.keepAliveInterval.title": "Définit le nombre de secondes à attendre avant d'envoyer des messages de connexion persistante dans une session inactive. Permet de détecter une déconnexion réseau anormale. Affectez la valeur -1 pour désactiver l'envoi de messages de connexion persistante.",
	"extension.liveshare.allowGuestTaskControl.title": "Autorisez les invités à exécuter et arrêter des tâches d'espace de travail.",
	"extension.liveshare.allowGuestDebugControl.title": "Autorisez les invités à démarrer et arrêter les sessions de débogage.",
	"extension.liveshare.allowGuestCommandControl.title": "Autoriser les invités à exécuter des commandes arbitraires via des actions de code (\"Correctifs rapides\") et CodeLens",
	"extension.liveshare.allowGuestExecuteCells.title": "Autoriser les invités à exécuter des cellules de notebook",
	"extension.liveshare.focusBehavior.title": "Spécifie comment répondre aux demandes de focus des autres participants.",
	"extension.liveshare.alwaysFollowHost.title": "Vérifie que l'hôte de la session est toujours suivi.",
	"extension.liveshare.showReadOnlyUsersInEditor.title": "Contrôle la visibilité du curseur et des mises en surbrillance pour les utilisateurs en lecture seule.",
	"extension.liveshare.increasedGuestLimit.title": "Augmente la limite des invités de 5 à 30.",
	"extension.liveshare.autoShareTerminals.title": "Contrôle si les terminaux sont automatiquement partagés avec les invités (en lecture seule).",
	"extension.liveshare.codeLens.title": "Contrôle s'il faut afficher CodeLens pour démarrer une session de collaboration.",
	"extension.liveshare.showVerboseNotifications.title": "Contrôle s'il faut afficher les notifications détaillées, par exemple, quand un invité rejoint et quitte une session.",
	"extension.liveshare.populateGitCoAuthors.title": "Spécifie quand remplir automatiquement votre message de commit Git avec une attribution d'invité (à l'aide de l'amorce de fin de co-édition Git).",
	"extension.liveshare.autoShareServers.title": "Contrôle si les serveurs web sont automatiquement partagés quand ils sont démarrés à partir du terminal intégré ou d'extensions connues.",
	"extension.liveshare.openSharedServers.title": "Détermine si les serveurs partagés doivent être ouverts automatiquement dans votre navigateur par défaut.",
	"extension.liveshare.properties.title": "URI de l'agent pour se connecter aux services Live Share",
	"extension.liveshare.joinedInfo.title": "Informations d'accès à la session",
	"extension.liveshare.localPath.title": "Chemin local de l'espace de travail",
	"extension.liveshare.pipeName.title": "Nom du canal pour demander des services hôtes",
	"extension.liveshare.adapterProxy.title": "Proxy de l'adaptateur",
	"extension.liveshare.taskDefinitionsProperties.title": "ID unique de la tâche à distance.",
	"extension.liveshare.taskDefinitionsExecId.title": "L'ID d'exécution indique que la tâche est associée à un processus de supervision. Si aucun ID d'exécution n'est spécifié, la tâche est déclenchée par l'utilisateur.",
	"extension.liveshare.comments.createThread.title": "Créer un thread de commentaires",
	"extension.liveshare.comments.reply.title": "Répondre",
	"extension.liveshare.comments.editComment.title": "Modifier",
	"extension.liveshare.comments.deleteComment.title": "Supprimer le commentaire",
	"extension.liveshare.comments.deleteThread.title": "Supprimer un thread de commentaires",
	"extension.liveshare.comments.saveComment.title": "Enregistrer",
	"extension.liveshare.comments.cancelEditComment.title": "Annuler",
	"extension.liveshare.allowInvites.title": "Spécifie qui autorise les invitations à la session.",
	"extension.liveshare.viewsWelcome.contents": "Démarrez les modifications et le débogage en mode collaboratif avec d'autres personnes en temps réel.\r\n\r\n[Partager](command:liveshare.startFromWelcomeContent)\r\n\r\nVous pouvez également [partager l'accès en lecture seule](command:liveshare.startReadOnlyFromWelcomeContent) et rejoindre les sessions d'autres utilisateurs.\r\n\r\n[Rejoindre](command:liveshare.joinFromWelcomeContent)\r\n\r\nPour en savoir plus sur l'utilisation de Live Share, [lisez notre documentation](https://docs.microsoft.com/fr-fr/visualstudio/liveshare/use/vscode).",
	"extension.liveshare.accessibility.accessibilityFeaturesEnabled.description": "Enables various accessibility features, such as audio cues about what is happening in the session.",
	"extension.liveshare.accessibility.outputDevice.description": "Output device to play audio in accessibility mode.",
	"extension.liveshare.accessibility.voiceVolume.description": "Controls the volume of voice audio in accessibility mode (between 0 and 100).",
	"extension.liveshare.accessibility.soundVolume.description": "Controls the volume of sound audio in accessibility mode (between 0 and 100).",
	"extension.liveshare.accessibility.speechRate.description": "Controls the rate of speech in accessibility mode.",
	"extension.liveshare.accessibility.voice.description": "The voice used for speech in accessibility mode.",
	"extension.liveshare.accessibility.voiceEnabled.description": "Enables spoken announcements about activity.",
	"extension.liveshare.accessibility.soundsEnabled.description": "Enables sound effects about activity.",
	"extension.liveshare.launcherClient.title": "Spécifie le client à lancer lorsque vous cliquez sur une URL Live Share."
}