{
	"extension.liveshare.start.title": "開始共同作業工作階段 (共用)",
	"extension.liveshare.startPresentation.title": "開始簡報會議",
	"extension.liveshare.join.title": "加入共同作業工作階段",
	"extension.liveshare.end.title": "停止共同作業工作階段",
	"extension.liveshare.searchContacts.title": "搜尋連絡人",
	"extension.liveshare.removeInvitedContactFromFileTreeExplorer.title": "移除邀請的連絡人",
	"extension.liveshare.removeInvitedContactFromActivityBar.title": "移除邀請的連絡人",
	"extension.liveshare.presence.description": "控制是否要將您的空間發佈給其他使用者，以及允許共同作業工作階段的工具內邀請",
	"extension.liveshare.publishWorkspaceInfo.description": "控制是否將您目前的工作區資料夾發佈給其他使用者",
	"extension.liveshare.comments.description": "控制是否允許在共同作業工作階段中註解",
	"extension.liveshare.selectPresenceProvider.title": "設定空間",
	"extension.liveshare.signInWithBrowser.title": "使用瀏覽器登錄",
	"extension.liveshare.installRecovery.title": "修復安裝",
	"extension.liveshare.signInWithUserCode.title": "以使用者代碼登入",
	"extension.liveshare.signInPresence.title": "離線",
	"extension.liveshare.signOut.title": "登出",
	"extension.liveshare.signOutPresence.title": "登出 (目前狀態)",
	"extension.liveshare.leave.title": "離開共同作業工作階段",
	"extension.liveshare.copyLink.title": "複製共同作業連結",
	"extension.liveshare.joinDebug.title": "加入偵錯工作階段",
	"extension.liveshare.showSharedServers.title": "顯示已共用伺服器",
	"extension.liveshare.shareServer.title": "共用伺服器",
	"extension.liveshare.openServerInBrowser.title": "在瀏覽器中開啟伺服器",
	"extension.liveshare.unshareServer.title": "不共用伺服器",
	"extension.liveshare.copyServerURL.title": "複製伺服器 URL",
	"extension.liveshare.focusParticipants.title": "與會者請注意",
	"extension.liveshare.listParticipants.title": "列出參與者",
	"extension.liveshare.followParticipant.title": "跟隨參與者",
	"extension.liveshare.followParticipantToSide.title": "跟隨參與者到側邊",
	"extension.liveshare.followToSide.title": "跟隨至側邊",
	"extension.liveshare.unfollowParticipant.title": "取消跟隨參與者",
	"extension.liveshare.focusParticipant.title": "Focus Participant",
	"extension.liveshare.changePresenter.title": "變更簡報者",
	"extension.liveshare.removeParticipant.title": "移除參與者",
	"extension.liveshare.blockParticipant.title": "封鎖參與者",
	"extension.liveshare.removeTerminal.title": "移除終端機",
	"extension.liveshare.exportLogs.title": "匯出記錄",
	"extension.liveshare.getCoeditingInformation.title": "取得共同編輯資訊",
	"extension.liveshare.shareTerminal.title": "共用終端機",
	"extension.liveshare.showSharedTerminals.title": "顯示共用終端機",
	"extension.liveshare.help.title": "說明",
	"extension.liveshare.focusTerminal.title": "聚焦終端機",
	"extension.liveshare.makeReadWrite.title": "進行 R/W",
	"extension.liveshare.makeReadOnly.title": "設為唯讀",
	"extension.liveshare.startReadOnlySession.title": "啟動唯讀共同作業工作階段",
	"extension.liveshare.signIn.title": "登入",
	"extension.liveshare.statusAvailable.title": "狀態: 可用",
	"extension.liveshare.statusAway.title": "狀態: 離開",
	"extension.liveshare.statusBusy.title": "狀態: 忙碌",
	"extension.liveshare.statusDoNotDisturb.title": "狀態: 請勿打擾",
	"extension.liveshare.statusInvisible.title": "狀態: 隱藏",
	"extension.liveshare.chatOpenSession.title": "開啟工作階段聊天",
	"extension.liveshare.inviteContact.title": "邀請連絡人",
	"extension.liveshare.inviteEmail.title": "通過電子郵件邀請",
	"extension.liveshare.remove.title": "移除",
	"extension.liveshare.changeStatus.title": "變更狀態",
	"extension.liveshare.openChanges.title": "開啟變更",
	"extension.liveshare.openFile.title": "開啟檔案",
	"extension.liveshare.discardChanges.title": "捨棄變更",
	"extension.liveshare.discardAllChanges.title": "捨棄所有變更",
	"extension.liveshare.revertChange.title": "還原變更",
	"extension.liveshare.sessionDetails.title": "工作階段詳細資料",
	"extension.liveshare.plannedSessions.title": "已規劃工作階段",
	"extension.liveshare.contacts.title": "連絡人",
	"extension.liveshare.createlink.title": "建立可重複使用的工作階段連結",
	"extension.liveshare.createPlannedSessionLink.title": "新增已規劃工作階段",
	"extension.liveshare.deletePlannedSession.title": "刪除已規劃工作階段",
	"extension.liveshare.renamePlannedSession.title": "為已規劃工作階段重新命名",
	"extension.liveshare.copyPlannedSessionLink.title": "複製已規劃工作階段連結",
	"extension.liveshare.joinPlannedSession.title": "開始已規劃工作階段",
	"extension.liveshare.displayName.title": "Live Share",
	"extension.liveshare.description.title": "從您最愛的工具輕鬆進行即時的共同開發。",
	"extension.liveshare.liveShare.title": "Live Share",
	"extension.liveshare.liveShareConfiguration.title": "Visual Studio Live Share",
	"extension.liveshare.diagnosticLogging.title": "啟用 Visual Studio Live Share 輸出通道。",
	"extension.liveshare.diagnosticMode.title": "啟用診斷通知及記錄。",
	"extension.liveshare.anonymousGuestApproval.title": "控制如何處理來自匿名來賓的加入要求。",
	"extension.liveshare.diagnosticLoggingLevel.title": "Specifies the level of logging output from Visual Studio Live Share Extension",
	"extension.liveshare.accountProvider.title": "已註冊用於 Visual Studio Live Share 登入之金鑰鏈的慣用帳戶提供者。",
	"extension.liveshare.authenticationProvider.title": "VS Code 驗證提供者 (預覽)",
	"extension.liveshare.account.title": "已註冊用於 Visual Studio Live Share 登入之金鑰鏈的慣用帳戶。",
	"extension.liveshare.connectionMode.title": "用於共同作業的連線類型; 預設 (自動) 模式會優先使用直接連線，但如果直接連線失敗，可能會以雲端轉送為後援。",
	"extension.liveshare.nameTagVisibility.title": "控制何時要同時顯示參與者的名稱標籤與其游標。",
	"extension.liveshare.guestApprovalRequired.title": "控制主持人是否必須明確核准來賓的共同作業工作階段加入要求。",
	"extension.liveshare.shareExternalFiles.title": "於共同作業工作階段自動共用主持人開啟的外部檔案。",
	"extension.liveshare.joinDebugSessionOption.title": "控制參與者如何加入即將開始的共用偵錯工作階段。",
	"extension.liveshare.showInStatusBar.title": "顯示或隱藏 Live Share 狀態列項目。",
	"extension.liveshare.sharedTerminalWidth.title": "共用的終端機視窗寬度，字元數。",
	"extension.liveshare.sharedTerminalHeight.title": "共用的終端機視窗高度，字元數。",
	"extension.liveshare.features.markdownDescription": "使用中功能的控制項組。選取 [insiders]，即表示您同意 [發行前版本軟體授權條款](https://aka.ms/vsls-license-preview) 和 [隱私權聲明](https://aka.ms/vsls-privacy)。",
	"extension.liveshare.keepAliveInterval.title": "設定在閒置工作階段中，要等候幾秒鐘之後再傳送持續連線的訊息，以偵測網路中斷連線的異常情形。設為 -1 則會停用傳送持續連線的訊息。",
	"extension.liveshare.allowGuestTaskControl.title": "允許來賓執行和終止工作區工作。",
	"extension.liveshare.allowGuestDebugControl.title": "允許來賓啟動和停止偵錯工作階段。",
	"extension.liveshare.allowGuestCommandControl.title": "允許來賓透過程式碼動作 (快速修正) 和 CodeLens 執行任意命令",
	"extension.liveshare.allowGuestExecuteCells.title": "允許來賓執行筆記本儲存格",
	"extension.liveshare.focusBehavior.title": "指定如何回應其他參與者的聚焦要求。",
	"extension.liveshare.alwaysFollowHost.title": "確保隨時追蹤工作階段的主機。",
	"extension.liveshare.showReadOnlyUsersInEditor.title": "控制資料指標的可見度和醒目提示唯讀使用者。",
	"extension.liveshare.increasedGuestLimit.title": "增加介於 5 到 30 之間的來賓限制。",
	"extension.liveshare.autoShareTerminals.title": "控制是否會與來賓自動共用終端機 (唯讀)。",
	"extension.liveshare.codeLens.title": "控制是否要為共同作業工作階段的啟動顯示 CodeLens。",
	"extension.liveshare.showVerboseNotifications.title": "控制是否要在來賓加入及離開工作階段等時機顯示詳細資訊通知。",
	"extension.liveshare.populateGitCoAuthors.title": "指定要在什麼時候以來賓貢獻自動填入您的 Git 認可訊息 (使用 Git-co-author 結尾)。",
	"extension.liveshare.autoShareServers.title": "控制當從整合式終端機或已知的延伸主機啟動 Web 伺服器時，是否會自動共用 Web 伺服器。",
	"extension.liveshare.openSharedServers.title": "控制是否要在預設瀏覽器中自動開啟共用伺服器。",
	"extension.liveshare.properties.title": "用於連線至 Live Share 服務的代理程式 URI",
	"extension.liveshare.joinedInfo.title": "加入資訊",
	"extension.liveshare.localPath.title": "工作區的本機路徑",
	"extension.liveshare.pipeName.title": "要求主機服務的管線名稱",
	"extension.liveshare.adapterProxy.title": "配接器 Proxy",
	"extension.liveshare.taskDefinitionsProperties.title": "遠端工作的唯一識別碼。",
	"extension.liveshare.taskDefinitionsExecId.title": "執行識別碼代表工作已和監視器程序建立關聯。如果未指定執行識別碼，即為使用者觸發的工作。",
	"extension.liveshare.comments.createThread.title": "建立留言串",
	"extension.liveshare.comments.reply.title": "回覆",
	"extension.liveshare.comments.editComment.title": "編輯",
	"extension.liveshare.comments.deleteComment.title": "刪除註解",
	"extension.liveshare.comments.deleteThread.title": "刪除留言串",
	"extension.liveshare.comments.saveComment.title": "儲存",
	"extension.liveshare.comments.cancelEditComment.title": "取消",
	"extension.liveshare.allowInvites.title": "指定誰能允許發出工作階段邀請。",
	"extension.liveshare.viewsWelcome.contents": "即時開始與其他人共同進行編輯及偵錯。\r\n\r\n[共用](command:liveshare.startFromWelcomeContent)\r\n\r\n您也可以[用唯讀方式共用](command:liveshare.startReadOnlyFromWelcomeContent)權限，以及加入其他工作階段。\r\n\r\n[加入](command:liveshare.joinFromWelcomeContent)\r\n\r\n如需深入了解如何使用 Live Share，請[參閱文件](https://docs.microsoft.com/zh-tw/visualstudio/liveshare/use/vscode) (機器翻譯)。",
	"extension.liveshare.accessibility.accessibilityFeaturesEnabled.description": "Enables various accessibility features, such as audio cues about what is happening in the session.",
	"extension.liveshare.accessibility.outputDevice.description": "Output device to play audio in accessibility mode.",
	"extension.liveshare.accessibility.voiceVolume.description": "Controls the volume of voice audio in accessibility mode (between 0 and 100).",
	"extension.liveshare.accessibility.soundVolume.description": "Controls the volume of sound audio in accessibility mode (between 0 and 100).",
	"extension.liveshare.accessibility.speechRate.description": "Controls the rate of speech in accessibility mode.",
	"extension.liveshare.accessibility.voice.description": "The voice used for speech in accessibility mode.",
	"extension.liveshare.accessibility.voiceEnabled.description": "Enables spoken announcements about activity.",
	"extension.liveshare.accessibility.soundsEnabled.description": "Enables sound effects about activity.",
	"extension.liveshare.launcherClient.title": "指定按一下 Live Share URL 時要啟動的用戶端。"
}