{
	"extension.liveshare.start.title": "Iniciar sesión de colaboración (compartir)",
	"extension.liveshare.startPresentation.title": "Iniciar sesión de presentación",
	"extension.liveshare.join.title": "Unirse a la sesión de colaboración",
	"extension.liveshare.end.title": "Detener la sesión de colaboración",
	"extension.liveshare.searchContacts.title": "Búsqueda de contactos",
	"extension.liveshare.removeInvitedContactFromFileTreeExplorer.title": "Eliminar contacto invitado",
	"extension.liveshare.removeInvitedContactFromActivityBar.title": "Eliminar contacto invitado",
	"extension.liveshare.presence.description": "Controla si va a hacer pública su presencia a otros usuarios y permite la participación de los invitados en la herramienta a las sesiones de colaboración",
	"extension.liveshare.publishWorkspaceInfo.description": "Controla si la carpeta del área de trabajo actual se va a publicar o no para otros usuarios.",
	"extension.liveshare.comments.description": "Controla si se permiten o no comentarios en las sesiones de colaboración.",
	"extension.liveshare.selectPresenceProvider.title": "Configurar la presencia",
	"extension.liveshare.signInWithBrowser.title": "Iniciar sesión con el navegador",
	"extension.liveshare.installRecovery.title": "Reparar instalación",
	"extension.liveshare.signInWithUserCode.title": "Iniciar sesión con el código de usuario",
	"extension.liveshare.signInPresence.title": "Sin conexión",
	"extension.liveshare.signOut.title": "Cerrar sesión",
	"extension.liveshare.signOutPresence.title": "Cerrar sesión (presencia)",
	"extension.liveshare.leave.title": "Abandonar la sesión de colaboración",
	"extension.liveshare.copyLink.title": "Copiar el vínculo de colaboración",
	"extension.liveshare.joinDebug.title": "Unirse a sesión de depuración",
	"extension.liveshare.showSharedServers.title": "Mostrar servidores compartidos",
	"extension.liveshare.shareServer.title": "Compartir servidor",
	"extension.liveshare.openServerInBrowser.title": "Abrir servidor en el explorador",
	"extension.liveshare.unshareServer.title": "Dejar de compartir servidor",
	"extension.liveshare.copyServerURL.title": "Copiar la dirección URL del servidor",
	"extension.liveshare.focusParticipants.title": "Atraer la atención de los participantes",
	"extension.liveshare.listParticipants.title": "Enumerar participantes",
	"extension.liveshare.followParticipant.title": "Seguir participante",
	"extension.liveshare.followParticipantToSide.title": "Seguir a participante hacia el lado",
	"extension.liveshare.followToSide.title": "Seguir hacia el lado",
	"extension.liveshare.unfollowParticipant.title": "Dejar de seguir a participante",
	"extension.liveshare.focusParticipant.title": "Focus Participant",
	"extension.liveshare.changePresenter.title": "Cambiar moderador",
	"extension.liveshare.removeParticipant.title": "Eliminar participante",
	"extension.liveshare.blockParticipant.title": "Bloquear participante",
	"extension.liveshare.removeTerminal.title": "Quitar Terminal",
	"extension.liveshare.exportLogs.title": "Exportar registros",
	"extension.liveshare.getCoeditingInformation.title": "Obtener información de edición conjunta",
	"extension.liveshare.shareTerminal.title": "Compartir terminal",
	"extension.liveshare.showSharedTerminals.title": "Mostrar terminales compartidos",
	"extension.liveshare.help.title": "Ayuda",
	"extension.liveshare.focusTerminal.title": "Enfocar terminal",
	"extension.liveshare.makeReadWrite.title": "Hacer lectura y escritura",
	"extension.liveshare.makeReadOnly.title": "Hacer de solo lectura",
	"extension.liveshare.startReadOnlySession.title": "Iniciar sesión de colaboración de solo lectura",
	"extension.liveshare.signIn.title": "Iniciar sesión",
	"extension.liveshare.statusAvailable.title": "Estado: disponible",
	"extension.liveshare.statusAway.title": "Estado: ausente",
	"extension.liveshare.statusBusy.title": "Estado: ocupado",
	"extension.liveshare.statusDoNotDisturb.title": "Estado: No molestar",
	"extension.liveshare.statusInvisible.title": "Estado: Invisible",
	"extension.liveshare.chatOpenSession.title": "Abrir chat de sesión",
	"extension.liveshare.inviteContact.title": "Invitar a contacto",
	"extension.liveshare.inviteEmail.title": "Invitar por correo electrónico",
	"extension.liveshare.remove.title": "Quitar",
	"extension.liveshare.changeStatus.title": "Cambiar el estado",
	"extension.liveshare.openChanges.title": "Abrir cambios",
	"extension.liveshare.openFile.title": "Abrir Arquivo",
	"extension.liveshare.discardChanges.title": "Descartar cambios",
	"extension.liveshare.discardAllChanges.title": "Descartar todos los cambios",
	"extension.liveshare.revertChange.title": "Revertir el cambio",
	"extension.liveshare.sessionDetails.title": "Detalles de la sesión",
	"extension.liveshare.plannedSessions.title": "Sesiones planeadas",
	"extension.liveshare.contacts.title": "Contactos",
	"extension.liveshare.createlink.title": "Crear un vínculo de sesión reutilizable",
	"extension.liveshare.createPlannedSessionLink.title": "Nueva sesión planeada",
	"extension.liveshare.deletePlannedSession.title": "Eliminar una sesión planeada",
	"extension.liveshare.renamePlannedSession.title": "Cambiar el nombre de la sesión planeada",
	"extension.liveshare.copyPlannedSessionLink.title": "Copiar el vínculo de la sesión planeada",
	"extension.liveshare.joinPlannedSession.title": "Iniciar una sesión planeada",
	"extension.liveshare.displayName.title": "Live Share",
	"extension.liveshare.description.title": "Desarrollo de colaboración en tiempo real con la comodidad que le proporciona el uso de sus herramientas favoritas.",
	"extension.liveshare.liveShare.title": "Live Share",
	"extension.liveshare.liveShareConfiguration.title": "Visual Studio Live Share",
	"extension.liveshare.diagnosticLogging.title": "Habilita el canal de salida de Visual Studio Live Share.",
	"extension.liveshare.diagnosticMode.title": "Habilita los registros y las notificaciones de diagnóstico.",
	"extension.liveshare.anonymousGuestApproval.title": "Controla cómo se administran las solicitudes de unión de invitados anónimos.",
	"extension.liveshare.diagnosticLoggingLevel.title": "Specifies the level of logging output from Visual Studio Live Share Extension",
	"extension.liveshare.accountProvider.title": "Proveedor de cuentas preferido registrado con la cadena de claves que se va a usar para el inicio de sesión de Visual Studio Live Share.",
	"extension.liveshare.authenticationProvider.title": "Proveedor de autenticación de VS Code (versión preliminar)",
	"extension.liveshare.account.title": "Cuenta preferida registrada con la cadena de claves que se va a usar para el inicio de sesión de Visual Studio Live Share.",
	"extension.liveshare.connectionMode.title": "Tipo de conexión que se usa para la colaboración. El modo predeterminado (automático) prefiere una conexión directa, pero puede revertirse a una retransmisión a través de la nube si se produce un error de la conexión directa.",
	"extension.liveshare.nameTagVisibility.title": "Controla cuándo se debe mostrar la etiqueta de nombre de un participante en lugar de su cursor.",
	"extension.liveshare.guestApprovalRequired.title": "Controla si el host necesita aprobar explícitamente solicitudes de invitado para unirse a las sesiones de colaboración.",
	"extension.liveshare.shareExternalFiles.title": "Compartir automáticamente los archivos externos abiertos por el anfitrión durante una sesión de colaboración.",
	"extension.liveshare.joinDebugSessionOption.title": "Controla el modo en que el participante se unirá a sesiones de depuración compartida entrantes.",
	"extension.liveshare.showInStatusBar.title": "Mostrar u ocultar los elementos de la barra de estado de Live Share.",
	"extension.liveshare.sharedTerminalWidth.title": "Ancho de la ventana del terminal compartido, caracteres.",
	"extension.liveshare.sharedTerminalHeight.title": "Alto de la ventana del terminal compartido, caracteres.",
	"extension.liveshare.features.markdownDescription": "Controls set of active features. By selecting `insiders`, you agree to the [Pre-Release Software License Terms](https://aka.ms/vsls-license-preview) and [Privacy Statement](https://aka.ms/vsls-privacy).",
	"extension.liveshare.keepAliveInterval.title": "Establece el número de segundos que debe esperarse antes de enviar mensajes para mantener la conexión en una sesión inactiva, lo cual se usa para detectar una desconexión de red anómala. Establézcalo en -1 para deshabilitar el envío de mensajes de mantenimiento de conexión.",
	"extension.liveshare.allowGuestTaskControl.title": "Permiten a los invitados ejecutar y terminar tareas área de trabajo.",
	"extension.liveshare.allowGuestDebugControl.title": "Permite que los invitados puedan iniciar y detener las sesiones de depuración.",
	"extension.liveshare.allowGuestCommandControl.title": "Permitir a los invitados ejecutar comandos arbitrarios a través de Code Actions (“correcciones rápidas”) y CodeLens",
	"extension.liveshare.allowGuestExecuteCells.title": "Permitir a los invitados ejecutar celdas del bloc de notas",
	"extension.liveshare.focusBehavior.title": "Especifica cómo responder a las solicitudes de atención de otros participantes.",
	"extension.liveshare.alwaysFollowHost.title": "Garantiza que se siga siempre el host de la sesión.",
	"extension.liveshare.showReadOnlyUsersInEditor.title": "Controla la visibilidad del cursor y el resaltado para los usuarios de solo lectura.",
	"extension.liveshare.increasedGuestLimit.title": "Aumenta el límite de invitados de 5 a 30.",
	"extension.liveshare.autoShareTerminals.title": "Controla si los terminales se comparten automáticamente con los invitados (solo lectura).",
	"extension.liveshare.codeLens.title": "Controla si se muestran los CodeLens para iniciar una sesión de colaboración.",
	"extension.liveshare.showVerboseNotifications.title": "Controla si se muestran notificaciones detalladas, como cuando un invitado se une y abandona una sesión.",
	"extension.liveshare.populateGitCoAuthors.title": "Especifica cuándo se debe rellenar automáticamente su mensaje de confirmación de Git con la atribución de invitado (utilizando el finalizador de Git-co-author).",
	"extension.liveshare.autoShareServers.title": "Controla si los servidores web se comparten automáticamente, cuando se inician desde el terminal integrado o desde extensiones conocidas.",
	"extension.liveshare.openSharedServers.title": "Controla si los servidores compartidos se van a abrir automáticamente en el explorador predeterminado.",
	"extension.liveshare.properties.title": "Agente URI para conectarse a servicios de Live Share",
	"extension.liveshare.joinedInfo.title": "Información de unión",
	"extension.liveshare.localPath.title": "Ruta de acceso local del área de trabajo",
	"extension.liveshare.pipeName.title": "Nombre de canalización para solicitar servicios de anfitrión",
	"extension.liveshare.adapterProxy.title": "El proxy de adaptador",
	"extension.liveshare.taskDefinitionsProperties.title": "El identificador único de la tarea remota.",
	"extension.liveshare.taskDefinitionsExecId.title": "El identificador de ejecución indica la tarea asociada con un proceso de supervisión. Si no se especifica un identificador de ejecución, esta es una tarea desencadenada por el usuario.",
	"extension.liveshare.comments.createThread.title": "Crear un hilo de comentarios",
	"extension.liveshare.comments.reply.title": "Responder",
	"extension.liveshare.comments.editComment.title": "Editar",
	"extension.liveshare.comments.deleteComment.title": "Eliminar comentario",
	"extension.liveshare.comments.deleteThread.title": "Eliminar un hilo de comentarios",
	"extension.liveshare.comments.saveComment.title": "Guardar",
	"extension.liveshare.comments.cancelEditComment.title": "Cancelar",
	"extension.liveshare.allowInvites.title": "Especifica de quién se van a permitir invitaciones a las sesiones.",
	"extension.liveshare.viewsWelcome.contents": "Inicie la edición y la depuración en colaboración con otros usuarios en tiempo real.\r\n\r\n[Share](command:liveshare.startFromWelcomeContent)\r\n\r\nTambién puede [usar Share con permisos de solo lectura](command:liveshare.startReadOnlyFromWelcomeContent) y unirse a sesiones de otros usuarios.\r\n\r\n[Unirse](command:liveshare.joinFromWelcomeContent)\r\n\r\nPara obtener más información sobre cómo usar Live Share, [lea nuestra documentación](https://docs.microsoft.com/en-us/visualstudio/liveshare/use/vscode).",
	"extension.liveshare.accessibility.accessibilityFeaturesEnabled.description": "Enables various accessibility features, such as audio cues about what is happening in the session.",
	"extension.liveshare.accessibility.outputDevice.description": "Output device to play audio in accessibility mode.",
	"extension.liveshare.accessibility.voiceVolume.description": "Controls the volume of voice audio in accessibility mode (between 0 and 100).",
	"extension.liveshare.accessibility.soundVolume.description": "Controls the volume of sound audio in accessibility mode (between 0 and 100).",
	"extension.liveshare.accessibility.speechRate.description": "Controls the rate of speech in accessibility mode.",
	"extension.liveshare.accessibility.voice.description": "The voice used for speech in accessibility mode.",
	"extension.liveshare.accessibility.voiceEnabled.description": "Enables spoken announcements about activity.",
	"extension.liveshare.accessibility.soundsEnabled.description": "Enables sound effects about activity.",
	"extension.liveshare.launcherClient.title": "Especifica el cliente que se va a iniciar al hacer clic en una dirección URL de Live Share."
}