{
	"extension.liveshare.start.title": "Rozpocznij sesję współpracy (udostępnij)",
	"extension.liveshare.startPresentation.title": "Rozpocznij sesję prezentacji",
	"extension.liveshare.join.title": "Dołącz do sesji współpracy",
	"extension.liveshare.end.title": "Zatrzymaj sesję współpracy",
	"extension.liveshare.searchContacts.title": "Wyszukaj kontakty",
	"extension.liveshare.removeInvitedContactFromFileTreeExplorer.title": "Usuń zaproszony kontakt",
	"extension.liveshare.removeInvitedContactFromActivityBar.title": "Usuń zaproszony kontakt",
	"extension.liveshare.presence.description": "Określa, czy Twoja obecność ma być publikowana dla innych użytkowników i czy można będzie korzystać z zaproszeń do sesji współpracy w narzędziu",
	"extension.liveshare.publishWorkspaceInfo.description": "Określa, czy publikować folder bieżącego obszaru roboczego dla innych użytkowników",
	"extension.liveshare.comments.description": "Określa, czy zezwalać na komentarze w sesjach współpracy",
	"extension.liveshare.selectPresenceProvider.title": "Skonfiguruj obecność",
	"extension.liveshare.signInWithBrowser.title": "Zaloguj się za pomocą przeglądarki",
	"extension.liveshare.installRecovery.title": "Naprawa instalacji",
	"extension.liveshare.signInWithUserCode.title": "Zaloguj się przy użyciu kodu użytkownika",
	"extension.liveshare.signInPresence.title": "Offline",
	"extension.liveshare.signOut.title": "Wyloguj",
	"extension.liveshare.signOutPresence.title": "Sign Out (Presence)",
	"extension.liveshare.leave.title": "Opuść sesję współpracy",
	"extension.liveshare.copyLink.title": "Skopiuj Link do współpracy",
	"extension.liveshare.joinDebug.title": "Dołącz do sesji debugowania",
	"extension.liveshare.showSharedServers.title": "Pokaż udostępnione serwery",
	"extension.liveshare.shareServer.title": "Udostępnij serwer",
	"extension.liveshare.openServerInBrowser.title": "Otwórz serwer w przeglądarce",
	"extension.liveshare.unshareServer.title": "Cofnij udostępnienie serwera",
	"extension.liveshare.copyServerURL.title": "Skopiuj adres URL serwera",
	"extension.liveshare.focusParticipants.title": "Zwrócenie uwagi uczestników",
	"extension.liveshare.listParticipants.title": "Pokaż listę uczestników",
	"extension.liveshare.followParticipant.title": "Obserwuj uczestnika",
	"extension.liveshare.followParticipantToSide.title": "Obserwuj uczestników z boku",
	"extension.liveshare.followToSide.title": "Obserwuj z boku",
	"extension.liveshare.unfollowParticipant.title": "Przestań obserwować uczestnika",
	"extension.liveshare.focusParticipant.title": "Focus Participant",
	"extension.liveshare.changePresenter.title": "Zmień prezentera",
	"extension.liveshare.removeParticipant.title": "Usuń uczestnika",
	"extension.liveshare.blockParticipant.title": "Block Participant",
	"extension.liveshare.removeTerminal.title": "Usuń terminal",
	"extension.liveshare.exportLogs.title": "Eksportuj dzienniki",
	"extension.liveshare.getCoeditingInformation.title": "Get co-editing information",
	"extension.liveshare.shareTerminal.title": "Udostępnij terminal",
	"extension.liveshare.showSharedTerminals.title": "Pokaż udostępnione terminale",
	"extension.liveshare.help.title": "Pomoc",
	"extension.liveshare.focusTerminal.title": "Skoncentruj uwagę w terminalu",
	"extension.liveshare.makeReadWrite.title": "Ustaw jako do odczytu i zapisu",
	"extension.liveshare.makeReadOnly.title": "Ustaw jako tylko do odczytu",
	"extension.liveshare.startReadOnlySession.title": "Rozpocznij sesję współpracy tylko do odczytu",
	"extension.liveshare.signIn.title": "Zaloguj się",
	"extension.liveshare.statusAvailable.title": "Stan: Dostępny",
	"extension.liveshare.statusAway.title": "Stan: Nieobecny",
	"extension.liveshare.statusBusy.title": "Stan: Zajęty",
	"extension.liveshare.statusDoNotDisturb.title": "Stan: Nie przeszkadzać",
	"extension.liveshare.statusInvisible.title": "Stan: Niewidoczny",
	"extension.liveshare.chatOpenSession.title": "Open session chat",
	"extension.liveshare.inviteContact.title": "Zaproś kontakt",
	"extension.liveshare.inviteEmail.title": "Zaproś pocztą e-mail",
	"extension.liveshare.remove.title": "Usuń",
	"extension.liveshare.changeStatus.title": "Zmień stan",
	"extension.liveshare.openChanges.title": "Otwórz zmiany",
	"extension.liveshare.openFile.title": "Otwórz plik",
	"extension.liveshare.discardChanges.title": "Odrzuć zmiany",
	"extension.liveshare.discardAllChanges.title": "Odrzuć wszystkie zmiany",
	"extension.liveshare.revertChange.title": "Cofnij zmianę",
	"extension.liveshare.sessionDetails.title": "Szczegóły sesji",
	"extension.liveshare.plannedSessions.title": "Zaplanowane sesje",
	"extension.liveshare.contacts.title": "Kontakty",
	"extension.liveshare.createlink.title": "Tworzenie linku sesji wielokrotnego użytku",
	"extension.liveshare.createPlannedSessionLink.title": "Nowa sesja planowana",
	"extension.liveshare.deletePlannedSession.title": "Usuń sesję planowaną",
	"extension.liveshare.renamePlannedSession.title": "Zmień nazwę sesji planowanej",
	"extension.liveshare.copyPlannedSessionLink.title": "Kopiuj link sesji planowanej",
	"extension.liveshare.joinPlannedSession.title": "Rozpocznij sesję planowaną",
	"extension.liveshare.displayName.title": "Live Share",
	"extension.liveshare.description.title": "Zespołowe opracowywanie w czasie rzeczywistym za pomocą dobrze znanych ulubionych narzędzi.",
	"extension.liveshare.liveShare.title": "Live Share",
	"extension.liveshare.liveShareConfiguration.title": "Konfiguracja rozszerzenia Visual Studio Live Share",
	"extension.liveshare.diagnosticLogging.title": "Enables the Visual Studio Live Share output channel.",
	"extension.liveshare.diagnosticMode.title": "Enables diagnostic notifications and logs.",
	"extension.liveshare.anonymousGuestApproval.title": "Określa sposób obsługi próśb o dołączenie od anonimowych gości (tylko do odczytu).",
	"extension.liveshare.diagnosticLoggingLevel.title": "Specifies the level of logging output from Visual Studio Live Share Extension",
	"extension.liveshare.accountProvider.title": "Preferowany dostawca konta zarejestrowany za pomocą pęku kluczy, który ma być używany do logowania w rozszerzeniu Visual Studio Live Share.",
	"extension.liveshare.authenticationProvider.title": "VS Code Authentication provider (Preview)",
	"extension.liveshare.account.title": "Preferowane konto zostało zarejestrowane za pomocą pęku kluczy do użycia podczas logowania w rozszerzeniu Visual Studio Live Share.",
	"extension.liveshare.connectionMode.title": "Typ połączenia używany do współpracy; tryb domyślny (automatyczny) preferuje połączenie bezpośrednie, ale może wrócić do przekazywania przez chmurę, jeśli bezpośrednie połączenie nie powiodło się.",
	"extension.liveshare.nameTagVisibility.title": "Określa, kiedy należy wyświetlić tag nazwy uczestnika zamiast samego jego kursora.",
	"extension.liveshare.guestApprovalRequired.title": "Określa, czy gospodarz musi jawnie zatwierdzać prośby gości o dołączenie do sesji współpracy.",
	"extension.liveshare.shareExternalFiles.title": "Automatyczne udostępniaj zewnętrzne pliki otwarte przez gospodarza podczas sesji współpracy.",
	"extension.liveshare.joinDebugSessionOption.title": "Określa, jak uczestnicy będą dołączać do przyszłych udostępnionych sesji debugowania.",
	"extension.liveshare.showInStatusBar.title": "Pokaż lub ukryj elementy paska stanu rozszerzenia Live Share.",
	"extension.liveshare.sharedTerminalWidth.title": "Szerokość okna terminalu udostępnionego, znaki.",
	"extension.liveshare.sharedTerminalHeight.title": "Wysokość okna terminalu udostępnionego, znaki.",
	"extension.liveshare.features.markdownDescription": "Steruje zestawem aktywnych funkcji. Wybierając opcję „insiders”, wyrażasz zgodę na [postanowienia licencyjne dotyczące oprogramowania w wersji wstępnej](https://aka.ms/vsls-license-preview) i [oświadczenie o ochronie prywatności](https://aka.ms/vsls-privacy).",
	"extension.liveshare.keepAliveInterval.title": "Ustawia liczbę sekund oczekiwania przed wysłaniem komunikatów dotyczących utrzymywania aktywności w sesji w stanie bezczynności, które są używane do wykrywania nietypowego rozłączenia z siecią. Ustawienie wartości -1 spowoduje wyłączenie wysyłania komunikatów dotyczących utrzymywania aktywności.",
	"extension.liveshare.allowGuestTaskControl.title": "Zezwalaj gościom na uruchamianie i kończenie zadań w obszarze roboczym.",
	"extension.liveshare.allowGuestDebugControl.title": "Zezwalaj gościom na uruchamianie i zatrzymywanie sesji debugowania.",
	"extension.liveshare.allowGuestCommandControl.title": "Zezwalaj gościom na uruchamianie dowolnych poleceń za pośrednictwem akcji kodu (\"Szybkie poprawki\") i funkcji CodeLens",
	"extension.liveshare.allowGuestExecuteCells.title": "Allow guests to run notebook cells",
	"extension.liveshare.focusBehavior.title": "Określa sposób odpowiadania na żądania skoncentrowania uwagi od innych uczestników.",
	"extension.liveshare.alwaysFollowHost.title": "Zapewnia, że host sesji jest zawsze śledzony.",
	"extension.liveshare.showReadOnlyUsersInEditor.title": "Kontroluje widoczność kursora i wyróżnienia dla użytkowników tylko do odczytu.",
	"extension.liveshare.increasedGuestLimit.title": "Zwiększa limit gości z 5 do 30.",
	"extension.liveshare.autoShareTerminals.title": "Określa, czy terminale są automatycznie udostępniane gościom (tylko do odczytu).",
	"extension.liveshare.codeLens.title": "Określa, czy pokazywać wskaźniki CodeLens do rozpoczynania sesji współpracy.",
	"extension.liveshare.showVerboseNotifications.title": "Określa, czy pokazywać pełne powiadomienia, na przykład o tym, że gość dołącza do sesji i opuszcza ją.",
	"extension.liveshare.populateGitCoAuthors.title": "Określa, kiedy automatycznie wypełnić komunikat zatwierdzania w usłudze Git z informacją o autorstwie gościa (przy użyciu dopisku o współautorze Git).",
	"extension.liveshare.autoShareServers.title": "Określa, czy serwery internetowe są automatycznie udostępniane po uruchomieniu ze zintegrowanego terminala lub znanych rozszerzeń.",
	"extension.liveshare.openSharedServers.title": "Kontroluje, czy automatycznie otwierać serwery udostępnione w przeglądarce domyślnej.",
	"extension.liveshare.properties.title": "Identyfikator Uri agenta do łączenia się z usługami rozszerzenia Live Share",
	"extension.liveshare.joinedInfo.title": "Informacje na temat dołączania",
	"extension.liveshare.localPath.title": "Ścieżka lokalna obszaru roboczego",
	"extension.liveshare.pipeName.title": "Nazwa potoku do żądania usług gospodarza",
	"extension.liveshare.adapterProxy.title": "Serwer proxy adaptera",
	"extension.liveshare.taskDefinitionsProperties.title": "Unikatowy identyfikator zadania zdalnego.",
	"extension.liveshare.taskDefinitionsExecId.title": "Identyfikator wykonania wskazuje, że zadanie jest skojarzone z procesem monitorowania. Jeśli nie zostanie określony żaden identyfikator wykonania, jest to zadanie wyzwolone przez użytkownika.",
	"extension.liveshare.comments.createThread.title": "Utwórz wątek komentarzy",
	"extension.liveshare.comments.reply.title": "Odpowiedz",
	"extension.liveshare.comments.editComment.title": "Edytuj",
	"extension.liveshare.comments.deleteComment.title": "Usuń komentarz",
	"extension.liveshare.comments.deleteThread.title": "Usuń wątek komentarzy",
	"extension.liveshare.comments.saveComment.title": "Zapisz",
	"extension.liveshare.comments.cancelEditComment.title": "Anuluj",
	"extension.liveshare.allowInvites.title": "Określa, na zaproszenia od kogo zezwalać.",
	"extension.liveshare.viewsWelcome.contents": "[Udostępnij (odczyt/zapis)](command:liveshare.startFromWelcomeContent)\r\n\r\n[Udostępnij (tylko do odczytu)](command:liveshare.startReadOnlyFromWelcomeContent)\r\n\r\n[Dołącz](command:liveshare.joinFromWelcomeContent)\r\n\r\nDowiedz się więcej o rozszerzeniu Live Share [tutaj](https://docs.microsoft.com/pl-pl/visualstudio/liveshare/use/vscode).",
	"extension.liveshare.accessibility.accessibilityFeaturesEnabled.description": "Enables various accessibility features, such as audio cues about what is happening in the session.",
	"extension.liveshare.accessibility.outputDevice.description": "Output device to play audio in accessibility mode.",
	"extension.liveshare.accessibility.voiceVolume.description": "Controls the volume of voice audio in accessibility mode (between 0 and 100).",
	"extension.liveshare.accessibility.soundVolume.description": "Controls the volume of sound audio in accessibility mode (between 0 and 100).",
	"extension.liveshare.accessibility.speechRate.description": "Controls the rate of speech in accessibility mode.",
	"extension.liveshare.accessibility.voice.description": "The voice used for speech in accessibility mode.",
	"extension.liveshare.accessibility.voiceEnabled.description": "Enables spoken announcements about activity.",
	"extension.liveshare.accessibility.soundsEnabled.description": "Enables sound effects about activity.",
	"extension.liveshare.launcherClient.title": "Specifies the client to launch when clicking on a Live Share URL."
}