{
	"extension.liveshare.start.title": "Начать сеанс совместной работы (общий)",
	"extension.liveshare.startPresentation.title": "Запуск сеанса презентации",
	"extension.liveshare.join.title": "Присоединиться к сеансу совместной работы",
	"extension.liveshare.end.title": "Остановить сеанс совместной работы",
	"extension.liveshare.searchContacts.title": "Поиск контактов",
	"extension.liveshare.removeInvitedContactFromFileTreeExplorer.title": "Удалить приглашенный контакт",
	"extension.liveshare.removeInvitedContactFromActivityBar.title": "Удалить приглашенный контакт",
	"extension.liveshare.presence.description": "Определяет, следует ли сообщать о вашем присутствии другим пользователям, и разрешает отправку внутренних приглашений для сеансов совместной работы",
	"extension.liveshare.publishWorkspaceInfo.description": "Определяет, нужно ли публиковать вашу текущую папку рабочей области для других пользователей.",
	"extension.liveshare.comments.description": "Определяет, нужно ли разрешить комментарии в сеансах совместной работы.",
	"extension.liveshare.selectPresenceProvider.title": "Настройка параметров присутствия",
	"extension.liveshare.signInWithBrowser.title": "Войти с помощью браузера",
	"extension.liveshare.installRecovery.title": "Восстановить установку",
	"extension.liveshare.signInWithUserCode.title": "Войти с помощью кода пользователя",
	"extension.liveshare.signInPresence.title": "Вне сети",
	"extension.liveshare.signOut.title": "Выйти",
	"extension.liveshare.signOutPresence.title": "Выход (присутствие)",
	"extension.liveshare.leave.title": "Покинуть сеанс совместной работы",
	"extension.liveshare.copyLink.title": "Скопировать ссылку совместной работы",
	"extension.liveshare.joinDebug.title": "Присоединиться к сеансу отладки",
	"extension.liveshare.showSharedServers.title": "Показать общие серверы",
	"extension.liveshare.shareServer.title": "Общий доступ к серверу",
	"extension.liveshare.openServerInBrowser.title": "Открыть сервер в браузере",
	"extension.liveshare.unshareServer.title": "Отменить общий доступ к серверу",
	"extension.liveshare.copyServerURL.title": "Копировать URL-адрес сервера",
	"extension.liveshare.focusParticipants.title": "Перевести фокус на участников",
	"extension.liveshare.listParticipants.title": "Список участников",
	"extension.liveshare.followParticipant.title": "Подписаться на участника",
	"extension.liveshare.followParticipantToSide.title": "Подписаться на участника сбоку",
	"extension.liveshare.followToSide.title": "Перейти к слайду",
	"extension.liveshare.unfollowParticipant.title": "Отменить подписку на участника",
	"extension.liveshare.focusParticipant.title": "Focus Participant",
	"extension.liveshare.changePresenter.title": "Изменение выступающего",
	"extension.liveshare.removeParticipant.title": "Удалить участника",
	"extension.liveshare.blockParticipant.title": "Заблокировать участника",
	"extension.liveshare.removeTerminal.title": "Удалить терминал",
	"extension.liveshare.exportLogs.title": "Экспорт журналов",
	"extension.liveshare.getCoeditingInformation.title": "Получение сведений о совместном редактировании",
	"extension.liveshare.shareTerminal.title": "Общий доступ к терминалу",
	"extension.liveshare.showSharedTerminals.title": "Показать общие терминалы",
	"extension.liveshare.help.title": "Справка",
	"extension.liveshare.focusTerminal.title": "Фокус на терминале",
	"extension.liveshare.makeReadWrite.title": "Сделать доступным для чтения и записи",
	"extension.liveshare.makeReadOnly.title": "Сделать доступным только для чтения",
	"extension.liveshare.startReadOnlySession.title": "Начать сеанс совместной работы с доступом только для чтения",
	"extension.liveshare.signIn.title": "Войти",
	"extension.liveshare.statusAvailable.title": "Состояние: доступен",
	"extension.liveshare.statusAway.title": "Состояние: нет на месте",
	"extension.liveshare.statusBusy.title": "Состояние: занят",
	"extension.liveshare.statusDoNotDisturb.title": "Состояние: не беспокоить",
	"extension.liveshare.statusInvisible.title": "Состояние: невидимый",
	"extension.liveshare.chatOpenSession.title": "Открытие чата в сеансе",
	"extension.liveshare.inviteContact.title": "Пригласить контакт",
	"extension.liveshare.inviteEmail.title": "Пригласить по электронной почте",
	"extension.liveshare.remove.title": "Удалить",
	"extension.liveshare.changeStatus.title": "Изменить состояние",
	"extension.liveshare.openChanges.title": "Открыть изменения",
	"extension.liveshare.openFile.title": "Открыть файл",
	"extension.liveshare.discardChanges.title": "Отменить изменения",
	"extension.liveshare.discardAllChanges.title": "Отменить все изменения",
	"extension.liveshare.revertChange.title": "Обратить изменение",
	"extension.liveshare.sessionDetails.title": "Сведения о сеансе",
	"extension.liveshare.plannedSessions.title": "Запланированные сеансы",
	"extension.liveshare.contacts.title": "Контакты",
	"extension.liveshare.createlink.title": "Создание ссылки многократного использования для сеанса",
	"extension.liveshare.createPlannedSessionLink.title": "Новый запланированный сеанс",
	"extension.liveshare.deletePlannedSession.title": "Удаление запланированного сеанса",
	"extension.liveshare.renamePlannedSession.title": "Переименование запланированного сеанса",
	"extension.liveshare.copyPlannedSessionLink.title": "Копирование ссылки на запланированный сеанс",
	"extension.liveshare.joinPlannedSession.title": "Запуск запланированного сеанса",
	"extension.liveshare.displayName.title": "Live Share",
	"extension.liveshare.description.title": "Совместная разработка в режиме реального времени с удобными любимыми инструментами.",
	"extension.liveshare.liveShare.title": "Live Share",
	"extension.liveshare.liveShareConfiguration.title": "Visual Studio Live Share",
	"extension.liveshare.diagnosticLogging.title": "Включает выходной канал Visual Studio Live Share.",
	"extension.liveshare.diagnosticMode.title": "Включает диагностические уведомления и журналы.",
	"extension.liveshare.anonymousGuestApproval.title": "Определяет, как обрабатывать запросы на присоединение от анонимных гостей.",
	"extension.liveshare.diagnosticLoggingLevel.title": "Specifies the level of logging output from Visual Studio Live Share Extension",
	"extension.liveshare.accountProvider.title": "Поставщик предпочтительной учетной записи, зарегистрированной с использованием цепочки ключей, для входа в Visual Studio Live Share.",
	"extension.liveshare.authenticationProvider.title": "Поставщик проверки подлинности VS Code (предварительная версия)",
	"extension.liveshare.account.title": "Предпочтительная учетная запись, зарегистрированная с использованием цепочки ключей, для входа в Visual Studio Live Share.",
	"extension.liveshare.connectionMode.title": "Тип подключения, используемого для совместной работы. В режиме по умолчанию (автоматический) предпочтение отдается прямому соединению, но если прямое соединение установить не удалось, используется облачный ретранслятор.",
	"extension.liveshare.nameTagVisibility.title": "Определяет, когда следует отобразить тег имени участника, а не только его курсор.",
	"extension.liveshare.guestApprovalRequired.title": "Определяет, нужно ли организатору явно утверждать запросы гостей на присоединение к сеансам совместной работы.",
	"extension.liveshare.shareExternalFiles.title": "Автоматический общий доступ к внешним файлам, открытым организатором во время сеанса совместной работы.",
	"extension.liveshare.joinDebugSessionOption.title": "Определяет, как участник будет присоединяться к входящим общим сеансам отладки.",
	"extension.liveshare.showInStatusBar.title": "Отображение или скрытие элементов строки состояния Live Share.",
	"extension.liveshare.sharedTerminalWidth.title": "Ширина окна общего терминала в символах.",
	"extension.liveshare.sharedTerminalHeight.title": "Высота окна общего терминала в символах.",
	"extension.liveshare.features.markdownDescription": "Управляет набором активных компонентов. Выбирая \"insiders\", вы принимаете [Условия лицензионного соглашения на использование предварительной версии программного обеспечения](https://aka.ms/vsls-license-preview) и [Заявление о конфиденциальности](https://aka.ms/vsls-privacy).",
	"extension.liveshare.keepAliveInterval.title": "Задает время ожидания в секундах перед отправкой сообщений для проверки активности в сеансе бездействия. Используется для обнаружения аварийного отключения от сети. Чтобы отключить отправку сообщений для проверки активности, установите значение \"-1\" для этого параметра.",
	"extension.liveshare.allowGuestTaskControl.title": "Разрешить гостям запускать и завершать задачи рабочей области.",
	"extension.liveshare.allowGuestDebugControl.title": "Разрешить гостям запускать и останавливать сеансы отладки.",
	"extension.liveshare.allowGuestCommandControl.title": "Разрешить гостям выполнять произвольные команды с помощью функции \"Действия кода\" (\"Быстрые исправления\") и CodeLens",
	"extension.liveshare.allowGuestExecuteCells.title": "Разрешить гостям выполнять ячейки записной книжки",
	"extension.liveshare.focusBehavior.title": "Указывает, как отвечать на запросы фокуса от других участников.",
	"extension.liveshare.alwaysFollowHost.title": "Обеспечивает постоянное отслеживание организатора сеанса.",
	"extension.liveshare.showReadOnlyUsersInEditor.title": "Определяет, будут ли отображаться курсор и выделение для пользователей только для чтения.",
	"extension.liveshare.increasedGuestLimit.title": "Увеличение ограничения на количество гостей с 5 до 30.",
	"extension.liveshare.autoShareTerminals.title": "Определяет, предоставляется ли гостям автоматический общий доступ к терминалам (только для чтения).",
	"extension.liveshare.codeLens.title": "Определяет, нужно ли отображать CodeLens для запуска сеанса совместной работы.",
	"extension.liveshare.showVerboseNotifications.title": "Определяет, нужно ли отображать подробные уведомления, например при присоединении гостя к сеансу совместной работы или при его выходе оттуда.",
	"extension.liveshare.populateGitCoAuthors.title": "Указывает, когда следует автоматически заполнить ваше сообщение о фиксации Git атрибутами гостя (с уведомлением о совместном редактировании в Git).",
	"extension.liveshare.autoShareServers.title": "Определяет, обеспечивается ли автоматический общий доступ к веб-серверам при запуске из встроенного терминала или известных расширений.",
	"extension.liveshare.openSharedServers.title": "Определяет, следует ли автоматически открывать общие серверы в браузере по умолчанию.",
	"extension.liveshare.properties.title": "URI агента для подключения к службам Live Share",
	"extension.liveshare.joinedInfo.title": "Сведения о присоединении",
	"extension.liveshare.localPath.title": "Локальный путь к рабочей области",
	"extension.liveshare.pipeName.title": "Имя канала для запроса служб организатора",
	"extension.liveshare.adapterProxy.title": "Прокси-сервер адаптера",
	"extension.liveshare.taskDefinitionsProperties.title": "Уникальный идентификатор удаленной задачи.",
	"extension.liveshare.taskDefinitionsExecId.title": "Идентификатор выполнения указывает, что задача сопоставлена с процессом мониторинга. Если идентификатор выполнения не указан, эта задача активирована пользователем.",
	"extension.liveshare.comments.createThread.title": "Создать цепочку комментариев",
	"extension.liveshare.comments.reply.title": "Ответить",
	"extension.liveshare.comments.editComment.title": "Изменить",
	"extension.liveshare.comments.deleteComment.title": "Удалить комментарий",
	"extension.liveshare.comments.deleteThread.title": "Удалить цепочку комментариев",
	"extension.liveshare.comments.saveComment.title": "Сохранить",
	"extension.liveshare.comments.cancelEditComment.title": "Отмена",
	"extension.liveshare.allowInvites.title": "Указывает тех пользователей, от кого разрешено получать приглашения на сеансы.",
	"extension.liveshare.viewsWelcome.contents": "Начните совместное редактирование и отладку с другими пользователями в режиме реального времени.\r\n\r\n[Совместное использование](command:liveshare.startFromWelcomeContent)\r\n\r\nВы также можете [предоставить доступ только для чтения](command:liveshare.startReadOnlyFromWelcomeContent) и подключиться к сеансам других пользователей.\r\n\r\n[Присоединение](command:liveshare.joinFromWelcomeContent)\r\n\r\nДополнительные сведения об использовании Live Share [см. в документации](https://docs.microsoft.com/en-us/visualstudio/liveshare/use/vscode).",
	"extension.liveshare.accessibility.accessibilityFeaturesEnabled.description": "Enables various accessibility features, such as audio cues about what is happening in the session.",
	"extension.liveshare.accessibility.outputDevice.description": "Output device to play audio in accessibility mode.",
	"extension.liveshare.accessibility.voiceVolume.description": "Controls the volume of voice audio in accessibility mode (between 0 and 100).",
	"extension.liveshare.accessibility.soundVolume.description": "Controls the volume of sound audio in accessibility mode (between 0 and 100).",
	"extension.liveshare.accessibility.speechRate.description": "Controls the rate of speech in accessibility mode.",
	"extension.liveshare.accessibility.voice.description": "The voice used for speech in accessibility mode.",
	"extension.liveshare.accessibility.voiceEnabled.description": "Enables spoken announcements about activity.",
	"extension.liveshare.accessibility.soundsEnabled.description": "Enables sound effects about activity.",
	"extension.liveshare.launcherClient.title": "Указывает клиент, который будет запускаться при нажатии URL-адреса Live Share."
}