{
	"extension.liveshare.start.title": "Starta samarbetssessionen (Dela)",
	"extension.liveshare.startPresentation.title": "Starta presentationssession",
	"extension.liveshare.join.title": "Anslut till samarbetssession",
	"extension.liveshare.end.title": "Stoppa samarbetssession",
	"extension.liveshare.searchContacts.title": "Sök bland kontakter",
	"extension.liveshare.removeInvitedContactFromFileTreeExplorer.title": "Ta bort inbjuden kontakt",
	"extension.liveshare.removeInvitedContactFromActivityBar.title": "Ta bort inbjuden kontakt",
	"extension.liveshare.presence.description": "Kontrollerar om du ska publicera din närvaro för andra användare och tillåta inbjudningar till ett verktyg för samarbetssessioner",
	"extension.liveshare.publishWorkspaceInfo.description": "Kontrollerar om din aktuella arbetsmapp ska publiceras till andra användare",
	"extension.liveshare.comments.description": "Kontrollerar om kommentarer ska tillåtas i samarbetssessioner",
	"extension.liveshare.selectPresenceProvider.title": "Konfigurera närvaro",
	"extension.liveshare.signInWithBrowser.title": "Logga in med webbläsare",
	"extension.liveshare.installRecovery.title": "Reparera installation",
	"extension.liveshare.signInWithUserCode.title": "Logga in med användarkod",
	"extension.liveshare.signInPresence.title": "Offline",
	"extension.liveshare.signOut.title": "Logga ut",
	"extension.liveshare.signOutPresence.title": "Utloggning (närvaro)",
	"extension.liveshare.leave.title": "Lämna samarbetssession",
	"extension.liveshare.copyLink.title": "Kopiera samarbetslänk",
	"extension.liveshare.joinDebug.title": "Anslut till felsökningssessionen",
	"extension.liveshare.showSharedServers.title": "Visa delade servrar",
	"extension.liveshare.shareServer.title": "Dela Server",
	"extension.liveshare.openServerInBrowser.title": "Öppna server i webbläsare",
	"extension.liveshare.unshareServer.title": "Ta bort delning av Server",
	"extension.liveshare.copyServerURL.title": "Kopiera serverns URL",
	"extension.liveshare.focusParticipants.title": "Fokusera deltagare",
	"extension.liveshare.listParticipants.title": "Lista deltagare",
	"extension.liveshare.followParticipant.title": "Följ deltagaren",
	"extension.liveshare.followParticipantToSide.title": "Följ deltagaren på sidan",
	"extension.liveshare.followToSide.title": "Följ till sidan",
	"extension.liveshare.unfollowParticipant.title": "Sluta följa deltagare",
	"extension.liveshare.focusParticipant.title": "Focus Participant",
	"extension.liveshare.changePresenter.title": "Ändra presentatör",
	"extension.liveshare.removeParticipant.title": "Ta bort deltagare",
	"extension.liveshare.blockParticipant.title": "Blockera deltagare",
	"extension.liveshare.removeTerminal.title": "Ta bort Terminal",
	"extension.liveshare.exportLogs.title": "Exportera loggar",
	"extension.liveshare.getCoeditingInformation.title": "Hämta information för samtidig redigering",
	"extension.liveshare.shareTerminal.title": "Dela Terminal",
	"extension.liveshare.showSharedTerminals.title": "Visa delade terminaler",
	"extension.liveshare.help.title": "Hjälp",
	"extension.liveshare.focusTerminal.title": "Fokusera på Terminal",
	"extension.liveshare.makeReadWrite.title": "Gör Läs/skriv",
	"extension.liveshare.makeReadOnly.title": "Gör Skrivskyddad",
	"extension.liveshare.startReadOnlySession.title": "Starta skrivskyddad samarbetssession",
	"extension.liveshare.signIn.title": "Logga in",
	"extension.liveshare.statusAvailable.title": "Status: tillgänglig",
	"extension.liveshare.statusAway.title": "Status: borta",
	"extension.liveshare.statusBusy.title": "Status: upptagen",
	"extension.liveshare.statusDoNotDisturb.title": "Status: stör ej",
	"extension.liveshare.statusInvisible.title": "Status: osynlig",
	"extension.liveshare.chatOpenSession.title": "Öppna sessionschatt",
	"extension.liveshare.inviteContact.title": "Bjud in kontakt",
	"extension.liveshare.inviteEmail.title": "Bjud in via e-post",
	"extension.liveshare.remove.title": "Ta bort",
	"extension.liveshare.changeStatus.title": "Ändra status",
	"extension.liveshare.openChanges.title": "Öppna ändringar",
	"extension.liveshare.openFile.title": "Öppna fil",
	"extension.liveshare.discardChanges.title": "Ta bort ändringar",
	"extension.liveshare.discardAllChanges.title": "Ignorera alla ändringar",
	"extension.liveshare.revertChange.title": "Återställ ändring",
	"extension.liveshare.sessionDetails.title": "Sessionsinformation",
	"extension.liveshare.plannedSessions.title": "Planerade sessioner",
	"extension.liveshare.contacts.title": "Kontaktperson",
	"extension.liveshare.createlink.title": "Skapa en återanvändbar sessionslänk",
	"extension.liveshare.createPlannedSessionLink.title": "Ny planerad session",
	"extension.liveshare.deletePlannedSession.title": "Ta bort planerad session",
	"extension.liveshare.renamePlannedSession.title": "Byt namn på planerad session",
	"extension.liveshare.copyPlannedSessionLink.title": "Kopiera planerad sessionslänk",
	"extension.liveshare.joinPlannedSession.title": "Starta planerad session",
	"extension.liveshare.displayName.title": "Live Share",
	"extension.liveshare.description.title": "Samarbetsutveckling i realtid från dina favorit verktyg.",
	"extension.liveshare.liveShare.title": "Live Share",
	"extension.liveshare.liveShareConfiguration.title": "Visual Studio Live Share",
	"extension.liveshare.diagnosticLogging.title": "Aktiverar Visual Studio Live Share utgångskanal.",
	"extension.liveshare.diagnosticMode.title": "Aktiverar diagnostiska aviseringar och loggar.",
	"extension.liveshare.anonymousGuestApproval.title": "Styr hur anslutningsbegäranden från anonyma gäster ska hanteras.",
	"extension.liveshare.diagnosticLoggingLevel.title": "Specifies the level of logging output from Visual Studio Live Share Extension",
	"extension.liveshare.accountProvider.title": "Önskad kontoleverantör har registrerats med nyckelringen för Visual Studio Live Share-inloggning.",
	"extension.liveshare.authenticationProvider.title": "Autentiseringsleverantör för VS Code (förhandsversion)",
	"extension.liveshare.account.title": "Önskat konto registrerat med nyckelringen för Visual Studio Live Share-inloggning.",
	"extension.liveshare.connectionMode.title": "Typ av anslutning som används för samarbete; standardläget (Auto) föredrar en direktanslutning, men kan återgå till en molnvidarebefordring om direktanslutningen misslyckades.",
	"extension.liveshare.nameTagVisibility.title": "Anger när en deltagares namntagg ska visas istället för bara markören.",
	"extension.liveshare.guestApprovalRequired.title": "Kontrollerar om värden måste godkänna gästbegäranden explicit för att ansluta till samarbetssessioner.",
	"extension.liveshare.shareExternalFiles.title": "Dela ut externa filer som öppnas av värden automatiskt under en samarbetssession.",
	"extension.liveshare.joinDebugSessionOption.title": "Styr hur deltagaren kommer att ansluta till inkommande delade felsökningssessioner.",
	"extension.liveshare.showInStatusBar.title": "Visa eller Dölj Live Share statusfältsobjekt.",
	"extension.liveshare.sharedTerminalWidth.title": "Bredd på delat terminalfönster, tecken.",
	"extension.liveshare.sharedTerminalHeight.title": "Höjden på det delade terminalfönstret, tecken.",
	"extension.liveshare.features.markdownDescription": "Kontrollerar uppsättning av aktiva funktioner. Genom att välja `insiders` godkänner du [licensvillkor för förhandsversion av programvara](https://aka.ms/vsls-license-preview) och [Sekretesspolicy](https://aka.ms/vsls-privacy).",
	"extension.liveshare.keepAliveInterval.title": "Anger antalet sekunder som ska förflyta innan Keep-Alive-meddelanden skickas i en inaktiv session, som används för att identifiera onormal frånkoppling från nätverket. Ställ in på-1 för att inaktivera sändning av Keep-Alive-meddelanden.",
	"extension.liveshare.allowGuestTaskControl.title": "Tillåt att gäster kör och avslutar arbetsytans uppgifter.",
	"extension.liveshare.allowGuestDebugControl.title": "Tillåt att gäster startar och stoppar felsökningssessioner.",
	"extension.liveshare.allowGuestCommandControl.title": "Tillåt att gäster att köra godtyckliga kommandon via Code Actions (\"snabbkorrigeringar\") och CodeLens",
	"extension.liveshare.allowGuestExecuteCells.title": "Tillåt att gäster kör anteckningsboksceller",
	"extension.liveshare.focusBehavior.title": "Anger hur du svarar på fokuseringsbegäranden från andra deltagare.",
	"extension.liveshare.alwaysFollowHost.title": "Säkerställer att sessionens värd alltid följs.",
	"extension.liveshare.showReadOnlyUsersInEditor.title": "Kontrollerar synlighet för markör och markeringar för skrivskyddade användare.",
	"extension.liveshare.increasedGuestLimit.title": "Ökar gästgränsen från 5 till 30.",
	"extension.liveshare.autoShareTerminals.title": "Kontrollerar om terminaler delas automatiskt med gäster (skrivskyddade).",
	"extension.liveshare.codeLens.title": "Anger om CodeLens ska visas för att starta en samarbetssession.",
	"extension.liveshare.showVerboseNotifications.title": "Kontrollerar om utförliga meddelanden ska visas, till exempel när en gäst ansluter och lämnar en session.",
	"extension.liveshare.populateGitCoAuthors.title": "Anger när git-commit-meddelandet ska fyllas i automatiskt med gästbehörighet (med hjälp av Git-medförfattarens släpvagn).",
	"extension.liveshare.autoShareServers.title": "Anger om webbservrar ska delas automatiskt när de startas från de integrerade terminalerna eller välkända tillägg.",
	"extension.liveshare.openSharedServers.title": "Kontrollerar om delade servrar ska öppnas automatiskt i din standardwebbläsare.",
	"extension.liveshare.properties.title": "Agent-URI för att ansluta till Live Share-tjänster",
	"extension.liveshare.joinedInfo.title": "Koppla information",
	"extension.liveshare.localPath.title": "Lokal sökväg för arbetsytan",
	"extension.liveshare.pipeName.title": "Pipe-namn för att begära värdtjänster",
	"extension.liveshare.adapterProxy.title": "Adapterproxyn",
	"extension.liveshare.taskDefinitionsProperties.title": "Det unika ID:t för fjärruppgiften.",
	"extension.liveshare.taskDefinitionsExecId.title": "Körnings-ID:t anger att uppgiften är kopplad till en övervakningsprocess. Om inget körnings-ID har angetts är det en användarutlöst uppgift.",
	"extension.liveshare.comments.createThread.title": "Skapa en kommentarstråd",
	"extension.liveshare.comments.reply.title": "Svara",
	"extension.liveshare.comments.editComment.title": "Redigera",
	"extension.liveshare.comments.deleteComment.title": "Ta bort kommentar",
	"extension.liveshare.comments.deleteThread.title": "Ta bort kommentarstråd",
	"extension.liveshare.comments.saveComment.title": "Spara",
	"extension.liveshare.comments.cancelEditComment.title": "Avbryt",
	"extension.liveshare.allowInvites.title": "Anger vem som ska tillåta sessions-inbjudningar från.",
	"extension.liveshare.viewsWelcome.contents": "Starta samtidig redigering och felsökning med andra i realtid.\r\n\r\n[Dela](kommando:liveshare.startFromWelcomeContent)\r\n\r\nDu kan också [dela med skrivskydd](kommando:liveshare.startReadOnlyFromWelcomeContent)-behörigheter och ansluta till andras sessioner.\r\n\r\n[Ansluta](kommando:liveshare.joinFromWelcomeContent)\r\n\r\nLäs mer om hur du använder Live Share-[läs våra dokument](https://docs.microsoft.com/en-us/visualstudio/liveshare/use/vscode).",
	"extension.liveshare.accessibility.accessibilityFeaturesEnabled.description": "Enables various accessibility features, such as audio cues about what is happening in the session.",
	"extension.liveshare.accessibility.outputDevice.description": "Output device to play audio in accessibility mode.",
	"extension.liveshare.accessibility.voiceVolume.description": "Controls the volume of voice audio in accessibility mode (between 0 and 100).",
	"extension.liveshare.accessibility.soundVolume.description": "Controls the volume of sound audio in accessibility mode (between 0 and 100).",
	"extension.liveshare.accessibility.speechRate.description": "Controls the rate of speech in accessibility mode.",
	"extension.liveshare.accessibility.voice.description": "The voice used for speech in accessibility mode.",
	"extension.liveshare.accessibility.voiceEnabled.description": "Enables spoken announcements about activity.",
	"extension.liveshare.accessibility.soundsEnabled.description": "Enables sound effects about activity.",
	"extension.liveshare.launcherClient.title": "Anger vilken klient som ska startas när du klickar på en live filresurs-URL."
}