{
	"extension.liveshare.start.title": "开始协作会话(共享)",
	"extension.liveshare.startPresentation.title": "开始演示会话",
	"extension.liveshare.join.title": "加入协作会话",
	"extension.liveshare.end.title": "停止协作会话",
	"extension.liveshare.searchContacts.title": "搜索联系人",
	"extension.liveshare.removeInvitedContactFromFileTreeExplorer.title": "移除已被邀请的联系人",
	"extension.liveshare.removeInvitedContactFromActivityBar.title": "移除已被邀请的联系人",
	"extension.liveshare.presence.description": "控制是否将你的忙闲状态发布给其他用户，并允许在工具内邀请进行协作会话",
	"extension.liveshare.publishWorkspaceInfo.description": "控制是否将当前工作区文件夹发布给其他用户",
	"extension.liveshare.comments.description": "控制是否允许在协作会话中使用注释",
	"extension.liveshare.selectPresenceProvider.title": "配置状态",
	"extension.liveshare.signInWithBrowser.title": "使用浏览器登录",
	"extension.liveshare.installRecovery.title": "修复安装",
	"extension.liveshare.signInWithUserCode.title": "使用用户代码登录",
	"extension.liveshare.signInPresence.title": "脱机",
	"extension.liveshare.signOut.title": "注销",
	"extension.liveshare.signOutPresence.title": "Sign Out (Presence)",
	"extension.liveshare.leave.title": "退出协作会话",
	"extension.liveshare.copyLink.title": "复制协作链接",
	"extension.liveshare.joinDebug.title": "加入调试会话",
	"extension.liveshare.showSharedServers.title": "显示共享服务器",
	"extension.liveshare.shareServer.title": "共享服务器",
	"extension.liveshare.openServerInBrowser.title": "在浏览器中打开服务器",
	"extension.liveshare.unshareServer.title": "取消共享服务器",
	"extension.liveshare.copyServerURL.title": "复制服务器 URL",
	"extension.liveshare.focusParticipants.title": "焦点参与者",
	"extension.liveshare.listParticipants.title": "列出参与者",
	"extension.liveshare.followParticipant.title": "关注参与者",
	"extension.liveshare.followParticipantToSide.title": "一直关注参与者",
	"extension.liveshare.followToSide.title": "关注一端",
	"extension.liveshare.unfollowParticipant.title": "取消关注参与者",
	"extension.liveshare.focusParticipant.title": "Focus Participant",
	"extension.liveshare.changePresenter.title": "更改演示者",
	"extension.liveshare.removeParticipant.title": "删除参与者",
	"extension.liveshare.blockParticipant.title": "Block Participant",
	"extension.liveshare.removeTerminal.title": "删除终端",
	"extension.liveshare.exportLogs.title": "导出日志",
	"extension.liveshare.getCoeditingInformation.title": "Get co-editing information",
	"extension.liveshare.shareTerminal.title": "共享终端",
	"extension.liveshare.showSharedTerminals.title": "显示共享的终端",
	"extension.liveshare.help.title": "帮助",
	"extension.liveshare.focusTerminal.title": "聚焦到终端",
	"extension.liveshare.makeReadWrite.title": "进行读取/写入",
	"extension.liveshare.makeReadOnly.title": "设为只读",
	"extension.liveshare.startReadOnlySession.title": "启动只读协作会话",
	"extension.liveshare.signIn.title": "登录",
	"extension.liveshare.statusAvailable.title": "状态: 可用",
	"extension.liveshare.statusAway.title": "状态: 离开",
	"extension.liveshare.statusBusy.title": "状态: 忙碌",
	"extension.liveshare.statusDoNotDisturb.title": "状态: 请勿打扰",
	"extension.liveshare.statusInvisible.title": "状态: 不可见",
	"extension.liveshare.chatOpenSession.title": "Open session chat",
	"extension.liveshare.inviteContact.title": "邀请联系人",
	"extension.liveshare.inviteEmail.title": "通过电子邮件邀请",
	"extension.liveshare.remove.title": "删除",
	"extension.liveshare.changeStatus.title": "更改状态",
	"extension.liveshare.openChanges.title": "打开更改",
	"extension.liveshare.openFile.title": "打开文件",
	"extension.liveshare.discardChanges.title": "放弃更改",
	"extension.liveshare.discardAllChanges.title": "放弃所有更改",
	"extension.liveshare.revertChange.title": "还原更改",
	"extension.liveshare.sessionDetails.title": "会话详细信息",
	"extension.liveshare.plannedSessions.title": "计划的会话",
	"extension.liveshare.contacts.title": "联系人",
	"extension.liveshare.createlink.title": "创建可重用会话链接",
	"extension.liveshare.createPlannedSessionLink.title": "新建计划的会话",
	"extension.liveshare.deletePlannedSession.title": "删除计划的会话",
	"extension.liveshare.renamePlannedSession.title": "重命名计划的会话",
	"extension.liveshare.copyPlannedSessionLink.title": "复制计划的会话链接",
	"extension.liveshare.joinPlannedSession.title": "启动计划的会话",
	"extension.liveshare.displayName.title": "Live Share",
	"extension.liveshare.description.title": "使用最常用的工具进行实时协作开发。",
	"extension.liveshare.liveShare.title": "Live Share",
	"extension.liveshare.liveShareConfiguration.title": "Visual Studio Live Share 配置",
	"extension.liveshare.diagnosticLogging.title": "Enables the Visual Studio Live Share output channel.",
	"extension.liveshare.diagnosticMode.title": "Enables diagnostic notifications and logs.",
	"extension.liveshare.anonymousGuestApproval.title": "控制如何处理来自匿名(只读)来宾的联接请求。",
	"extension.liveshare.diagnosticLoggingLevel.title": "Specifies the level of logging output from Visual Studio Live Share Extension",
	"extension.liveshare.accountProvider.title": "向密钥链注册以用于 Visual Studio Live Share 登录的首选帐户提供程序。",
	"extension.liveshare.authenticationProvider.title": "VS Code Authentication provider (Preview)",
	"extension.liveshare.account.title": "向密钥链注册以用于 Visual Studio Live Share 登录的首选帐户。",
	"extension.liveshare.connectionMode.title": "用于协作的连接类型；默认(自动)默认首选直接连接，但如果直接连接失败，则可能回退到云中继。",
	"extension.liveshare.nameTagVisibility.title": "控制何时显示参与者的姓名标记，而不仅仅是其光标。",
	"extension.liveshare.guestApprovalRequired.title": "控制主机是否需要显式批准来宾请求以加入协作会话。",
	"extension.liveshare.shareExternalFiles.title": "自动共享主机在协作会话期间打开的外部文件。",
	"extension.liveshare.joinDebugSessionOption.title": "控制参与者将如何加入传入的共享调试会话。",
	"extension.liveshare.showInStatusBar.title": "显示或隐藏 Live Share 状态栏项目。",
	"extension.liveshare.sharedTerminalWidth.title": "共享终端窗格的宽度(字符数)。",
	"extension.liveshare.sharedTerminalHeight.title": "共享终端窗格的高度(字符数)。",
	"extension.liveshare.features.markdownDescription": "控制活动功能集。选择 \"insiders\" 即表示你同意[预发布软件许可条款](https://aka.ms/vsls-license-preview)和[隐私声明](https://aka.ms/vsls-privacy)。",
	"extension.liveshare.keepAliveInterval.title": "设置在空闲会话中发送保持活动状态消息之前要等待的时间(秒)，这用于检测网络异常断开连接的情况。设置为 -1 会禁止发送保持活动状态消息。",
	"extension.liveshare.allowGuestTaskControl.title": "允许来宾运行和终止工作区任务。",
	"extension.liveshare.allowGuestDebugControl.title": "允许来宾启动和停止调试会话。",
	"extension.liveshare.allowGuestCommandControl.title": "允许来宾通过代码操作(“快速修复”)和 CodeLens 运行任意命令",
	"extension.liveshare.allowGuestExecuteCells.title": "Allow guests to run notebook cells",
	"extension.liveshare.focusBehavior.title": "指定如何响应来自其他参与者的焦点请求。",
	"extension.liveshare.alwaysFollowHost.title": "确保始终跟随会话的主持人。",
	"extension.liveshare.showReadOnlyUsersInEditor.title": "控制光标的可见性并突出显示只读用户。",
	"extension.liveshare.increasedGuestLimit.title": "将来宾限制从 5 人提高到 30 人。",
	"extension.liveshare.autoShareTerminals.title": "控制终端是否自动与来宾共享(只读)。",
	"extension.liveshare.codeLens.title": "控制是否显示用于启动协作会话的 CodeLens。",
	"extension.liveshare.showVerboseNotifications.title": "控制是否显示详细通知，例如来宾何时加入和退出会话。",
	"extension.liveshare.populateGitCoAuthors.title": "指定何时使用来宾属性自动填充 Git 提交消息(使用 git 共同作者预告片)。",
	"extension.liveshare.autoShareServers.title": "控制 Web 服务器在从集成终端或已知扩展启动时是否自动共享。",
	"extension.liveshare.openSharedServers.title": "控制是否在默认浏览器中自动打开共享服务器。",
	"extension.liveshare.properties.title": "要连接到 Live Share 服务的代理 URI",
	"extension.liveshare.joinedInfo.title": "加入信息",
	"extension.liveshare.localPath.title": "工作区的本地路径",
	"extension.liveshare.pipeName.title": "请求主机服务的管道名称",
	"extension.liveshare.adapterProxy.title": "适配器代理",
	"extension.liveshare.taskDefinitionsProperties.title": "远程任务的唯一 ID。",
	"extension.liveshare.taskDefinitionsExecId.title": "执行 ID 指示任务与监视进程相关联。如果未指定执行 ID，则这是用户触发的任务。",
	"extension.liveshare.comments.createThread.title": "创建注释线程",
	"extension.liveshare.comments.reply.title": "回复",
	"extension.liveshare.comments.editComment.title": "编辑",
	"extension.liveshare.comments.deleteComment.title": "删除注释",
	"extension.liveshare.comments.deleteThread.title": "删除注释线程",
	"extension.liveshare.comments.saveComment.title": "保存",
	"extension.liveshare.comments.cancelEditComment.title": "取消",
	"extension.liveshare.allowInvites.title": "指定允许谁发送会话邀请。",
	"extension.liveshare.viewsWelcome.contents": "[共享(读写)](command:liveshare.startFromWelcomeContent)\r\n\r\n[共享(只读)](command:liveshare.startReadOnlyFromWelcomeContent)\r\n\r\n[加入](command:liveshare.joinFromWelcomeContent)\r\n\r\n在[此处](https://docs.microsoft.com/en-us/visualstudio/liveshare/use/vscode)详细了解 Live Share。",
	"extension.liveshare.accessibility.accessibilityFeaturesEnabled.description": "Enables various accessibility features, such as audio cues about what is happening in the session.",
	"extension.liveshare.accessibility.outputDevice.description": "Output device to play audio in accessibility mode.",
	"extension.liveshare.accessibility.voiceVolume.description": "Controls the volume of voice audio in accessibility mode (between 0 and 100).",
	"extension.liveshare.accessibility.soundVolume.description": "Controls the volume of sound audio in accessibility mode (between 0 and 100).",
	"extension.liveshare.accessibility.speechRate.description": "Controls the rate of speech in accessibility mode.",
	"extension.liveshare.accessibility.voice.description": "The voice used for speech in accessibility mode.",
	"extension.liveshare.accessibility.voiceEnabled.description": "Enables spoken announcements about activity.",
	"extension.liveshare.accessibility.soundsEnabled.description": "Enables sound effects about activity.",
	"extension.liveshare.launcherClient.title": "Specifies the client to launch when clicking on a Live Share URL."
}