{
    "bookmarks.activitybar.title": "书签",
    "bookmarks.views.Explorer.name": "浏览器",
    "bookmarks.views.HelpAndFeedback.name": "帮助和反馈",
    "bookmarks.viewsWelcome.bookmarksExplorer.contents.whenEmpty": "为了使用书签，你需要打开一个文件夹或工作区。\n[打开文件夹](command:_bookmarks.openFolderWelcome)\n[打开工作区](command:workbench.action.openWorkspace)\n可以[阅读文档](http://github.com/alefragnani/vscode-bookmarks/#bookmarks)了解关于 VS Code 中使用书签的更多信息。",
    "bookmarks.viewsWelcome.bookmarksExplorer.contents.whenNoFileOpen": "目前无书签。\n为了使用书签，你需要在编辑器中打开一个文件。\n[打开文件](command:workbench.action.quickOpen)\n可以[阅读文档](http://github.com/alefragnani/vscode-bookmarks/#bookmarks)了解关于 VS Code 中使用书签的更多信息。",
    "bookmarks.viewsWelcome.bookmarksExplorer.contents.whenHasFileOpen": "目前无书签。\n为了使用书签，你需要将光标放在文件的任意位置，然后运行命令：\n[书签: 开关](command:bookmarks.toggle)\n可以[阅读文档](http://github.com/alefragnani/vscode-bookmarks/#bookmarks)了解关于 VS Code 中使用书签的更多信息。",
    "bookmarks.editor.context.label": "书签",
    "bookmarks.editor.title.label": "书签",
    "bookmarks.commands.category.bookmarks": "书签",
    "bookmarks.commands.category.bookmarks.selection": "书签（选择）",
    "bookmarks.commands.toggle.title": "开关",
    "bookmarks.commands.jumpToNext.title": "跳至下一个",
    "bookmarks.commands.jumpToPrevious.title": "跳至上一个",
    "bookmarks.commands.jumpTo.title": "跳转至文档/行",
    "bookmarks.commands.selectLines.title": "选中的行",
    "bookmarks.commands.expandSelectionToNext.title": "将选择展开到下一个",
    "bookmarks.commands.expandSelectionToPrevious.title": "将选择展开到上一个",
    "bookmarks.commands.shrinkSelection.title": "收缩选择",
    "bookmarks.commands.list.title": "列表",
    "bookmarks.commands.toggleLabeled.title": "含标签的开关",
    "bookmarks.commands.refresh.title": "刷新",
    "bookmarks.commands.viewAsTree#sideBar.title": "以树的形式查看",
    "bookmarks.commands.viewAsList#sideBar.title": "以列表形式查看",
    "bookmarks.commands.openSettings.title": "打开设置",
    "bookmarks.commands.hidePosition.title": "隐藏位置",
    "bookmarks.commands.showPosition.title": "显示位置",
    "bookmarks.commands.clear.title": "清空",
    "bookmarks.commands.clearFromFile.title": "清空",
    "bookmarks.commands.deleteBookmark.title": "删除",
    "bookmarks.commands.editLabel.title": "编辑标签",
    "bookmarks.commands.listFromAllFiles.title": "列出所有书签",
    "bookmarks.commands.clearFromAllFiles.title": "清空所有书签",
    "bookmarks.commands.whatsNew.title": "有什么新特性",
    "bookmarks.commands.whatsNewContextMenu.title": "有什么新特性",
    "bookmarks.commands.openFolderWelcome.title": "打开文件夹",
    "bookmarks.commands.supportBookmarks.title": "支持书签",
    "bookmarks.configuration.title": "书签",
    "bookmarks.configuration.saveBookmarksInProject.description": "允许书签保存（恢复）在本地。",
    "bookmarks.configuration.gutterIconPath.description": "自定义书签图标的图片路径。",
    "bookmarks.configuration.backgroundLineColor.description": "装饰器的背景色。使用 rgba() 并定义透明背景颜色以与其他装饰一起使用。例如：rgba(21, 126, 251, 0.1)",
    "bookmarks.configuration.backgroundLineColor.deprecation": "在 `workbench.colorCustomizations` 中使用 `bookmarks.lineBackground` 代替。",
    "bookmarks.configuration.navigateThroughAllFiles.description": "允许导航查找项目中所有文件中的书签，而不仅仅是当前文件的书签。",
    "bookmarks.configuration.wrapNavigation.description": "允许导航在第一个和最后一个书签的范围内（当前文件或所有文件）循环跳转。",
    "bookmarks.configuration.useWorkaroundForFormatters.description": "启用对 Prettier 等格式化工具的一个解决方案。若不启用该方案时格式化，本扩展收不到文件变更通知，书签的定位会被扰乱。",
    "bookmarks.configuration.experimental.enableNewStickyEngine.description": "实验性的。 启用新的粘性引擎，支持格式化程序、改进的源更改检测和撤消操作",
    "bookmarks.configuration.keepBookmarksOnLineDelete.description": "指定是否应将已删除行上的书签保留在文件中，将其移至下一行，而不是将其与切换的行一起删除。",
    "bookmarks.configuration.showNoMoreBookmarksWarning.description": "指定在书签不再存在时尝试在书签之间导航时是否显示通知。",
    "bookmarks.configuration.showCommandsInContextMenu.description": "允许在上下文菜单中显示书签命令（开关、跳至上一个、跳至下一个）。",
    "bookmarks.configuration.sidebar.expanded.description": "在书签侧边栏中默认显示展开的书签。",
    "bookmarks.configuration.multicursor.toggleMode.description": "指定多光标新建书签时对已有书签行的处理方式。",
    "bookmarks.configuration.multicursor.toggleMode.enumDescriptions.allLinesAtOnce": "如果至少有一行没有书签，则在所有选中的行创建书签。",
    "bookmarks.configuration.multicursor.toggleMode.enumDescriptions.eachLineIndependently": "分别开关每一个选中的行的书签。",
    "bookmarks.configuration.label.suggestion.description": "指定新建含标签的开关时建议标签的生成方式。",
    "bookmarks.configuration.label.suggestion.enumDescriptions.dontUse": "无建议的标签，需要手动输入标签。",
    "bookmarks.configuration.label.suggestion.enumDescriptions.useWhenSelected": "使用选择的文本作为标签，不需要额外的确认。",
    "bookmarks.configuration.label.suggestion.enumDescriptions.suggestWhenSelected": "使用选择的文本作为标签，需要额外的确认。",
    "bookmarks.configuration.label.suggestion.enumDescriptions.suggestWhenSelectedOrLineWhenNoSelected": "使用选择的文本或（无选择的文本时）使用整个行作为标签，需要额外的确认。",
    "bookmarks.colors.lineBackground.description": "书签行的背景色",
    "bookmarks.colors.lineBorder.description": "书签行的外边框颜色",
    "bookmarks.colors.overviewRuler.description": "概览标尺中书签行的颜色"
}