{
    "bookmarks.activitybar.title": "Bookmarks",
    "bookmarks.views.Explorer.name": "Explorer",
    "bookmarks.views.HelpAndFeedback.name": "Ajuda e Comentários",
    "bookmarks.viewsWelcome.bookmarksExplorer.contents.whenEmpty": "Para usar Bookmarks, você deve primeiro abrir uma pasta ou uma workspace.\n[Abrir uma Pasta](command:_bookmarks.openFolderWelcome)\n[Abrir um Workspace](command:workbench.action.openWorkspace)\nPara saber mais sobre como usar Bookmarks no VS Code [leia a documentação](http://github.com/alefragnani/vscode-bookmarks/#bookmarks).",
    "bookmarks.viewsWelcome.bookmarksExplorer.contents.whenNoFileOpen": "Sem bookmarks ainda.\nPara usar Bookmarks, você deve abrir um arquivo no editor.\n[Abrir um arquivo](command:workbench.action.quickOpen)\nPara saber mais sobre como usar Bookmarks no VS Code [leia a documentação](http://github.com/alefragnani/vscode-bookmarks/#bookmarks).",
    "bookmarks.viewsWelcome.bookmarksExplorer.contents.whenHasFileOpen": "Sem bookmarks ainda.\nPara usar Bookmarks, posicione o cursor em qualquer lugar no arquivo e execute o comando:\n[Bookmarks: Toggle](command:bookmarks.toggle)\nPara saber mais sobre como usar Bookmarks no VS Code [leia a documentação](http://github.com/alefragnani/vscode-bookmarks/#bookmarks).",
    "bookmarks.editor.context.label": "Bookmarks",
    "bookmarks.editor.title.label": "Bookmarks",
    "bookmarks.commands.category.bookmarks": "Bookmarks",
    "bookmarks.commands.category.bookmarks.selection": "Bookmarks (Seleção)",
    "bookmarks.commands.toggle.title": "Alternar",
    "bookmarks.commands.jumpToNext.title": "Pular para o Próximo",
    "bookmarks.commands.jumpToPrevious.title": "Pular para o Anterior",
    "bookmarks.commands.jumpTo.title": "Pular para o Documento/Linha",
    "bookmarks.commands.selectLines.title": "Selecionar Linhas",
    "bookmarks.commands.expandSelectionToNext.title": "Expandir Seleção para o Próximo",
    "bookmarks.commands.expandSelectionToPrevious.title": "Expandir Seleção para o Anterior",
    "bookmarks.commands.shrinkSelection.title": "Contrair Seleção",
    "bookmarks.commands.list.title": "Listar",
    "bookmarks.commands.toggleLabeled.title": "Alterar Rotulado",
    "bookmarks.commands.refresh.title": "Atualizar",
    "bookmarks.commands.viewAsTree#sideBar.title": "Exibir como Árvore",
    "bookmarks.commands.viewAsList#sideBar.title": "Exibir como Lista",
    "bookmarks.commands.openSettings.title": "Abrir Configurações",
    "bookmarks.commands.hidePosition.title": "Ocultar Posição",
    "bookmarks.commands.showPosition.title": "Mostrar Posição",
    "bookmarks.commands.clear.title": "Limpar",
    "bookmarks.commands.clearFromFile.title": "Limpar",
    "bookmarks.commands.deleteBookmark.title": "Apagar",
    "bookmarks.commands.editLabel.title": "Editar Rótulo",
    "bookmarks.commands.listFromAllFiles.title": "Listar de Todos os Arquivos",
    "bookmarks.commands.clearFromAllFiles.title": "Limpar de Todos os Arquivos",
    "bookmarks.commands.whatsNew.title": "Novidades",
    "bookmarks.commands.whatsNewContextMenu.title": "Novidades",
    "bookmarks.commands.openFolderWelcome.title": "Abrir Pasta",
    "bookmarks.commands.supportBookmarks.title": "Suporte Bookmarks",
    "bookmarks.configuration.title": "Bookmarks",
    "bookmarks.configuration.saveBookmarksInProject.description": "Permite que os Bookmarks sejam salvos (e restaurados) localmente no Projeto/Pasta aberto ao invés do VS Code",
    "bookmarks.configuration.gutterIconPath.description": "Caminho para outra imagem a ser apresentada como Bookmark",
    "bookmarks.configuration.backgroundLineColor.description": "Cor de fundo da decoração. Use rgba() e defina cores de fundo transparentes para combinarem bem com outras decorações. Ex.: rgba(21, 126, 251, 0.1)",
    "bookmarks.configuration.backgroundLineColor.deprecation": "Use `bookmarks.lineBackground` em `workbench.colorCustomizations`",
    "bookmarks.configuration.navigateThroughAllFiles.description": "Permite que a navegação apresente Bookmarks em todos os arquivos do projeto, ao invés de apenas no arquivo corrente",
    "bookmarks.configuration.wrapNavigation.description": "Permite que a navegação fique em círculos ente o primeiro e último Bookmark no escopo (arquivo corrente ou todos os arquivos)",
    "bookmarks.configuration.useWorkaroundForFormatters.description": "Use a solução alternativa para formatadores como Prettier, os quais não notificam de mudanças no documento e acabam bagunçando o comportamento Sticky (atrelado a linha de código) do Bookmark",
    "bookmarks.configuration.experimental.enableNewStickyEngine.description": "Experimental. Ativa o novo motor Sticky engine com suporte a Formatadores, detecção de mudança de fonte e operações de desfazer melhoradas",
    "bookmarks.configuration.keepBookmarksOnLineDelete.description": "Determina se bookmarks em linhas excluídas devem ser mantidos no arquivo, movendo-os para a próxima linha, ao invés de excluídos com a linha onde se encontravam",
    "bookmarks.configuration.showNoMoreBookmarksWarning.description": "Define se uma notificação deve ser apresentada quando navegando entre bookmarks, não houverem mais bookmarks.",
    "bookmarks.configuration.showCommandsInContextMenu.description": "Define se os comandos Bookmarks são apresentados no menu de contexto",
    "bookmarks.configuration.sidebar.expanded.description": "Define se a Side Bar deve ser exibida expandida",
    "bookmarks.configuration.multicursor.toggleMode.description": "Define como funciona são tratadas as linhas que já possuem bookmark quando utiliza-se multicursor",
    "bookmarks.configuration.multicursor.toggleMode.enumDescriptions.allLinesAtOnce": "Cria bookmarks em todas as linhas selecionadas de uma só vez, se ao menos uma linha não tiver bookmark",
    "bookmarks.configuration.multicursor.toggleMode.enumDescriptions.eachLineIndependently": "Literalmente alterna o bookmark em cada linha, ao invés de deixar todas as linhas iguais",
    "bookmarks.configuration.label.suggestion.description": "Define como rótulos são sugeridos quando se cria Bookmarks",
    "bookmarks.configuration.label.suggestion.enumDescriptions.dontUse": "Não usa a seleção (comportamento padrão).",
    "bookmarks.configuration.label.suggestion.enumDescriptions.useWhenSelected": "Usa o texto selecionado (se disponível) diretamente, sem solicitar confirmação.",
    "bookmarks.configuration.label.suggestion.enumDescriptions.suggestWhenSelected": "Sugere o texto selecionado (se disponível). Você ainda precisa confirmar.",
    "bookmarks.configuration.label.suggestion.enumDescriptions.suggestWhenSelectedOrLineWhenNoSelected": "Sugere o texto selecionado (se disponível) ou a toda a linha (quando não houver seleção). Você ainda precisa confirmar.",
    "bookmarks.colors.lineBackground.description": "Cor de fundo para linha com Bookmark",
    "bookmarks.colors.lineBorder.description": "Cor de fundo da borda ao redor da linha com Bookmark",
    "bookmarks.colors.overviewRuler.description": "Cor do marcador de régua com Bookmarks"
}