{
    "bookmarks.activitybar.title": "Bookmarks",
    "bookmarks.views.Explorer.name": "Explorador",
    "bookmarks.views.HelpAndFeedback.name": "Ayuda y Feedback",
    "bookmarks.viewsWelcome.bookmarksExplorer.contents.whenEmpty": "Para poder usar Bookmarks, debes tener abierto un espacio de trabajo o una carpeta primero.\n[Abrir Carpeta](command:_bookmarks.openFolderWelcome)\n[Abrir Espacio de Trabajo](command:workbench.action.openWorkspace)\nPara aprender mas sobre Bookmarks en VS Code [Lee la documentación](http://github.com/alefragnani/vscode-bookmarks/#bookmarks).",
    "bookmarks.viewsWelcome.bookmarksExplorer.contents.whenNoFileOpen": "Aun no tienes ningún marcador.\nPara poder usar Bookmarks, debes tener abierto un archivo en el editor.\n[Abrir archivo](command:workbench.action.quickOpen)\nPara aprender mas sobre Bookmarks en VS Code [Lee la documentación](http://github.com/alefragnani/vscode-bookmarks/#bookmarks).",
    "bookmarks.viewsWelcome.bookmarksExplorer.contents.whenHasFileOpen": "Aun no tienes ningún marcador.\nPara poder usar Bookmarks, debes colocar el cursor en cualquier punto del documento y ejecutar el comando:\n[Bookmarks: Activar](command:bookmarks.toggle)\nPara aprender mas sobre Bookmarks en VS Code [Lee la documentación](http://github.com/alefragnani/vscode-bookmarks/#bookmarks).",
    "bookmarks.editor.context.label": "Bookmarks",
    "bookmarks.editor.title.label": "Bookmarks",
    "bookmarks.commands.category.bookmarks": "Bookmarks",
    "bookmarks.commands.category.bookmarks.selection": "Bookmarks (Selección)",
    "bookmarks.commands.toggle.title": "Activar",
    "bookmarks.commands.jumpToNext.title": "Saltar al Siguiente",
    "bookmarks.commands.jumpToPrevious.title": "Saltar al Anterior",
    "bookmarks.commands.jumpTo.title": "Saltar al Documento/Línea",
    "bookmarks.commands.selectLines.title": "Seleccionar Líneas",
    "bookmarks.commands.expandSelectionToNext.title": "Expandir Selección al Siguiente",
    "bookmarks.commands.expandSelectionToPrevious.title": "Expandir Selección al Anterior",
    "bookmarks.commands.shrinkSelection.title": "Reducir Selección",
    "bookmarks.commands.list.title": "Listar",
    "bookmarks.commands.toggleLabeled.title": "Activar Etiquetados",
    "bookmarks.commands.refresh.title": "Actualizar",
    "bookmarks.commands.viewAsTree#sideBar.title": "Ver como Árbol",
    "bookmarks.commands.viewAsList#sideBar.title": "Ver como Lista",
    "bookmarks.commands.openSettings.title": "Abrir Opciones",
    "bookmarks.commands.hidePosition.title": "Ocultar posición",
    "bookmarks.commands.showPosition.title": "Mostrar posición",
    "bookmarks.commands.clear.title": "Limpiar",
    "bookmarks.commands.clearFromFile.title": "Limpiar",
    "bookmarks.commands.deleteBookmark.title": "Borrar",
    "bookmarks.commands.editLabel.title": "Editar Etiqueta",
    "bookmarks.commands.listFromAllFiles.title": "Listar de Todos los Archivos",
    "bookmarks.commands.clearFromAllFiles.title": "Eliminar de Todos los Archivos",
    "bookmarks.commands.whatsNew.title": "¿Que hay nuevo?",
    "bookmarks.commands.whatsNewContextMenu.title": "¿Que hay nuevo?",
    "bookmarks.commands.openFolderWelcome.title": "Abrir Carpeta",
    "bookmarks.commands.supportBookmarks.title": "Ayudar a Bookmarks",
    "bookmarks.configuration.title": "Bookmarks",
    "bookmarks.configuration.saveBookmarksInProject.description": "Permitir a bookmarks guardar (y recuperar)  localmente las carpetas/proyectos  en vez de VS Code",
    "bookmarks.configuration.gutterIconPath.description": "Ruta para mostrar otra imagen como Marcador",
    "bookmarks.configuration.backgroundLineColor.description": "Color de fondo del decorador. Se utiliza rgba(), permite el uso de fondos con transparencia. Ej.: rgba(21, 126, 251, 0.1)",
    "bookmarks.configuration.backgroundLineColor.deprecation": "Usa `bookmarks.lineBackground` en `workbench.colorCustomizations` en su lugar",
    "bookmarks.configuration.navigateThroughAllFiles.description": "Permitir la navegación entre los Marcadores de todos los archivos en lugar se solamente el actual",
    "bookmarks.configuration.wrapNavigation.description": "Permitir que la ventana se ajuste entre el primer y el último Marcador (del fichero actual o de todos)",
    "bookmarks.configuration.useWorkaroundForFormatters.description": "Utilizar una solución para formateadores como Prettier, los cuales no notifican cambios en el documento y rompen el funcionamiento de Bookmarks",
    "bookmarks.configuration.experimental.enableNewStickyEngine.description": "Experimental. Habilita el nuevo motor Sticky con soporte para formateadores, detecciones de cambio de fuente mejoradas y operaciones de deshacer",
    "bookmarks.configuration.keepBookmarksOnLineDelete.description": "Especifica si los marcadores en la línea eliminada deben mantenerse en el archivo, moviéndolos hacia abajo a la línea siguiente, en lugar de eliminarlos con la línea donde se alternaron.",
    "bookmarks.configuration.showNoMoreBoomarksWarning.description": "Especifíca cuando msotrar una notificación si se intenta navegar mas allá de el último Marcador.",
    "bookmarks.configuration.showCommandsInContextMenu.description": "Especifíca como se muestran los comandos en el menú contextual de Bookmark",
    "bookmarks.configuration.sidebar.expanded.description": "Especifica si la barra lateral se muestra expandida",
    "bookmarks.configuration.multicursor.toggleMode.description": "Especifíca como se trata el modo multicursor cuando ya hay líneas con Marcadores",
    "bookmarks.configuration.multicursor.toggleMode.enumDescriptions.allLinesAtOnce": "Crea un Marcador en todas las líneas a la vez si al menos una de las líneas no tiene ya un Marcador",
    "bookmarks.configuration.multicursor.toggleMode.enumDescriptions.eachLineIndependently": "Cambia el Marcador de cada Línea en vez de marcar todas igual",
    "bookmarks.configuration.label.suggestion.description": "Especifica como se sugieren las etiquetas al crear un Marcador",
    "bookmarks.configuration.label.suggestion.enumDescriptions.dontUse": "No utilizar la selección (Comportamiento Original)",
    "bookmarks.configuration.label.suggestion.enumDescriptions.useWhenSelected": "Usa el texto seleccionado directamente (si está disponible) y sin requerir confirmación",
    "bookmarks.configuration.label.suggestion.enumDescriptions.suggestWhenSelected": "Sugiere el texto seleccionado (si está disponible). Se sigue requiriendo confirmación.",
    "bookmarks.configuration.label.suggestion.enumDescriptions.suggestWhenSelectedOrLineWhenNoSelected": "Sugiere el texto seleccionado (si esta disponible) o la línea entera (cuando no hay nada seleccionado). Se sigue requiriendo confirmación.",
    "bookmarks.colors.lineBackground.description": "Color de fondo de la línea con Marcador",
    "bookmarks.colors.lineBorder.description": "Color del borde de la línea con Marcador",
    "bookmarks.colors.overviewRuler.description": "Color general de fondo para todos los Marcadores"
}