{
  "rules": {
    "adjacent-overload-signatures": true,
    "member-access": true,
    "member-ordering": [false],
    "no-any": false,
    "no-empty-interface": false,
    "no-inferrable-types": [true],
    "no-internal-module": true,
    "no-magic-numbers": true,
    "no-namespace": true,
    "no-reference": true,
    "no-var-requires": false, // Currently using some untyped dependencies
    "only-arrow-functions": [true, "allow-declarations"],
    "prefer-for-of": true,
    "typedef": [true],
    "typedef-whitespace": [true,
      {
        "call-signature": "nospace",
        "index-signature": "nospace",
        "parameter": "nospace",
        "property-declaration": "nospace",
        "variable-declaration": "nospace"
      },
      {
        "call-signature": "onespace",
        "index-signature": "onespace",
        "parameter": "onespace",
        "property-declaration": "onespace",
        "variable-declaration": "onespace"
      }
    ],
    "curly": false,
    "forin": false,
    "label-position": true,
    "no-arg": true,
    "no-bitwise": false,
    "no-conditional-assignment": false,
    "no-console": [false], // Consider enabling this in CI
    "no-construct": true,
    "no-debugger": false, // Consider enabling this in CI
    "no-duplicate-variable": true,
    "no-empty": false, // Needed for cases where a function takes two callbacks and we only care about the second one
    "no-eval": true,
    "no-invalid-this": false,
    "no-null-keyword": false,
    "no-shadowed-variable": true,
    "no-string-literal": true,
    "no-string-throw": true,
    "no-switch-case-fall-through": true,
    "no-unsafe-finally": true,
    "no-unused-expression": true,
    "no-unused-new": true,
    "no-use-before-declare": true,
    "no-var-keyword": true,
    "radix": true,
    "switch-default": true,
    "triple-equals": true,
    "use-isnan": true,
    "cyclomatic-complexity": [true],
    "eofline": true,
    "indent": [true, "spaces"],
    "linebreak-style": [true, "LF"],
    "max-classes-per-file": [false],
    "max-file-line-count": [false],
    "max-line-length": [true, 80],
    "no-default-export": false,
    "no-mergeable-namespace": true,
    "no-require-imports": false, // Currently using some untyped dependencies
    "no-trailing-whitespace": true,
    "object-literal-sort-keys": false,
    "trailing-comma": [true,
      {
        "multiline": "never",
        "singleline": "never"
      }
    ],
    "align": [true, "parameters", "statements", "arguments"],
    "array-type": [true, "array"],
    "arrow-parens": false,
    "class-name": true,
    "comment-format": [true, "check-space"],
    "completed-docs": [false],
    "file-header": [false],
    "interface-name": [false],
    "interface-over-type-literal": true,
    "jsdoc-format": false,
    "new-parens": true,
    "no-angle-bracket-type-assertion": true,
    "no-consecutive-blank-lines": [true, 1],
    "no-parameter-properties": false,
    "object-literal-key-quotes": [true, "as-needed"],
    "object-literal-shorthand": true,
    "one-line": [true,
      "check-catch",
      "check-finally",
      "check-else",
      "check-open-brace",
      "check-whitespace"
    ],
    "one-variable-per-declaration": [false],
    "ordered-imports": [false],
    "quotemark": [true, "single", "avoid-escape"],
    "semicolon": [true,
      "always",
      "ignore-interfaces",
      "ignore-bound-class-methods"
    ],
    "variable-name": [true, "ban-keywords"],
    "whitespace": [true,
      "check-branch",
      "check-decl",
      "check-operator",
      "check-module",
      "check-separator",
      "check-type",
      "check-typecast"
    ]
  }
}
